Post Title,Sq ft,Bedroom,Bathroom,Balcony,Parking,Lift,Rent Floor,Total Number of Floor,Price,Service Charge,Build Year,Area,Extra Aminities, Generator,Property Type,Interior,Building Regiration Type,Road In Front of House,Gas,Servant Room,Facing,Tiles,Drawing Room,Dinning Room
ikaNA 2b,3500,3,4,2,1,1,2,7,170000,10000,2005,Baridhara Diplomatic Zone,NA,NA,Furnished apartment,Furnished,Residential,24,LPG,YES,WEST,YES,YES,YES
MARZUQ,2450,3,3,3,1,2,4,9,170000,10000,2023,Baridhara Diplomatic Zone,NA,NA,Furnished apartment,Furnished,Residential,24,LPG,YES,WEST,YES,YES,YES
Civil Parisa,4150,4,4,3,2,2,4,9,400000,25000,2024,Baridhara Diplomatic Zone,NA,NA,Furnished apartment,Furnished,Residential,24,LPG,YES,EAST,YES,YES,YES
"Sanmar ManzaNA A2 , A6",3500,3,4,3,2,2,"2,6",9,230000,20000,2012,Baridhara Diplomatic Zone,NA,NA,Furnished apartment,Furnished,Residential,24, GOVT,YES,NORTH,YES,YES,YES
Bti e Supreme A6,2000,3,4,3,1,1,6,7,200000,15000,2015,Baridhara Diplomatic Zone,NA,NA,Furnished apartment,Furnished,Residential,24,GOVT,YES,WEST,YES,YES,YES
Ventura OriaNA,3200,4,4,2,1,1,6,7,250000,15000,2012,Baridhara Diplomatic Zone,NA,NA,Furnished apartment,Furnished,Residential,24,GOVT,YES,WEST,YES,YES,YES
Suvau ShahNAwaz A6 A7,3800,3,4,2,2,2,"6,7",10,350000,20000,2025,Baridhara Diplomatic Zone,NA,NA,Furnished apartment,Furnished,Residential,24,LPG,YES,SOUTH,YES,YES,YES
Ventura Rebecca A5,3600,4,4,3,2,2,5,9,300000,25000,2012,Baridhara Diplomatic Zone,NA,NA,Furnished apartment,Furnished,Residential,24,GOVT,YES,EAST,YES,YES,YES
Urvee,3400,4,4,3,2,2,7,11,215000,15000,2018,Baridhara Diplomatic Zone,NA,NA,Furnished apartment,Furnished,Residential,24,LPG,YES,SOUTH,YES,YES,YES
mamata,2800,3,3,2,2,1,2,7,220000,15000,2010,Baridhara Diplomatic Zone,NA,NA,Furnished apartment,Furnished,Residential,24,GOVT,YES,WEST,YES,YES,YES
NAvaNA ruby caella ,3700,4,4,3,2,2,10,12,420000,24000,2019,Baridhara Diplomatic Zone,NA,NA,Furnished apartment,Furnished,Residential,24,LPG,YES,WEST,YES,YES,YES
NAvaNA syed caselda 10a,4000,3,4,3,2,2,10,11,400000,2000,2017,Baridhara Diplomatic Zone,NA,NA,Furnished apartment,Furnished,Residential,24,LPG,YES,SOUTH,YES,YES,YES
EHL Moriyum Residence 8A,4000,3,4,3,2,2,8,14,500000,45000,2017,Baridhara Diplomatic Zone,NA,NA,Furnished apartment,Furnished,Residential,24,LPG,YES,NORTH,YES,YES,YES
NAvaNA rubyb A33,3800,4,5,4,2,2,3,11,260000,26000,2018,Baridhara Diplomatic Zone,NA,NA,Residential appartment, Un- Furnished,Residential,24,GOVT,YES,WEST,YES,YES,YES
FarNAz Monteceillo By NAVANA,3550,4,5,4,2,2,10,11,320000,15000,2023,Baridhara Diplomatic Zone,NA,NA,Residential appartment,Un -Furnished,Residential,24,LPG,YES,WEST,YES,YES,YES
aadin,3200,4,4,3,2,2,"1,3",9,330000,20000,2024,Baridhara Diplomatic Zone,NA,NA,Residential appartment,Un -Furnished,Residential,24,LPG,YES,SOUTH,YES,YES,YES
apan emerald a4,3600,4,5,3,2,2,4,10,380000,20000,2024,Baridhara Diplomatic Zone,NA,NA,Residential appartment,Semi Furnished,Residential,24,LPG,YES,NORTH,YES,YES,YES
SOUTH Breeze A2,3000,4,4,2,2,1,2,6,260000,20000,2010,Baridhara Diplomatic Zone,NA,NA,Residential appartment,Semi Furnished,Residential,24,GOVT,YES,EAST,YES,YES,YES
green NAneehamid,2000,3,3,2,1,1,1,6,100000,0,2005,Baridhara Diplomatic Zone,NA,NA,Residential appartment,Un -Furnished,Residential,24,GOVT,YES,WEST,YES,YES,YES
conco tribhubon,2500,3,3,2,1,1,4,9,230000,25000,2023,Baridhara Diplomatic Zone,NA,NA,Residential appartment,Un -Furnished,Residential,24,LPG,YES,NORTH,YES,YES,YES
sanmar ManzaNA A2 ,3500,3,4,2,2,2,2,10,210000,20000,2010,Baridhara Diplomatic Zone,NA,NA,Residential appartment,Semi Furnished,Residential,24,GOVT,YES,NORTH,YES,YES,YES
apan riya,4200,4,4,3,2,2,4,10,220000,0,2010,Baridhara Diplomatic Zone,NA,NA,Residential appartment,Un -Furnished,Residential,24,GOVT,YES,WEST,YES,YES,YES
apan shurji sharoi,4000,4,4,3,2,2,6,7,360000,0,2022,Baridhara Diplomatic Zone,NA,NA,Residential appartment,Un -Furnished,Residential,24,LPG,YES,NORTH,YES,YES,YES
ABC Sareng Bari,3900,4,4,3,2,2,"8,9",10,350000,0,2024,Baridhara Diplomatic Zone,NA,NA,Residential appartment,Un -Furnished,Residential,24,LPG,YES,EAST,YES,YES,YES
Shanta La Bijau,4600,3,4,3,1,2,8,9,400000,45000,2021,Baridhara Diplomatic Zone,NA,NA,Residential appartment,Furnished,Residential,24,LPG,YES,SOUTH,YES,YES,YES
Nur Rosalia,4000,4,5,3,2,2,6,7,300000,20000,2012,Baridhara Diplomatic Zone,NA,NA,Residential appartment,Un -Furnished,Residential,24,GOVT,YES,WEST,YES,YES,YES
Bay Chayaneer,3000,4,4,,2,2,"2,3,6,7",9,450000,0,2025,Baridhara Diplomatic Zone,"GYM, Swmming Pool",NA,Residential appartment,Un -Furnished,Residential,24,LPG,YES,WEST,YES,YES,YES
"Apan Shurjo Sharoi 3A, 4A",4000,4,4,3,2,2,"3,4",5,550000,40000,2023,Baridhara Diplomatic Zone,ac,NA,Residential appartment,Un -Furnished,Residential,24,LPG,YES,NORTH,YES,YES,YES
Rangs Hai Legacy 10B,2450,3,4,3,1,2,10,13,400000,45000,2012,Baridhara Diplomatic Zone,NA,NA,Residential appartment,Un -Furnished,Residential,24,GOVT,YES,NORTH,YES,YES,YES
Rangs Hai Legacy ,2200,3,3,3,1,1,8,11,180000,8000,2017,Baridhara Diplomatic Zone,NA,NA,Residential appartment,Un -Furnished,Residential,16,LPG,YES,SOUTH,YES,YES,YES
"Basic Feous 2A, 4A",3000,4,5,3,1,1,"2,4",6,280000,0,2016,Baridhara Diplomatic Zone,NA,NA,Residential appartment,Semi Furnished,Residential,24,GOVT,YES,EAST,YES,YES,YES
SOUTH Breeze SOUTH gaen A5,3500,4,4,3,2,2,5,10,260000,25000,2018,Baridhara Diplomatic Zone,NA,NA,Residential appartment,Un -Furnished,Residential,24,LPG,YES,WEST,YES,YES,YES
basic Feous G+1 Duplex,4500,5,5,3,2,1,"0,1",6,380000,0,2016,Baridhara Diplomatic Zone,NA,NA,Residential appartment,Semi Furnished,Residential,24,GOVT,YES,EAST,YES,YES,YES
NAvaNA ruby caella 4A,3800,4,5,4,2,2,4,11,350000,26000,2018,Baridhara Diplomatic Zone,"GYM, Swmming Pool",NA,luxury appartment,Un -Furnished,Residential,24,LPG,YES,WEST,YES,YES,YES
NAvaNA Ruby Caella,3700,4,4,3,2,2,10,12,420000,24000,2019,Baridhara Diplomatic Zone,"GYM, Swmming Pool, bed wi table",NA,luxury appartment,Furnished,Residential,24,LPG,YES,WEST,YES,YES,YES
EHL Moriyum Residence 10A,4000,3,4,3,2,2,10,13,500000,0,2017,Baridhara Diplomatic Zone,"AC,GYM,Swimming Pool",NA,luxury appartment,Semi Furnished,Residential,24,LPG,YES,NORTH,YES,YES,YES
L.K Laurel ,4000,4,4,3,2,2,6,10,450000,30000,2024,Baridhara Diplomatic Zone,NA,NA,luxury appartment,Un -Furnished,Residential,24,LPG,YES,WEST,YES,YES,YES
NAvaNA Khodeja Pinewood A4,3600,4,5,4,2,2,4,12,400000,30000,2024,Baridhara Diplomatic Zone,Swimming Pool,NA,luxury appartment,Un -Furnished,Residential,24,LPG,YES,WEST,YES,YES,YES
NAvaNA Khodeja Pinewood ,3600,4,5,4,2,2,11,12,500000,30000,2024,Baridhara Diplomatic Zone,Swimming Pool,NA,luxury appartment,Furnished,Residential,24,LPG,YES,WEST,YES,YES,YES
Civilian,4000,4,5,4,2,2,4,9,400000,30000,2024,Baridhara Diplomatic Zone,Swimming Pool,NA,luxury appartment,Un -Furnished,Residential,24,LPG,YES,NORTH,YES,YES,YES
"Alamin Tonmoy(Duplex, Bra New)",7000,7,7,6,5,2,"8,9",10,550000,50000,2024,Baridhara Diplomatic Zone,NA,NA,luxury appartment,Un -Furnished,Residential,24,LPG,YES,NORTH,YES,YES,YES
Labaid NAor Jahan (7 a 8 DX),6000,4,5,4,3,2,"7,8",9,550000,25000,2014,Baridhara Diplomatic Zone,NA,NA,luxury appartment,Furnished,Residential,24,LPG,YES,NORTH,YES,YES,YES
NAvaNA Hazle Wood 4A,3700,4,4,3,2,2,4,9,350000,25000,2023,Baridhara Diplomatic Zone,Swimming Pool,NA,luxury appartment,Un -Furnished,Residential,24,LPG,YES,NORTH,YES,YES,YES
EHL Moriyum Residence,4000,3,4,3,2,2,8,11,500000,45000,2015,Baridhara Diplomatic Zone,"GYM, Swimming Pool",NA,luxury appartment,Furnished,Residential,24,LPG,YES,SOUTH,YES,YES,YES
Apan Shurjo Sharoi ,4000,4,4,4,2,2,6,10,550000,30000,2023,Baridhara Diplomatic Zone,Swimming Pool,NA,luxury appartment,Furnished,Residential,24,LPG,YES,NORTH,YES,YES,YES
NAvaNA Hazle Wood 2A,3700,4,4,3,2,2,2,9,350000,15000,2023,Baridhara Diplomatic Zone,Swimming Pool,NA,luxury appartment,Un -Furnished,Residential,24,LPG,YES,NORTH,YES,YES,YES
NAvaNA FarNAz Monteceillo 3A,3550,4,5,4,2,2,3,11,300000,15000,2023,Baridhara Diplomatic Zone,NA,NA,luxury appartment,Un -Furnished,Residential,16,LPG,YES,SOUTH,YES,YES,YES
Akash Atrai 5A,4900,4,5,3,2,2,5,11,550000,25000,2023,Baridhara Diplomatic Zone,Swimming Pool,NA,luxury appartment,Un -Furnished,Residential,16,LPG,YES,SOUTH,YES,YES,YES
NAvaNA Ventura OriaNA 2A,4300,4,4,3,2,2,2,11,300000,21000,2017,Baridhara Diplomatic Zone,Swimming Pool,NA,luxury appartment,Furnished,Residential,16,LPG,YES,SOUTH,YES,YES,YES
BTI wi FloWESTr 3A,3500,4,4,4,2,2,3,11,350000,25000,2022,Baridhara Diplomatic Zone,Swimming Pool,NA,luxury appartment,Un -Furnished,Residential,24,LPG,YES,SOUTH,YES,YES,YES
summer,3500,4,4,3,2,2,6,11,260000,18000,2020,Baridhara Diplomatic Zone,NA,NA,Furnished apartment,Furnished,Residential,16,LPG,YES,SOUTH,YES,YES,YES
charulata,2600,3,3,3,1,1,4,6,190000,12000,2018,Baridhara Diplomatic Zone,NA,NA,Furnished apartment,Furnished,Residential,24,LPG,YES,NORTH,YES,YES,YES
yasmi Alian,3900,4,4,3,2,2,3,11,260000,20000,2017,Baridhara Diplomatic Zone,NA,NA,Furnished apartment,Furnished,Residential,16,LPG,YES,NORTH,YES,YES,YES
Priyo Prangon,2900,4,4,3,2,2,4,8,250000,15000,2012,Baridhara Diplomatic Zone,NA,NA,Furnished apartment,Furnished,Residential,24,LPG,YES,SOUTH,YES,YES,YES
BTI wi FloWESTr ,3500,4,4,3,2,2,3,11,350000,25000,2022,Baridhara Diplomatic Zone,NA,NA,Furnished apartment,Furnished,Residential,16,LPG,YES,SOUTH,YES,YES,YES
Assurance Marzuk House,2200,3,3,3,1,2,6,9,180000,8000,2021,Baridhara Diplomatic Zone,NA,NA,Furnished apartment,Furnished,Residential,16,LPG,YES,WEST,YES,YES,YES
Masuk ToWESTr,3000,3,3,3,1,2,4,11,280000,21000,2020,Baridhara Diplomatic Zone,NA,NA,Furnished apartment,Furnished,Residential,16,LPG,YES,NORTH,YES,YES,YES
NAvaNA,4300,4,4,3,2,2,2,11,280000,21000,2015,Baridhara Diplomatic Zone,NA,NA,Furnished apartment,Furnished,Residential,16,LPG,YES,SOUTH,YES,YES,YES
 Labaid Nur Jahan,2370,3,3,2,2,2,6,11,210000,12000,2015,Baridhara Diplomatic Zone,NA,NA,Furnished apartment,Furnished,Residential,16,LPG,YES,NORTH,YES,YES,YES
Asset Primera 5A,2200,3,3,3,1,1,5,13,140000,10000,2018,Baridhara Diplomatic Zone,NA,NA,Furnished apartment,Furnished,Residential,16,LPG,YES,NORTH,YES,YES,YES
Yasmi Aliyan 3A,3900,4,4,3,1,2,3,11,250000,20000,2015,Baridhara Diplomatic Zone,NA,NA,Furnished apartment,Furnished,Residential,24,LPG,YES,NORTH,YES,YES,YES
Ventura OriaNA C3,4300,4,4,3,2,2,3,11,260000,21000,2010,Baridhara Diplomatic Zone,GYM,NA,Furnished apartment,Furnished,Residential,16,LPG,YES,SOUTH,YES,YES,YES
Maliha Green 4A,2300,3,3,2,1,1,4,11,150000,12000,2020,Baridhara Diplomatic Zone,NA,NA,Furnished apartment,Furnished,Residential,16,LPG,YES,EAST,YES,YES,YES
Rangs Hai Legacy,2200,3,3,2,1,1,2,13,160000,8000,2019,Baridhara Diplomatic Zone,NA,NA,Furnished apartment,Furnished,Residential,16,LPG,YES,SOUTH,YES,YES,YES
Shanta La Bijau 8A,4000,3,3,3,2,2,8,9,450000,37000,2023,Baridhara Diplomatic Zone,GYM,NA,Furnished apartment,Furnished,Residential,16,LPG,YES,NORTH,YES,YES,YES
Assurance Marzuk House 6B,2200,3,3,3,1,2,6,11,180000,8000,2021,Baridhara Diplomatic Zone,NA,NA,Furnished apartment,Furnished,Residential,16,LPG,YES,NORTH,YES,YES,YES
Apan Shurjo Sharoi,4000,4,4,4,1,2,6,10,550000,30000,2023,Baridhara Diplomatic Zone,Swimming Pool,NA,Furnished apartment,Furnished,Residential,24,LPG,YES,NORTH,YES,YES,YES
EHL Moriyum Residence,4000,3,4,3,2,2,8,11,500000,45000,2015,Baridhara Diplomatic Zone,"GYM, Swimming Pool",NA,Furnished apartment,Furnished,Residential,24,LPG,YES,SOUTH,YES,YES,YES
DL Salam Rosevalley,1500,3,3,2,1,1,1,7,150000,10000,2015,Baridhara Diplomatic Zone,NA,NA,Furnished apartment,Furnished,Residential,24,LPG,YES,NORTH,YES,YES,YES
DL Nur Rosalia 4E,3600,4,5,3,3,2,4,9,240000,20000,2015,Baridhara Diplomatic Zone,NA,NA,Furnished apartment,Furnished,Residential,24,LPG,YES,NORTH,YES,YES,YES
impetus Centre,3012,Open Space,Open Space,Open Space,3,3,7,10,451800,60240,2018,Baridhara Diplomatic Zone,Fire alarm,YES,	Office Space,Furnished,Commercial,60,NA,NA,NORTH,YES,Open Space,Open Space
InNORTH M a S House 8A,4200,Open Space,Open Space,Open Space,2,2,8,13,630000,0,2024,Baridhara Diplomatic Zone,Fire alarm,YES,	Office Space,Un -Furnished,Commercial,50,NA,NA,NORTH,YES,Open Space,Open Space
Shanta WESTern ToWESTr,5900,Open Space,Open Space,Open Space,3,6,9,23,944000,88500,2018,Baridhara Diplomatic Zone,Fire alarm,YES,	Office Space,Furnished,Commercial,60,LPG,NA,NORTH,YES,Open Space,Open Space
prasad trEASTd centre,7500,Open Space,Open Space,Open Space,3,4,14,20,900000,75000,2010,Baridhara Diplomatic Zone,Fire alarm,YES,	Office Space,Un -Furnished,Commercial,60,NA,YES,NORTH,YES,Open Space,Open Space
Sejad Palace,5500,Open Space,Open Space,Open Space,2,2,"4,5",11,715000,55000,2010,Baridhara Diplomatic Zone,Fire alarm,YES,	Office Space,Un -Furnished,Commercial,60,NA,NA,EAST WEST,YES,Open Space,Open Space
conco colosseum,2780,Open Space,Open Space,Open Space,1,2,5,13,330000,26500,2015,Baridhara Diplomatic Zone,Fire alarm,YES,	Office Space,Un -Furnished,Commercial,60,LPG, YES,NORTH,YES,Open Space,Open Space
Shanta PinNAcle,14560,Open Space,Open Space,Open Space,8,7,"11,31,32",41,2620800,0,2025,Baridhara Diplomatic Zone,Fire alarm,YES,	Office Space,Un -Furnished,Commercial,60,NA,NA,NORTH SOUTH,NA,Open Space,Open Space
Conco MB ToWESTr,3625,Open Space,Open Space,Open Space,1,2,10,17,616250,"54,375",2024,Baridhara Diplomatic Zone,Fire alarm,YES,	Office Space,Un -Furnished,Commercial,50,NA,NA,SOUTH,YES,Open Space,Open Space
Rangs Cente,7973,Open Space,Open Space,Open Space,2,3,"4,3,2",9,797300,"63,784",2023,Baridhara Diplomatic Zone,Fire alarm,YES,	Office Space,Un -Furnished,Commercial,50,NA,NA,SOUTH,NA,Open Space,Open Space
Sheltech NORTHtgern ar,2295,Open Space,Open Space,Open Space,1,2,"5,6",10,320000,30000,2024,Baridhara Diplomatic Zone,Fire alarm,YES,	Office Space,Un -Furnished,Commercial,40,NA,NA,SOUTH,YES,Open Space,Open Space
FiNAnce Square 17 a 18 floor,3700,Open Space,Open Space,Open Space,2,2,"17,18",23,925000,74000,2020,Baridhara Diplomatic Zone,Fire alarm,YES,	Office Space,Un -Furnished,Commercial,30,NA,NA,SOUTH,NA,Open Space,Open Space
Bra New Commercial Space,3100,Open Space,Open Space,Open Space,1,2,"5,4,3",10,372000,31000,2025,Baridhara Diplomatic Zone,Fire alarm,YES,	Office Space,Un -Furnished,Commercial,30,NA,NA,WEST,NA,Open Space,Open Space
Suvau Muskan ToWESTr,3995,Open Space,Open Space,Open Space,1,3,8,23,479400,59925,2024,Baridhara Diplomatic Zone,Fire alarm,YES,	Office Space,Un -Furnished,Commercial,50,NA,NA,EAST,YES,Open Space,Open Space
Commercial cove,3500,Open Space,Open Space,Open Space,1,2,7,10,385000,0,2010,Baridhara Diplomatic Zone,Fire alarm,YES,	Office Space,Un -Furnished,Commercial,30,NA,NA,WEST,YES,Open Space,Open Space
Autograph ToWESTr 17 Floor,11500,Open Space,Open Space,Open Space,2,5,17,21,2070000,172500,2014,Baridhara Diplomatic Zone,Fire alarm,YES,	Office Space,Un -Furnished,Commercial,60,NA,NA,SOUTH,NA,Open Space,Open Space
Suvau HeNA Skyline,7500,Open Space,Open Space,Open Space,3,7,25,37,1125000,0,2025,Baridhara Diplomatic Zone,Fire alarm,YES,	Office Space,Un -Furnished,Commercial,60,NA,NA,EAST,YES,Open Space,Open Space
Suvau Rahman Galleria,3017,Open Space,Open Space,Open Space,1,2,"5,9",11,452550,0,2023,Baridhara Diplomatic Zone,Fire alarm,YES,	Office Space,Un -Furnished,Commercial,50,NA,NA,EAST,YES,Open Space,Open Space
artisan 2 floor,3282,Open Space,Open Space,Open Space,2,2,2,11,426660,49230,2015,Baridhara Diplomatic Zone,Fire alarm,YES,	Office Space,Un -Furnished,Commercial,50,NA,NA,SOUTH,NA,Open Space,Open Space
iividual house,10000,Open Space,Open Space,Open Space,6,NA,"0 ,2",3,900000,0,2010,Baridhara Diplomatic Zone,Fire alarm,YES,	Office Space,Un -Furnished,Commercial,24, LPG,NA,WEST,YES,Open Space,Open Space
conco silvy toWESTr,6500,Open Space,Open Space,Open Space,2,2,8,13,1300000,0,2017,Baridhara Diplomatic Zone,Fire alarm,YES,	Office Space,Un -Furnished,Commercial,50,NA,NA,EAST,NA,Open Space,Open Space
AWR U TOWESTR,2200,Open Space,Open Space,Open Space,1,3,2,20,374000,33000,2024,Baridhara Diplomatic Zone,Fire alarm,YES,	Office Space,Un -Furnished,Commercial,50,NA,NA,SOUTH,YES,Open Space,Open Space
Shanta Forum,11000,Open Space,Open Space,Open Space,4,4,13,24,1760000,187000,2022,Baridhara Diplomatic Zone,Fire alarm,YES,	Office Space,Un -Furnished,Commercial,60,NA,NA,SOUTH,NA,Open Space,Open Space
Alauddin ToWESTr,4000,Open Space,Open Space,Open Space,2,2,4,11,480000,40000,2010,Baridhara Diplomatic Zone,Fire alarm,YES,	Office Space,Un -Furnished,Commercial,24,NA,NA,EAST,NA,Open Space,Open Space
Conco IK ToWESTr,5200,Open Space,Open Space,Open Space,2,3,0,13,1560000,52000,2018,Baridhara Diplomatic Zone,Fire alarm,YES,	Office Space,Un -Furnished,Commercial,50,NA,NA,SOUTH,NA,Open Space,Open Space
Silver ToWESTr,5800,Open Space,Open Space,Open Space,2,3,8,18,638000,58000,2018,Baridhara Diplomatic Zone,Fire alarm,YES,	Office Space,Un -Furnished,Commercial,50,NA,NA,NORTH,YES,Open Space,Open Space
InNORTH Intercontinental,12000,Open Space,Open Space,Open Space,5,6,22,31,1800000,0,2024,Baridhara Diplomatic Zone,Fire alarm,YES,	Office Space,Un -Furnished,Commercial,50,NA,NA,WEST,YES,Open Space,Open Space
NiNA Kabbo,15200,Open Space,Open Space,Open Space,7,3,3,16,1976000,456000,2020,Baridhara Diplomatic Zone,Fire alarm,YES,	Office Space,Un -Furnished,Commercial,50,NA,NA,SOUTH,NA,Open Space,Open Space
Conco Niharika,1957,Open Space,Open Space,Open Space,1,2,6,14,306125,29640,2023,Baridhara Diplomatic Zone,Fire alarm,YES,	Office Space,Un -Furnished,Commercial,50,NA,NA,NORTH,YES,Open Space,Open Space
Rangs Z Square,3700,Open Space,Open Space,Open Space,1,2,14,20,740000,55500,2024,Baridhara Diplomatic Zone,Fire alarm,YES,	Office Space,Un -Furnished,Commercial,50,NA,NA,EAST,NA,Open Space,Open Space
NAvaNA Trillium,3900,Open Space,Open Space,Open Space,2,2,9,15,585000,58500,2024,Baridhara Diplomatic Zone,Fire alarm,YES,	Office Space,Un -Furnished,Commercial,50,NA,NA,NORTH,YES,Open Space,Open Space
ANAbil ToWESTr,6692,Open Space,Open Space,Open Space,1,5,16,20,1204560,133840,2019,Baridhara Diplomatic Zone,Fire alarm,YES,	Office Space,Un -Furnished,Commercial,50,NA,NA,SOUTH,YES,Open Space,Open Space
Caerisis ToWESTr,3300,Open Space,Open Space,Open Space,2,2,"5,12",14,429000,33000,2023,Baridhara Diplomatic Zone,Fire alarm,YES,	Office Space,Un -Furnished,Commercial,40,NA,NA,EAST,NA,Open Space,Open Space
Reliance ToWESTr,6500,Open Space,Open Space,Open Space,2,4,8,14,845000,65000,2024,Baridhara Diplomatic Zone,Fire alarm,YES,	Office Space,Un -Furnished,Commercial,50,NA,NA,SOUTH,YES,Open Space,Open Space
Conco Baksh ToWEST,3800,Open Space,Open Space,Open Space,2,2,1,18,950000,57000,2023,Baridhara Diplomatic Zone,Fire alarm,YES,	Office Space,Un -Furnished,Commercial,50,NA,NA,NORTH,YES,Open Space,Open Space
Bay Delvia,9000,Open Space,Open Space,Open Space,5,2,7,19,1440000,45000,2012,Baridhara Diplomatic Zone,Fire alarm,YES,	Office Space,Un -Furnished,Commercial,50,NA,NA,NORTH,YES,Open Space,Open Space
Momen Bari Heights,526,Open Space,Open Space,Open Space,NA,2,0,16,280000,5260,2023,Baridhara Diplomatic Zone,Fire alarm,YES,	Office Space,Un -Furnished,Commercial,24,NA,NA,EAST,YES,Open Space,Open Space
MMK Akash Avenue ,3372,Open Space,Open Space,Open Space,1,2,8,18,539520,50580,2023,Baridhara Diplomatic Zone,Fire alarm,YES,	Office Space,Un -Furnished,Commercial,50,NA,NA,SOUTH,YES,Open Space,Open Space
Conco Richmo,7500,Open Space,Open Space,Open Space,3,2,7,9,825000,75000,2010,Baridhara Diplomatic Zone,Fire alarm,YES,	Office Space,Un -Furnished,Commercial,50,NA,NA,EAST,YES,Open Space,Open Space
NAbil House,2780,Open Space,Open Space,Open Space,1,2,7,11,639400,27800,2023,Baridhara Diplomatic Zone,Fire alarm,YES,	Office Space,Furnished,Commercial,30,NA,NA,NORTH,YES,Open Space,Open Space
CDL Molla Capital Centre,4400,Open Space,Open Space,Open Space,2,2,7,8,528000,79200,2012,Baridhara Diplomatic Zone,Fire alarm,YES,	Office Space,Un -Furnished,Commercial,50,NA,NA,EAST,YES,Open Space,Open Space
Autograph ToWESTr 10A,11500,Open Space,Open Space,Open Space,4,5,10,20,2300000,172500,2019,Baridhara Diplomatic Zone,Fire alarm,YES,	Office Space,Un -Furnished,Commercial,50,NA,NA,NORTH,NA,Open Space,Open Space
Nur Empori,6000,Open Space,Open Space,Open Space,3,2,6,13,720000,60000,2017,Baridhara Diplomatic Zone,Fire alarm,YES,	Office Space,Un -Furnished,Commercial,50,NA,NA,SOUTH,YES,Open Space,Open Space
Sheltech Ayaan,2905,Open Space,Open Space,Open Space,1,2,6,13,348600,43575,2022,Baridhara Diplomatic Zone,Fire alarm,YES,	Office Space,Un -Furnished,Commercial,50,NA,NA,NORTH,YES,Open Space,Open Space
Uday ToWESTr,12000,Open Space,Open Space,Open Space,5,4,17,21,1560000,120000,2010,Baridhara Diplomatic Zone,Fire alarm,YES,	Office Space,Un -Furnished,Commercial,50,NA,NA,EAST,YES,Open Space,Open Space
impetus Centre,4000,Open Space,Open Space,Open Space,2,3,7,13,440000,80000,2017,Baridhara Diplomatic Zone,Fire alarm,YES,	Office Space, Furnished,Commercial,50,NA,NA,NORTH,YES,Open Space,Open Space
jolchobi toWESTr,2914,Open Space,Open Space,Open Space,1,2,2,15,874200,29140,2016,Baridhara Diplomatic Zone,Fire alarm,YES,	Office Space, Furnished,Commercial,50,NA,NA,SOUTH,YES,Open Space,Open Space
conco niharika toWESTr,3950,Open Space,Open Space,Open Space,2,2,6,15,671500,59250,2022,Baridhara Diplomatic Zone,Fire alarm,YES,	Office Space,Un -Furnished,Commercial,50,NA,NA,NORTH,YES,Open Space,Open Space
genetic baro bhuiyan,6400,Open Space,Open Space,Open Space,2,3,14,15,1280000,64000,2010,Baridhara Diplomatic Zone,Fire alarm,YES,	Office Space,Un -Furnished,Commercial,50,NA,NA,NORTH,NA,Open Space,Open Space
Taj   merriot,5800,Open Space,Open Space,Open Space,2,1,4,7,696000,58000,2009,Baridhara Diplomatic Zone,Fire alarm,YES,	Office Space,Un -Furnished,Commercial,50,NA,NA,EAST,YES,Open Space,Open Space
SOUTH Breeze Centre 5 floor,3512,Open Space,Open Space,Open Space,1,3,5,13,456560,47000,2018,Baridhara Diplomatic Zone,Fire alarm,YES,	Office Space,Un -Furnished,Commercial,50,NA,NA,SOUTH,YES,Open Space,Open Space
InNORTH M a S House,4300,Open Space,Open Space,Open Space,2,2,5,14,645000,107500,2024,Baridhara Diplomatic Zone,Fire alarm,YES,	Office Space,Un -Furnished,Commercial,50,NA,NA,SOUTH,NA,Open Space,Open Space
Alison ToWESTr,2500,Open Space,Open Space,Open Space,1,2,10,15,350000,30000,2024,Baridhara Diplomatic Zone,Fire alarm,YES,	Office Space,Un -Furnished,Commercial,50,NA,NA,SOUTH,YES,Open Space,Open Space
EASTern oversEASTs,1000,Open Space,Open Space,Open Space,NA,2,7,11,140000,10000,2005,Baridhara Diplomatic Zone,Fire alarm,YES,	Office Space, Furnished,Commercial,24,NA,NA,SOUTH,YES,Open Space,Open Space
Conco MB ToWESTr,3625,Open Space,Open Space,Open Space,1,2,11,17,616250,54375,2024,Baridhara Diplomatic Zone,Fire alarm,YES,	Office Space,Un -Furnished,Commercial,50,NA,NA,SOUTH,YES,Open Space,Open Space
Prasad trEASTd centre,3700,Open Space,Open Space,Open Space,1,3,4,16,444000,37000,2008,Baridhara Diplomatic Zone,Fire alarm,YES,	Office Space,Un -Furnished,Commercial,50,NA,NA,NORTH,YES,Open Space,Open Space
Symphony toWESTr 5a,3961,Open Space,Open Space,Open Space,2,3,5,8,396100,39610,2007,Baridhara Diplomatic Zone,Fire alarm,YES,	Office Space,Un -Furnished,Commercial,50,NA,YES,SOUTH,YES,Open Space,Open Space
ANZ Haque Eleven Square 9A,3900,Open Space,Open Space,Open Space,2,2,9,13,546000,39000,2016,Baridhara Diplomatic Zone,Fire alarm,YES,	Office Space,Un -Furnished,Commercial,50,NA,NA,NORTH,YES,Open Space,Open Space
SMC ToWESTr,6129,Open Space,Open Space,Open Space,2,3,8,9,796770,0,2012,Baridhara Diplomatic Zone,Fire alarm,YES,	Office Space,Un -Furnished,Commercial,24,NA,NA,NORTH,YES,Open Space,Open Space
erectors house,4500,Open Space,Open Space,Open Space,NA,2,7,23,450000,22500,2005,Baridhara Diplomatic Zone,Fire alarm,YES,	Office Space,Un -Furnished,Commercial,50,NA,NA,NORTH,YES,Open Space,Open Space
Conco IK ToWESTr,5200,Open Space,Open Space,Open Space,2,3,0,13,1560000,52000,2018,Baridhara Diplomatic Zone,Fire alarm,YES,	Office Space,Un -Furnished,Commercial,50,NA,NA,SOUTH,NA,Open Space,Open Space
Simpletree Attalika,8300,Open Space,Open Space,Open Space,3,4,13,21,1660000,166000,2023,Baridhara Diplomatic Zone,Fire alarm,YES,	Office Space,Un -Furnished,Commercial,50,NA,NA,NORTH,NA,Open Space,Open Space
jabbar toWESTr,5700,Open Space,Open Space,Open Space,2,2,18,23,684000,45600,2006,Baridhara Diplomatic Zone,Fire alarm,YES,	Office Space, Furnished,Commercial,50,NA,NA,EAST,YES,Open Space,Open Space
bay galleria 5A,5000,Open Space,Open Space,Open Space,2,2,5,9,1000000,90000,2008,Baridhara Diplomatic Zone,Fire alarm,YES,	Office Space,Un -Furnished,Commercial,50,NA,NA,EAST,YES,Open Space,Open Space
lanka bangla fiNAnce square 9A,9368,Open Space,Open Space,Open Space,5,5,9,12,1498880,193360,2023,Baridhara Diplomatic Zone,Fire alarm,YES,	Office Space,Un -Furnished,Commercial,40,NA,NA,SOUTH,NA,Open Space,Open Space
Sheltech NORTHern ar 1A,2600,Open Space,Open Space,Open Space,1,2,1,11,910000,39000,2023,Baridhara Diplomatic Zone,Fire alarm,YES,	Office Space,Un -Furnished,Commercial,50,NA,NA,SOUTH,YES,Open Space,Open Space
BTI Lamark 5A,3413,Open Space,Open Space,Open Space,2,5,5,13,648470,68280,2019,Baridhara Diplomatic Zone,Fire alarm,YES,	Office Space,Un -Furnished,Commercial,50,NA,NA,WEST,YES,Open Space,Open Space
Conco Modhumoti ToWESTr,3350,Open Space,Open Space,Open Space,1,2,10,13,485750,33500,2012,Baridhara Diplomatic Zone,Fire alarm,YES,	Office Space,Un -Furnished,Commercial,50,NA,NA,NORTH,YES,Open Space,Open Space
NAfi toWESTr,6000,Open Space,Open Space,Open Space,2,3,16,20,840000,60000,2008,Baridhara Diplomatic Zone,Fire alarm,YES,	Office Space,Un -Furnished,Commercial,50,NA,NA,EAST,YES,Open Space,Open Space
Amin mohammad green meher toWESTr,5200,Open Space,Open Space,Open Space,2,2,10,13,8580000,78000,2023,Baridhara Diplomatic Zone,Fire alarm,YES,	Office Space,Un -Furnished,Commercial,50,NA,NA,WEST,YES,Open Space,Open Space
suvau muskan ToWESTr 13A,4000,Open Space,Open Space,Open Space,1,3,13,22,560000,60000,2023,Baridhara Diplomatic Zone,Fire alarm,YES,	Office Space,Un -Furnished,Commercial,50,NA,NA,EAST,YES,Open Space,Open Space
priine pavilion 13A,6995,Open Space,Open Space,Open Space,3,4,13,16,1189150,125910,2019,Baridhara Diplomatic Zone,Fire alarm,YES,	Office Space,Un -Furnished,Commercial,50,NA,NA,WEST,YES,Open Space,Open Space
ventura angibeeNA,2100,Open Space,Open Space,Open Space,1,2,9,10,283500,28000,2022,Baridhara Diplomatic Zone,Fire alarm,YES,	Office Space,Un -Furnished,Commercial,40,NA,NA,WEST,YES,Open Space,Open Space
rashid toWESTr,6120,Open Space,Open Space,Open Space,1,2,11,17,734400,61200,2001,Baridhara Diplomatic Zone,Fire alarm,YES,	Office Space,Un -Furnished,Commercial,50,NA,NA,NORTH,YES,Open Space,Open Space
johora assure square,3955,Open Space,Open Space,Open Space,1,1,2,13,791000,39550,2012,Baridhara Diplomatic Zone,Fire alarm,YES,	Office Space,Un -Furnished,Commercial,50,NA,NA,NORTH,YES,Open Space,Open Space
venture avenue 4A,4000,Open Space,Open Space,Open Space,2,2,4,8,600000,72000,2010,Baridhara Diplomatic Zone,Fire alarm,YES,	Office Space,Un -Furnished,Commercial,60,NA,NA,EAST,YES,Open Space,Open Space
nilufar heights,4630,Open Space,Open Space,Open Space,3,4,3,16,763950,115750,2017,Baridhara Diplomatic Zone,Fire alarm,YES,	Office Space,Un -Furnished,Commercial,60,NA,NA,SOUTH,NA,Open Space,Open Space
fiNAnce square 18A,3950,Open Space,Open Space,Open Space,2,2,18,20,987500,98750,2017,Baridhara Diplomatic Zone,Fire alarm,YES,	Office Space,Un -Furnished,Commercial,30,NA,NA,SOUTH,NA,Open Space,Open Space
assurance NAzir toWESTr,5900,Open Space,Open Space,Open Space,2,2,1,9,944000,118000,2012,Baridhara Diplomatic Zone,Fire alarm,YES,	Office Space, Furnished,Commercial,50,NA,NA,SOUTH,YES,Open Space,Open Space
RM CENTRE,6700,Open Space,Open Space,Open Space,2,2,5,7,871000,67000,2000,Baridhara Diplomatic Zone,Fire alarm,YES,	Office Space,Un -Furnished,Commercial,50,NA,NA,WEST,YES,Open Space,Open Space
MMK Aakash Avenue 13A,3372,Open Space,Open Space,Open Space,1,2,13,18,573240,50580,2022,Baridhara Diplomatic Zone,Fire alarm,YES,	Office Space,Un -Furnished,Commercial,50,NA,NA,NORTH,YES,Open Space,Open Space
ventura avenue,4000,Open Space,Open Space,Open Space,2,2,3,6,660000,72000,2010,Baridhara Diplomatic Zone,Fire alarm,YES,	Office Space,Un -Furnished,Commercial,50,NA,NA,EAST,YES,Open Space,Open Space
suvau imam square,7000,Open Space,Open Space,Open Space,2,1,8,9,910000,70000,2018,Baridhara Diplomatic Zone,"Bed, Bed side table, Cabinets, udy table , chair, Almira, Sofa, Smart TV , TV trolley, Dining table , chairs, Iron, Clo dryer hanger, Refrigerator, Microwave Oven, Washing machine, Shoe rack, Cookeries items.",YES,	Office Space,Furnished,Commercial,50,NA,NA,NORTH,YES,Open Space,Open Space
taher mension,4000,Open Space,Open Space,Open Space,NA,1,5,8,440000,40000,2000,Baridhara Diplomatic Zone,"Bed, Bed side table, Cabinets, udy table , chair, Almira, Sofa, Smart TV , TV trolley, Dining table , chairs, Iron, Clo dryer hanger, Refrigerator, Microwave Oven, Washing machine, Shoe rack, Cookeries items.",YES,	Office Space,Un -Furnished,Commercial,50,NA,NA,NORTH,YES,Open Space,Open Space
laila toWESTr 7A,3000,Open Space,Open Space,Open Space,1,3,7,14,600000,60000,2012,Baridhara Diplomatic Zone,"Bed, Bed side table, Cabinets, udy table , chair, Almira, Sofa, Smart TV , TV trolley, Dining table , chairs, Iron, Clo dryer hanger, Refrigerator, Microwave Oven, Washing machine, Shoe rack, Cookeries items.",YES,	Office Space,Un -Furnished,Commercial,50,NA,NA,NORTH,YES,Open Space,Open Space
khaokar toWESTr 10A,14000,Open Space,Open Space,Open Space,2,3,10,15,2240000,210000,2018,Baridhara Diplomatic Zone,"Bed, Bed side table, Cabinets, udy table , chair, Almira, Sofa, Smart TV , TV trolley, Dining table , chairs, Iron, Clo dryer hanger, Refrigerator, Microwave Oven, Washing machine, Shoe rack, Cookeries items.",YES,	Office Space,Un -Furnished,Commercial,50,NA,NA,EAST,NA,Open Space,Open Space
MCC CDL 4a,8200,Open Space,Open Space,Open Space,4,3,4,8,1312000,147600,2010,Baridhara Diplomatic Zone,"Bed, Bed side table, Cabinets, udy table , chair, Almira, Sofa, Smart TV , TV trolley, Dining table , chairs, Iron, Clo dryer hanger, Refrigerator, Microwave Oven, Washing machine, Shoe rack, Cookeries items.",YES,	Office Space,Un -Furnished,Commercial,50,NA,NA,WEST,YES,Open Space,Open Space
FiNAnce Square,3950,Open Space,Open Space,Open Space,2,2,16,20,987500,98750,2017,Baridhara Diplomatic Zone,"Bed, Bed side table, Cabinets, udy table , chair, Almira, Sofa, Smart TV , TV trolley, Dining table , chairs, Iron, Clo dryer hanger, Refrigerator, Microwave Oven, Washing machine, Shoe rack, Cookeries items.",YES,	Office Space,Un -Furnished,Commercial,30,NA,NA,SOUTH,YES,Open Space,Open Space
Point Eleven A11,2365,Open Space,Open Space,Open Space,1,2,11,15,210000,10000,2010,Baridhara Diplomatic Zone,"Bed, Bed side table, Cabinets, udy table , chair, Almira, Sofa, Smart TV , TV trolley, Dining table , chairs, Iron, Clo dryer hanger, Refrigerator, Microwave Oven, Washing machine, Shoe rack, Cookeries items.",YES,	Office Space,Un -Furnished,Commercial,50,NA,NA,NORTH,YES,Open Space,Open Space
suvau jahaNORTHa square 6a,2188,Open Space,Open Space,Open Space,1,1,6,11,284440,21880,2015,Baridhara Diplomatic Zone,"Bed, Bed side table, Cabinets, udy table , chair, Almira, Sofa, Smart TV , TV trolley, Dining table , chairs, Iron, Clo dryer hanger, Refrigerator, Microwave Oven, Washing machine, Shoe rack, Cookeries items.",YES,	Office Space,Un -Furnished,Commercial,50,NA,NA,NORTH,YES,Open Space,Open Space
ahsan toWESTr,3460,Open Space,Open Space,Open Space,NA,1,2,7,220000,34600,2001,Baridhara Diplomatic Zone,"Bed, Bed side table, Cabinets, udy table , chair, Almira, Sofa, Smart TV , TV trolley, Dining table , chairs, Iron, Clo dryer hanger, Refrigerator, Microwave Oven, Washing machine, Shoe rack, Cookeries items.",YES,	Office Space,Un -Furnished,Commercial,30,NA,NA,NORTH,NA,Open Space,Open Space
makbul cuve invenger,2400,Open Space,Open Space,Open Space,1,2,8,15,210000,20000,2017,Baridhara Diplomatic Zone,"Bed, Bed side table, Cabinets, udy table , chair, Almira, Sofa, Smart TV , TV trolley, Dining table , chairs, Iron, Clo dryer hanger, Refrigerator, Microwave Oven, Washing machine, Shoe rack, Cookeries items.",YES,	Office Space,Un -Furnished,Commercial,30,NA,NA,NORTH,YES,Open Space,Open Space
prasad trEASTd centre 9a,3700,Open Space,Open Space,Open Space,1,4,9,15,518000,25000,2008,Baridhara Diplomatic Zone,"Bed, Bed side table, Cabinets, udy table , chair, Almira, Sofa, Smart TV , TV trolley, Dining table , chairs, Iron, Clo dryer hanger, Refrigerator, Microwave Oven, Washing machine, Shoe rack, Cookeries items.",YES,	Office Space, Furnished,Commercial,50,NA,NA,NORTH,YES,Open Space,Open Space
Baro Bhuiyan 11A,3200,Open Space,Open Space,Open Space,1,2,11,15,448000,32000,2010,Baridhara Diplomatic Zone,"Bed, Bed side table, Cabinets, udy table , chair, Almira, Sofa, Smart TV , TV trolley, Dining table , chairs, Iron, Clo dryer hanger, Refrigerator, Microwave Oven, Washing machine, Shoe rack, Cookeries items.",YES,	Office Space,Un -Furnished,Commercial,50,NA,NA,NORTH,YES,Open Space,Open Space
simpletree litehouse,5600,Open Space,Open Space,Open Space,2,3,5,14,1064000,140000,2016,Baridhara Diplomatic Zone,"Bed, Bed side table, Cabinets, udy table , chair, Almira, Sofa, Smart TV , TV trolley, Dining table , chairs, Iron, Clo dryer hanger, Refrigerator, Microwave Oven, Washing machine, Shoe rack, Cookeries items.",YES,	Office Space,Un -Furnished,Commercial,50,NA,NA,SOUTH,NA,Open Space,Open Space
Sher ToWESTr,3500,Open Space,Open Space,Open Space,1,2,7,15,280000,35000,2005,Baridhara Diplomatic Zone,"Bed, Bed side table, Cabinets, udy table , chair, Almira, Sofa, Smart TV , TV trolley, Dining table , chairs, Iron, Clo dryer hanger, Refrigerator, Microwave Oven, Washing machine, Shoe rack, Cookeries items.",YES,	Office Space,Un -Furnished,Commercial,30,NA,NA,NORTH,YES,Open Space,Open Space
Rangs Paramount,3865,Open Space,Open Space,Open Space,1,2,2,15,483125,42515,2002,Baridhara Diplomatic Zone,"Bed, Bed side table, Cabinets, udy table , chair, Almira, Sofa, Smart TV , TV trolley, Dining table , chairs, Iron, Clo dryer hanger, Refrigerator, Microwave Oven, Washing machine, Shoe rack, Cookeries items.",YES,	Office Space,Un -Furnished,Commercial,30,NA,NA,NORTH,YES,Open Space,Open Space
nur empori 7A,6000,Open Space,Open Space,Open Space,3,2,7,11,720000,0,2017,Baridhara Diplomatic Zone,"Bed, Bed side table, Cabinets, udy table , chair, Almira, Sofa, Smart TV , TV trolley, Dining table , chairs, Iron, Clo dryer hanger, Refrigerator, Microwave Oven, Washing machine, Shoe rack, Cookeries items.",YES,	Office Space,Un -Furnished,Commercial,50,NA,NA,SOUTH,NA,Open Space,Open Space
bay bellavia,950,Open Space,Open Space,Open Space,1,2,8,10,152000,9500,2015,Baridhara Diplomatic Zone,"Bed, Bed side table, Cabinets, udy table , chair, Almira, Sofa, Smart TV , TV trolley, Dining table , chairs, Iron, Clo dryer hanger, Refrigerator, Microwave Oven, Washing machine, Shoe rack, Cookeries items.",YES,	Office Space,Un -Furnished,Commercial,50,NA,NA,SOUTH,YES,Open Space,Open Space
circle aztec obaid gra palace,4000,Open Space,Open Space,Open Space,26,2,"0, 12",13,6400000,60000,2023,Baridhara Diplomatic Zone,"Bed, Bed side table, Cabinets, udy table , chair, Almira, Sofa, Smart TV , TV trolley, Dining table , chairs, Iron, Clo dryer hanger, Refrigerator, Microwave Oven, Washing machine, Shoe rack, Cookeries items.",YES,	Office Space,Un -Furnished,Commercial,50,NA,NA,SOUTH,YES,Open Space,Open Space
sheltech NORTHern ar 6A,2595,Open Space,Open Space,Open Space,1,2,6,11,389250,38925,2022,Baridhara Diplomatic Zone,"Bed, Bed side table, Cabinets, udy table , chair, Almira, Sofa, Smart TV , TV trolley, Dining table , chairs, Iron, Clo dryer hanger, Refrigerator, Microwave Oven, Washing machine, Shoe rack, Cookeries items.",YES,	Office Space,Un -Furnished,Commercial,50,NA,NA,SOUTH,NA,Open Space,Open Space
abidin toWESTr,3800,Open Space,Open Space,Open Space,1,2,4,16,494000,38000,2015,Baridhara Diplomatic Zone,"Bed, Bed side table, Cabinets, udy table , chair, Almira, Sofa, Smart TV , TV trolley, Dining table , chairs, Iron, Clo dryer hanger, Refrigerator, Microwave Oven, Washing machine, Shoe rack, Cookeries items.",YES,	Office Space,Un -Furnished,Commercial,50,NA,NA,NORTH,NA,Open Space,Open Space
hosNA centre,2084,Open Space,Open Space,Open Space,2,2,5,7,281340,14588,2017,Baridhara Diplomatic Zone,"Bed, Bed side table, Cabinets, udy table , chair, Almira, Sofa, Smart TV , TV trolley, Dining table , chairs, Iron, Clo dryer hanger, Refrigerator, Microwave Oven, Washing machine, Shoe rack, Cookeries items.",YES,	Office Space,Un -Furnished,Commercial,50,NA,NA,NORTH,NA,Open Space,Open Space
jahed toWESTr,9500,Open Space,Open Space,Open Space,NA,3,9,16,950000,95000,2010,Baridhara Diplomatic Zone,"Bed, Bed side table, Cabinets, udy table , chair, Almira, Sofa, Smart TV , TV trolley, Dining table , chairs, Iron, Clo dryer hanger, Refrigerator, Microwave Oven, Washing machine, Shoe rack, Cookeries items.",YES,	Office Space,Un -Furnished,Commercial,50,NA,NA,WEST,NA,Open Space,Open Space
gulsancentre point,14000,Open Space,Open Space,Open Space,11,6,19,12,2590000,350000,2021,Baridhara Diplomatic Zone," GYM ,Swimming Pool",YES,	Office Space,Un -Furnished,Commercial,24,NA,NA,NORTH,YES,Open Space,Open Space
ar centre,2300,Open Space,Open Space,Open Space,1,1,5,6,230000,20000,2000,Baridhara Diplomatic Zone,"Bed, Bed side table, Cabinets, udy table , chair, Almira, Sofa, Smart TV , TV trolley, Dining table , chairs, Iron, Clo dryer hanger, Refrigerator, Microwave Oven, Washing machine, Shoe rack, Cookeries items.",YES,	Office Space,Un -Furnished,Commercial,50,NA,NA,WEST,NA,Open Space,Open Space
aziz 0p 1A,1600,Open Space,Open Space,Open Space,NA,1,1,6,192000,16000,2021,Baridhara Diplomatic Zone,"Bed, Bed side table, Cabinets, udy table , chair, Almira, Sofa, Smart TV , TV trolley, Dining table , chairs, Iron, Clo dryer hanger, Refrigerator, Microwave Oven, Washing machine, Shoe rack, Cookeries items.",YES,	Office Space,Furnished,Commercial,50,NA,NA,SOUTH,YES,Open Space,Open Space
belvia,9000,Open Space,Open Space,Open Space,4,2,6,7,1440000,90000,2010,Baridhara Diplomatic Zone,"Bed, Bed side table, Cabinets, udy table , chair, Almira, Sofa, Smart TV , TV trolley, Dining table , chairs, Iron, Clo dryer hanger, Refrigerator, Microwave Oven, Washing machine, Shoe rack, Cookeries items.",YES,	Office Space,Un -Furnished,Commercial,50,NA,NA,EAST,YES,Open Space,Open Space
rsr toWESTr 13a,2950,Open Space,Open Space,Open Space,1,2,13,14,354000,29500,2010,Baridhara Diplomatic Zone,"Bed, Bed side table, Cabinets, udy table , chair, Almira, Sofa, Smart TV , TV trolley, Dining table , chairs, Iron, Clo dryer hanger, Refrigerator, Microwave Oven, Washing machine, Shoe rack, Cookeries items.",YES,	Office Space,Un -Furnished,Commercial,50,NA,NA,NORTH,YES,Open Space,Open Space
ventura iconia,2200,Open Space,Open Space,Open Space,1,2,6,11,264000,40000,2006,Baridhara Diplomatic Zone,"Bed, Bed side table, Cabinets, udy table , chair, Almira, Sofa, Smart TV , TV trolley, Dining table , chairs, Iron, Clo dryer hanger, Refrigerator, Microwave Oven, Washing machine, Shoe rack, Cookeries items.",YES,	Office Space,Un -Furnished,Commercial,50,NA,NA,NORTH,YES,Open Space,Open Space
cryal palace 12a,5600,Open Space,Open Space,Open Space,2,3,12,14,840000,84000,2019,Baridhara Diplomatic Zone,"Bed, Bed side table, Cabinets, udy table , chair, Almira, Sofa, Smart TV , TV trolley, Dining table , chairs, Iron, Clo dryer hanger, Refrigerator, Microwave Oven, Washing machine, Shoe rack, Cookeries items.",YES,	Office Space,Un -Furnished,Commercial,50,NA,NA,SOUTH,YES,Open Space,Open Space
amanullah trade centre,3700,Open Space,Open Space,Open Space,2,2,9,16,555000,37000,2022,Baridhara Diplomatic Zone,"Bed, Bed side table, Cabinets, udy table , chair, Almira, Sofa, Smart TV , TV trolley, Dining table , chairs, Iron, Clo dryer hanger, Refrigerator, Microwave Oven, Washing machine, Shoe rack, Cookeries items.",YES,	Office Space,Un -Furnished,Commercial,50,NA,NA,WEST,YES,Open Space,Open Space
mmk aakash Avenue ,3373,Open Space,Open Space,Open Space,1,2,13,18,539680,50595,2022,Baridhara Diplomatic Zone,"Bed, Bed side table, Cabinets, udy table , chair, Almira, Sofa, Smart TV , TV trolley, Dining table , chairs, Iron, Clo dryer hanger, Refrigerator, Microwave Oven, Washing machine, Shoe rack, Cookeries items.",YES,	Office Space,Un -Furnished,Commercial,50,NA,NA,NORTH,YES,Open Space,Open Space
lotus kamal toWESTr,6067,Open Space,Open Space,Open Space,2,3,13,14,849380,0,2018,Baridhara Diplomatic Zone,"Bed, Bed side table, Cabinets, udy table , chair, Almira, Sofa, Smart TV , TV trolley, Dining table , chairs, Iron, Clo dryer hanger, Refrigerator, Microwave Oven, Washing machine, Shoe rack, Cookeries items.",YES,	Office Space,Un -Furnished,Commercial,50,NA,NA,NORTH,NA,Open Space,Open Space
rahman galleria 9A,2965,Open Space,Open Space,Open Space,1,2,9,11,415100,29650,2022,Baridhara Diplomatic Zone,"Bed, Bed side table, Cabinets, udy table , chair, Almira, Sofa, Smart TV , TV trolley, Dining table , chairs, Iron, Clo dryer hanger, Refrigerator, Microwave Oven, Washing machine, Shoe rack, Cookeries items.",YES,	Office Space,Un -Furnished,Commercial,50,NA,NA,NORTH,YES,Open Space,Open Space
Simpletree aNORTHkoli,4088,Open Space,Open Space,Open Space,2,3,0,14,2125760,81760,2017,Baridhara Diplomatic Zone,"Bed, Bed side table, Cabinets, udy table , chair, Almira, Sofa, Smart TV , TV trolley, Dining table , chairs, Iron, Clo dryer hanger, Refrigerator, Microwave Oven, Washing machine, Shoe rack, Cookeries items.",YES,	Office Space,Un -Furnished,Commercial,50,NA,NA,NORTH,YES,Open Space,Open Space
EHL Lokman Hossain ToWESTr 10A,5059,Open Space,Open Space,Open Space,3,3,10,19,910620,86003,2018,Baridhara Diplomatic Zone,"Bed, Bed side table, Cabinets, udy table , chair, Almira, Sofa, Smart TV , TV trolley, Dining table , chairs, Iron, Clo dryer hanger, Refrigerator, Microwave Oven, Washing machine, Shoe rack, Cookeries items.",YES,	Office Space,Un -Furnished,Commercial,50,NA,NA,NORTH,YES,Open Space,Open Space
Ahmed ToWESTr,1710,Open Space,Open Space,Open Space,1,3,15,24,153900,0,2010,Baridhara Diplomatic Zone,"Bed, Bed side table, Cabinets, udy table , chair, Almira, Sofa, Smart TV , TV trolley, Dining table , chairs, Iron, Clo dryer hanger, Refrigerator, Microwave Oven, Washing machine, Shoe rack, Cookeries items.",YES,	Office Space,Un -Furnished,Commercial,50,NA,NA,NORTH,YES,Open Space,Open Space
skylark,2000,Open Space,Open Space,Open Space,1,2,9,11,220000,20000,2010,Baridhara Diplomatic Zone,"Bed, Bed side table, Cabinets, udy table , chair, Almira, Sofa, Smart TV , TV trolley, Dining table , chairs, Iron, Clo dryer hanger, Refrigerator, Microwave Oven, Washing machine, Shoe rack, Cookeries items.",YES,	Office Space,Un -Furnished,Commercial,50,NA,NA,NORTH,YES,Open Space,Open Space
sheltech ayaan 3A,1452,Open Space,Open Space,Open Space,1,2,3,15,261360,21780,2021,Baridhara Diplomatic Zone,"Bed, Bed side table, Cabinets, udy table , chair, Almira, Sofa, Smart TV , TV trolley, Dining table , chairs, Iron, Clo dryer hanger, Refrigerator, Microwave Oven, Washing machine, Shoe rack, Cookeries items.",YES,	Office Space,Un -Furnished,Commercial,50,NA,NA,SOUTH,YES,Open Space,Open Space
ANZ Haque Eleven Square ,2000,Open Space,Open Space,Open Space,1,2,11,15,260000,30000,2010,Baridhara Diplomatic Zone,"Bed, Bed side table, Cabinets, udy table , chair, Almira, Sofa, Smart TV , TV trolley, Dining table , chairs, Iron, Clo dryer hanger, Refrigerator, Microwave Oven, Washing machine, Shoe rack, Cookeries items.",YES,	Office Space,Un -Furnished,Commercial,50,NA,NA,SOUTH,YES,Open Space,Open Space
artisan ,3285,Open Space,Open Space,Open Space,1,2,4,13,295650,49275,2017,Baridhara Diplomatic Zone,"Bed, Bed side table, Cabinets, udy table , chair, Almira, Sofa, Smart TV , TV trolley, Dining table , chairs, Iron, Clo dryer hanger, Refrigerator, Microwave Oven, Washing machine, Shoe rack, Cookeries items.",YES,	Office Space,Un -Furnished,Commercial,50,NA,NA,NORTH,YES,Open Space,Open Space
Delta Dahlia ToWESTr,5500,Open Space,Open Space,Open Space,NA,2,1,16,1375000,15000,2000,Baridhara Diplomatic Zone,"Bed, Bed side table, Cabinets, udy table , chair, Almira, Sofa, Smart TV , TV trolley, Dining table , chairs, Iron, Clo dryer hanger, Refrigerator, Microwave Oven, Washing machine, Shoe rack, Cookeries items.",YES,	Office Space,Un -Furnished,Commercial,50,NA,NA,NORTH,YES,Open Space,Open Space
Green Graer,4300,Open Space,Open Space,Open Space,2,2,8,14,516000,51600,2015,Baridhara Diplomatic Zone,"Bed, Bed side table, Cabinets, udy table , chair, Almira, Sofa, Smart TV , TV trolley, Dining table , chairs, Iron, Clo dryer hanger, Refrigerator, Microwave Oven, Washing machine, Shoe rack, Cookeries items.",YES,	Office Space,Un -Furnished,Commercial,50,NA,NA,NORTH,YES,Open Space,Open Space
ToWESTr Hamlet,2200,Open Space,Open Space,Open Space,1,2,8,13,198000,15400,2008,Baridhara Diplomatic Zone,"Bed, Bed side table, Cabinets, udy table , chair, Almira, Sofa, Smart TV , TV trolley, Dining table , chairs, Iron, Clo dryer hanger, Refrigerator, Microwave Oven, Washing machine, Shoe rack, Cookeries items.",YES,	Office Space,Un -Furnished,Commercial,50,NA,NA,NORTH,YES,Open Space,Open Space
Shanta Sofura ToWESTr,2215,Open Space,Open Space, NA,1,2,1,17,287950,22150,2019,Baridhara Diplomatic Zone,"Bed, Bed side table, Cabinets, udy table , chair, Almira, Sofa, Smart TV , TV trolley, Dining table , chairs, Iron, Clo dryer hanger, Refrigerator, Microwave Oven, Washing machine, Shoe rack, Cookeries items.",YES,	Office Space, Furnished,Commercial,50,NA,NA,NORTH,YES,Open Space,Open Space
Edison Prime 8A,3455,Open Space,Open Space,Open Space,1,3,8,10,449150,31095,2023,Baridhara Diplomatic Zone,"Bed, Bed side table, Cabinets, udy table , chair, Almira, Sofa, Smart TV , TV trolley, Dining table , chairs, Iron, Clo dryer hanger, Refrigerator, Microwave Oven, Washing machine, Shoe rack, Cookeries items.",YES,	Office Space,Un -Furnished,Commercial,50,NA,NA,NORTH,YES,Open Space,Open Space
Hamid ToWESTr,3600,Open Space,Open Space,Open Space,NA,2,5,15,550000,43200,2006,Baridhara Diplomatic Zone,"Bed, Bed side table, Cabinets, udy table , chair, Almira, Sofa, Smart TV , TV trolley, Dining table , chairs, Iron, Clo dryer hanger, Refrigerator, Microwave Oven, Washing machine, Shoe rack, Cookeries items.",YES,	Office Space,Un -Furnished,Commercial,50,NA,NA,EAST,YES,Open Space,Open Space
suvaa muskan toWESTr,1174,Open Space,Open Space,Open Space,1,3,0,24,704400,17610,2022,Baridhara Diplomatic Zone,"Bed, Bed side table, Cabinets, udy table , chair, Almira, Sofa, Smart TV , TV trolley, Dining table , chairs, Iron, Clo dryer hanger, Refrigerator, Microwave Oven, Washing machine, Shoe rack, Cookeries items.",YES,	Office Space,Un -Furnished,Commercial,50,NA,NA,EAST,YES,Open Space,Open Space
SOUTH Breeze Centre ,2716,Open Space,Open Space,Open Space,1,2,1,9,624680,25000,2000,Baridhara Diplomatic Zone,"Bed, Bed side table, Cabinets, udy table , chair, Almira, Sofa, Smart TV , TV trolley, Dining table , chairs, Iron, Clo dryer hanger, Refrigerator, Microwave Oven, Washing machine, Shoe rack, Cookeries items.",YES,	Office Space,Un -Furnished,Commercial,50,NA,NA,NORTH,YES,Open Space,Open Space
Sheltech NORTHern ar 9A,2595,Open Space,Open Space,Open Space,1,2,9,10,441150,38925,2022,Baridhara Diplomatic Zone,"Bed, Bed side table, Cabinets, udy table , chair, Almira, Sofa, Smart TV , TV trolley, Dining table , chairs, Iron, Clo dryer hanger, Refrigerator, Microwave Oven, Washing machine, Shoe rack, Cookeries items.",YES,	Office Space,Un -Furnished,Commercial,50,NA,NA,SOUTH,YES,Open Space,Open Space
Shanta Forum,11000,Open Space,Open Space,Open Space,4,4,13,23,1760000,187000,2022,Baridhara Diplomatic Zone,"Bed, Bed side table, Cabinets, udy table , chair, Almira, Sofa, Smart TV , TV trolley, Dining table , chairs, Iron, Clo dryer hanger, Refrigerator, Microwave Oven, Washing machine, Shoe rack, Cookeries items.",YES,	Office Space,Un -Furnished,Commercial,60,NA,NA,SOUTH,YES,Open Space,Open Space
Edison Prime(0 Floor),2145,Open Space,Open Space,Open Space,1,3,0,10,536250,19305,2023,Baridhara Diplomatic Zone,"Bed, Bed side table, Cabinets, udy table , chair, Almira, Sofa, Smart TV , TV trolley, Dining table , chairs, Iron, Clo dryer hanger, Refrigerator, Microwave Oven, Washing machine, Shoe rack, Cookeries items.",YES,	Office Space,Un -Furnished,Commercial,50,NA,NA,NORTH,YES,Open Space,Open Space
Rangs FC Square,5671,Open Space,Open Space,Open Space,3,3,6,16,1077490,102078,2017,Baridhara Diplomatic Zone,"Bed, Bed side table, Cabinets, udy table , chair, Almira, Sofa, Smart TV , TV trolley, Dining table , chairs, Iron, Clo dryer hanger, Refrigerator, Microwave Oven, Washing machine, Shoe rack, Cookeries items.",YES,	Office Space,Un -Furnished,Commercial,50,NA,NA,EAST,YES,Open Space,Open Space
amanullah trade centre,3700,Open Space,Open Space,Open Space,2,2,9,16,555000,37000,2022,Baridhara Diplomatic Zone,"Bed, Bed side table, Cabinets, udy table , chair, Almira, Sofa, Smart TV , TV trolley, Dining table , chairs, Iron, Clo dryer hanger, Refrigerator, Microwave Oven, Washing machine, Shoe rack, Cookeries items.",YES,	Office Space,Un -Furnished,Commercial,50,NA,NA,WEST,YES,Open Space,Open Space
Cryal palace ,5600,Open Space,Open Space,Open Space,2,3,12,15,840000,84000,2020,Baridhara Diplomatic Zone,"Bed, Bed side table, Cabinets, udy table , chair, Almira, Sofa, Smart TV , TV trolley, Dining table , chairs, Iron, Clo dryer hanger, Refrigerator, Microwave Oven, Washing machine, Shoe rack, Cookeries items.",YES,	Office Space,Un -Furnished,Commercial,50,NA,NA,WEST,YES,Open Space,Open Space
giasuddin toWESTr,6000,Open Space,Open Space,Open Space,1,2,6,10,600000,60000,2022,Baridhara Diplomatic Zone,"Bed, Bed side table, Cabinets, udy table , chair, Almira, Sofa, Smart TV , TV trolley, Dining table , chairs, Iron, Clo dryer hanger, Refrigerator, Microwave Oven, Washing machine, Shoe rack, Cookeries items.",YES,	Office Space,Un -Furnished,Commercial,50,NA,NA,SOUTH,YES,Open Space,Open Space
laila toWESTr ,3000,Open Space,Open Space,Open Space,1,3,7,14,600000,60000,2013,Baridhara Diplomatic Zone,"Bed, Bed side table, Cabinets, udy table , chair, Almira, Sofa, Smart TV , TV trolley, Dining table , chairs, Iron, Clo dryer hanger, Refrigerator, Microwave Oven, Washing machine, Shoe rack, Cookeries items.",YES,	Office Space,Un -Furnished,Commercial,50,NA,NA,WEST,YES,Open Space,Open Space
Aziz 0p ,7500,Open Space,Open Space,Open Space,2,1,3,6,1125000,75000,2021,Baridhara Diplomatic Zone,"Bed, Bed side table, Cabinets, udy table , chair, Almira, Sofa, Smart TV , TV trolley, Dining table , chairs, Iron, Clo dryer hanger, Refrigerator, Microwave Oven, Washing machine, Shoe rack, Cookeries items.",YES,	Office Space,Un -Furnished,Commercial,50,NA,NA,SOUTH,YES,Open Space,Open Space
Haque ToWESTr,3500,Open Space,Open Space,Open Space,1,1,5,11,245000,17500,2003,Baridhara Diplomatic Zone,"Bed, Bed side table, Cabinets, udy table , chair, Almira, Sofa, Smart TV , TV trolley, Dining table , chairs, Iron, Clo dryer hanger, Refrigerator, Microwave Oven, Washing machine, Shoe rack, Cookeries items.",YES,	Office Space,Un -Furnished,Commercial,50,NA,NA,NORTH,YES,Open Space,Open Space
NAsrin ToWESTr,20000,Open Space,Open Space,Open Space,9,4,7,12,2000000,200000,2003,Baridhara Diplomatic Zone,"Bed, Bed side table, Cabinets, udy table , chair, Almira, Sofa, Smart TV , TV trolley, Dining table , chairs, Iron, Clo dryer hanger, Refrigerator, Microwave Oven, Washing machine, Shoe rack, Cookeries items.",YES,	Office Space,Un -Furnished,Commercial,50,NA,NA,EAST,YES,Open Space,Open Space
NAvaNA osman link,4100,Open Space,Open Space,Open Space,2,2,3,10,410000,32800,2012,Baridhara Diplomatic Zone,"Bed, Bed side table, Cabinets, udy table , chair, Almira, Sofa, Smart TV , TV trolley, Dining table , chairs, Iron, Clo dryer hanger, Refrigerator, Microwave Oven, Washing machine, Shoe rack, Cookeries items.",YES,	Office Space,Un -Furnished,Commercial,50,NA,NA,SOUTH,YES,Open Space,Open Space
Rahmans Regnum,8500,Open Space,Open Space,Open Space,6,3,6,35,1062500,85000,2022,Baridhara Diplomatic Zone,"Bed, Bed side table, Cabinets, udy table , chair, Almira, Sofa, Smart TV , TV trolley, Dining table , chairs, Iron, Clo dryer hanger, Refrigerator, Microwave Oven, Washing machine, Shoe rack, Cookeries items.",YES,	Office Space,Un -Furnished,Commercial,50,NA,NA,EAST,YES,Open Space,Open Space
Rangs Babilonia,5000,Open Space,Open Space,Open Space,2,4,2,12,800000,75000,2010,Baridhara Diplomatic Zone,"Bed, Bed side table, Cabinets, udy table , chair, Almira, Sofa, Smart TV , TV trolley, Dining table , chairs, Iron, Clo dryer hanger, Refrigerator, Microwave Oven, Washing machine, Shoe rack, Cookeries items.",YES,	Office Space,Un -Furnished,Commercial,50,NA,NA,SOUTH,YES,Open Space,Open Space
SeNA Kalyan,7000,Open Space,Open Space,Open Space,2,2,8,11,700000,70000,2016,Baridhara Diplomatic Zone,"Bed, Bed side table, Cabinets, udy table , chair, Almira, Sofa, Smart TV , TV trolley, Dining table , chairs, Iron, Clo dryer hanger, Refrigerator, Microwave Oven, Washing machine, Shoe rack, Cookeries items.",YES,	Office Space,Un -Furnished,Commercial,60,NA,NA,SOUTH,YES,Open Space,Open Space
Prasad Trade Center,7400,Open Space,3,Open Space,2,4,7,16,1110000,60000,2012,Baridhara Diplomatic Zone,"Bed, Bed side table, Cabinets, udy table , chair, Almira, Sofa, Smart TV , TV trolley, Dining table , chairs, Iron, Clo dryer hanger, Refrigerator, Microwave Oven, Washing machine, Shoe rack, Cookeries items.",YES,	Office Space,Furnished,Commercial,50,NA,NA,SOUTH,YES,Open Space,Open Space
EHL Lokman Hossain ToWESTr,5059,Open Space,Open Space,Open Space,3,3,9,13,910620,101180,2013,Baridhara Diplomatic Zone,"Bed, Bed side table, Cabinets, udy table , chair, Almira, Sofa, Smart TV , TV trolley, Dining table , chairs, Iron, Clo dryer hanger, Refrigerator, Microwave Oven, Washing machine, Shoe rack, Cookeries items.",NA,	Office Space,Un -Furnished,Commercial,50,NA,NA,SOUTH,YES,Open Space,Open Space
ANZ Haque Eleven Square,2000,Open Space,Open Space,Open Space,1,2,11,14,260000,30000,2010,Baridhara Diplomatic Zone,"Bed, Bed side table, Cabinets, udy table , chair, Almira, Sofa, Smart TV , TV trolley, Dining table , chairs, Iron, Clo dryer hanger, Refrigerator, Microwave Oven, Washing machine, Shoe rack, Cookeries items.",NA,	Office Space,Un -Furnished,Commercial,50,NA,NA,SOUTH,YES,Open Space,Open Space
Point 11,2367,Open Space,Open Space,Open Space,1,2,11,15,260000,23670,2010,Baridhara Diplomatic Zone,"Bed, Bed side table, Cabinets, udy table , chair, Almira, Sofa, Smart TV , TV trolley, Dining table , chairs, Iron, Clo dryer hanger, Refrigerator, Microwave Oven, Washing machine, Shoe rack, Cookeries items.",NA,	Office Space,Un -Furnished,Commercial,50,NA,NA,NORTH,YES,Open Space,Open Space
Sheltech Ayan,2905,Open Space,Open Space,Open Space,1,2,4,15,522900,43575,2022,Baridhara Diplomatic Zone,"Bed, Bed side table, Cabinets, udy table , chair, Almira, Sofa, Smart TV , TV trolley, Dining table , chairs, Iron, Clo dryer hanger, Refrigerator, Microwave Oven, Washing machine, Shoe rack, Cookeries items.",NA,	Office Space,Un -Furnished,Commercial,50,NA,NA,NORTH,YES,Open Space,Open Space
Nur Empori,6000,Open Space,Open Space,Open Space,3,2,6,13,720000,60000,2017,Baridhara Diplomatic Zone,"Bed, Bed side table, Cabinets, udy table , chair, Almira, Sofa, Smart TV , TV trolley, Dining table , chairs, Iron, Clo dryer hanger, Refrigerator, Microwave Oven, Washing machine, Shoe rack, Cookeries items.", NA,	Office Space,Un -Furnished,Commercial,50,NA,NA,SOUTH,YES,Open Space,Open Space
Sheltech NORTHern ar,2595,Open Space,Open Space,Open Space,1,2,9,11,467100,38925,2022,Baridhara Diplomatic Zone,"Bed, Bed side table, Cabinets, udy table , chair, Almira, Sofa, Smart TV , TV trolley, Dining table , chairs, Iron, Clo dryer hanger, Refrigerator, Microwave Oven, Washing machine, Shoe rack, Cookeries items.", NA,	Office Space,Un -Furnished,Commercial,50,NA,NA,NORTH,YES,Open Space,Open Space
Suvau JahaNORTHa square ,2188,Open Space,Open Space,Open Space,1,1,5,11,306320,21880,2017,Baridhara Diplomatic Zone,"Bed, Bed side table, Cabinets, udy table , chair, Almira, Sofa, Smart TV , TV trolley, Dining table , chairs, Iron, Clo dryer hanger, Refrigerator, Microwave Oven, Washing machine, Shoe rack, Cookeries items.",NA,	Office Space,Un -Furnished,Commercial,50,NA,NA,NORTH,YES,Open Space,Open Space
Baro Bhuiyan ,3200,Open Space,Open Space,Open Space,1,2,11,15,480000,32000,2012,Baridhara Diplomatic Zone,"Bed, Bed side table, Cabinets, udy table , chair, Almira, Sofa, Smart TV , TV trolley, Dining table , chairs, Iron, Clo dryer hanger, Refrigerator, Microwave Oven, Washing machine, Shoe rack, Cookeries items.", NA,	Office Space,Un -Furnished,Commercial,50,NA,NA,NORTH,YES,Open Space,Open Space
Autograph,9000,Open Space,Open Space,Open Space,2,5,17,20,1620000,135000,2017,Baridhara Diplomatic Zone,"Bed, Bed side table, Cabinets, udy table , chair, Almira, Sofa, Smart TV , TV trolley, Dining table , chairs, Iron, Clo dryer hanger, Refrigerator, Microwave Oven, Washing machine, Shoe rack, Cookeries items.",NA,	Office Space,Un -Furnished,Commercial,50,NA,NA,SOUTH,NA,Open Space,Open Space
Shezad Palace,5500,Open Space,Open Space,Open Space,2,2,7,11,660000,55000,2015,Baridhara Diplomatic Zone,"Bed, Bed side table, Cabinets, udy table , chair, Almira, Sofa, Smart TV , TV trolley, Dining table , chairs, Iron, Clo dryer hanger, Refrigerator, Microwave Oven, Washing machine, Shoe rack, Cookeries items.", NA,	Office Space,Un -Furnished,Commercial,50,NA,NA,WEST,YES,Open Space,Open Space
Priine pavilion A5,2500,Open Space,Open Space,Open Space,2,4,5,16,412500,45000,2020,Baridhara Diplomatic Zone,"Bed, Bed side table, Cabinets, udy table , chair, Almira, Sofa, Smart TV , TV trolley, Dining table , chairs, Iron, Clo dryer hanger, Refrigerator, Microwave Oven, Washing machine, Shoe rack, Cookeries items.", NA,	Office Space,Un -Furnished,Commercial,50,NA,NA,WEST,YES,Open Space,Open Space
Khaokar toWESTr ,14000,Open Space,Open Space,Open Space,5,3,10,15,2380000,252000,2018,Baridhara Diplomatic Zone,"Bed, Bed side table, Cabinets, udy table , chair, Almira, Sofa, Smart TV , TV trolley, Dining table , chairs, Iron, Clo dryer hanger, Refrigerator, Microwave Oven, Washing machine, Shoe rack, Cookeries items.",NA,	Office Space,Un -Furnished,Commercial,50,NA,NA,EAST,NA,Open Space,Open Space
Rahmans Dom -InNA Vanille,2540,4,4,3,1,2,5,13,160000,14000,2010,Baridhara Diplomatic Zone,"Bed, Bed side table, Cabinets, udy table , chair, Almira, Sofa, Smart TV , TV trolley, Dining table , chairs, Iron, Clo dryer hanger, Refrigerator, Microwave Oven, Washing machine, Shoe rack, Cookeries items.",NA,Furnished apartment,Furnished,Residential,16,GOVT,YES,NORTH,YES,YES,YES
Charulata 3B,2100,3,3,2,1,1,3,6,200000,12000,2006,Baridhara Diplomatic Zone,"Bed, Bed side table, Cabinets, udy table , chair, Almira, Sofa, Smart TV , TV trolley, Dining table , chairs, Iron, Clo dryer hanger, Refrigerator, Microwave Oven, Washing machine, Shoe rack, Cookeries items.",NA,Furnished apartment,Furnished,Residential,24,GOVT,YES,NORTH,YES,YES,YES
Faizur House,2500,3,4,2,1,1,1,6,180000,15000,2006,Baridhara Diplomatic Zone,"Bed, Bed side table, Cabinets, udy table , chair, Almira, Sofa, Smart TV , TV trolley, Dining table , chairs, Iron, Clo dryer hanger, Refrigerator, Microwave Oven, Washing machine, Shoe rack, Cookeries items.",NA,Furnished apartment,Furnished,Residential,24,GOVT,YES,SOUTH,YES,YES,YES
Alamin Tonmoy(Bra New),3500,4,4,4,3,2,5,10,320000,25000,2024,Baridhara Diplomatic Zone,"Bed, Bed side table, Cabinets, udy table , chair, Almira, Sofa, Smart TV , TV trolley, Dining table , chairs, Iron, Clo dryer hanger, Refrigerator, Microwave Oven, Washing machine, Shoe rack, Cookeries items.",NA,Furnished apartment,Furnished,Residential,24,LPG,YES,NORTH,YES,YES,YES
ShimaNA,2300,3,3,2,1,1,2,6,140000,1000,2015,Baridhara Diplomatic Zone,"Bed, Bed side table, Cabinets, udy table , chair, Almira, Sofa, Smart TV , TV trolley, Dining table , chairs, Iron, Clo dryer hanger, Refrigerator, Microwave Oven, Washing machine, Shoe rack, Cookeries items.",NA,Furnished apartment,Furnished,Residential,24,LPG,YES,NORTH,YES,YES,YES
Rangs Hai Legacy 10A,2200,3,3,2,1,2,10,14,150000,8000,2016,Baridhara Diplomatic Zone,"Bed, Bed side table, Cabinets, udy table , chair, Almira, Sofa, Smart TV , TV trolley, Dining table , chairs, Iron, Clo dryer hanger, Refrigerator, Microwave Oven, Washing machine, Shoe rack, Cookeries items.",NA,Furnished apartment,Furnished,Residential,24,LPG,YES,NORTH,YES,YES,YES
Summer,3500,4,4,3,2,2,6,11,260000,18000,2020,Baridhara Diplomatic Zone,"Bed, Bed side table, Cabinets, udy table , chair, Almira, Sofa, Smart TV , TV trolley, Dining table , chairs, Iron, Clo dryer hanger, Refrigerator, Microwave Oven, Washing machine, Shoe rack, Cookeries items.",NA,Furnished apartment,Furnished,Residential,16,LPG,YES,SOUTH,YES,YES,YES
Charulata,2699,3,3,3,1,1,4,6,190000,12000,2018,Baridhara Diplomatic Zone,"Bed, Bed side table, Cabinets, udy table , chair, Almira, Sofa, Smart TV , TV trolley, Dining table , chairs, Iron, Clo dryer hanger, Refrigerator, Microwave Oven, Washing machine, Shoe rack, Cookeries items.",NA,Furnished apartment,Furnished,Residential,24,LPG,YES,NORTH,YES,YES,YES
EHL Moriyum Residence,4000,4,3,3,2,2,3,11,500000,45000,2015,Baridhara Diplomatic Zone,"Bed, Bed side table, Cabinets, udy table , chair, Almira, Sofa, Smart TV , TV trolley, Dining table , chairs, Iron, Clo dryer hanger, Refrigerator, Microwave Oven, Washing machine, Shoe rack, Cookeries items.",NA,Furnished apartment,Furnished,Residential,24,LPG,YES,SOUTH,YES,YES,YES
Apan Shurjo Sharoi,4000,4,4,4,2,2,6,10,550000,30000,2023,Baridhara Diplomatic Zone,"Bed, Bed side table, Cabinets, udy table , chair, Almira, Sofa, Smart TV , TV trolley, Dining table , chairs, Iron, Clo dryer hanger, Refrigerator, Microwave Oven, Washing machine, Shoe rack, Cookeries items.",NA,Furnished apartment,Furnished,Residential,24,LPG,YES,NORTH,YES,YES,YES
Assurance Marzuk House 6B,2200,3,3,3,1,2,6,11,180000,8000,2021,Baridhara Diplomatic Zone,"Bed, Bed side table, Cabinets, udy table , chair, Almira, Sofa, Smart TV , TV trolley, Dining table , chairs, Iron, Clo dryer hanger, Refrigerator, Microwave Oven, Washing machine, Shoe rack, Cookeries items.",NA,Furnished apartment,Furnished,Residential,16,LPG,YES,NORTH,YES,YES,YES
Ventura OriaNA C3,4300,4,4,3,2,2,3,11,260000,21000,2010,Baridhara Diplomatic Zone,"Bed, Bed side table, Cabinets, udy table , chair, Almira, Sofa, Smart TV , TV trolley, Dining table , chairs, Iron, Clo dryer hanger, Refrigerator, Microwave Oven, Washing machine, Shoe rack, Cookeries items.",NA,Furnished apartment,Furnished,Residential,16,LPG,YES,SOUTH,YES,YES,YES
BTI e Supreme,2100,3,3,3,1,1,3,11,160000,15000,2017,Baridhara Diplomatic Zone,"Bed, Bed side table, Cabinets, udy table , chair, Almira, Sofa, Smart TV , TV trolley, Dining table , chairs, Iron, Clo dryer hanger, Refrigerator, Microwave Oven, Washing machine, Shoe rack, Cookeries items.",NA,Furnished apartment,Furnished,Residential,16,LPG,YES,SOUTH,YES,YES,YES
Charubii 2B,2000,2,2,1,1,2,2,13,190000,0,2024,"Road: 115, Gulshan, Dhaka 1212","Bed, Bed side table, Cabinets, udy table , chair, Almira, Sofa, Smart TV , TV trolley, Dining table , chairs, Iron, Clo dryer hanger, Refrigerator, Microwave Oven, Washing machine, Shoe rack, Cookeries items.",NA,Furnished Apartment,full-Furnished,Residential,24,L.P.G,YES,WEST,YES,YES,YES
Rancon Icon ToWESTr,2200,3,3,2,1,2,3,14,220000,15000,2022,"Road: 130,Gulshan, Dhaka 1212","GYM,Swimming Pool",NA,	Luxury Apartment,Un-Furnished,Residential,24,L.P.G,YES,WEST,YES,YES,YES
Charubii,1700,2,2,1,1,2,1,9,175000,20000,2023," Road: 115,Gulshan, Dhaka 1212",NA,NA,	Furnished Apartment,full-Furnished,Residential,50,	L.P.G,	YES,	NORTH,YES,YES,YES
BTI e Savil,2150,3,3,2,1,1,6,9,190000,12000,2017," Road: 34,Gulshan, Dhaka 1212",NA,NA,Furnished Apartment,Furnished,Residential,24,GOVT,YES,EAST,YES,YES,YES
Conco Badal Heights A4,4200,4,4,3,2,2,4,13,280000,30000,2015," Road: 56,Gulshan, Dhaka 1212",NA,NA,Furnished Apartment,Furnished,Residential,24,	GOVT,	YES,WEST,YES,YES,YES
Sky Touch Amir's DrEASTm 12B,2600,4,4,3,1,2,12,14,220000,12000,2022," Road: 106,Gulshan, Dhaka 1212","Bed, Bed side table, Cabinets, udy table , chair, Almira, Sofa, Smart TV , TV trolley, Dining table , chairs, Iron, Clo dryer hanger, Refrigerator, Microwave Oven, Washing machine, Shoe rack, Cookeries items.",NA,	Furnished Apartment,	Furnished,Residential,24,	L.P.G,	YES,	NORTH,YES,YES,YES
Rizbi House,3700,3,3,2,2,1,5,6,320000,20000,2023,"Road: 53A, Gulshan, Dhaka 1212","Bed, Bed side table, Cabinets, udy table , chair, Almira, Sofa, Smart TV , TV trolley, Dining table , chairs, Iron, Clo dryer hanger, Refrigerator, Microwave Oven, Washing machine, Shoe rack, Cookeries items.",NA,	Furnished Apartment,	Furnished,Residential,25,	L.P.G,	YES,	WEST,YES,YES,YES
Shanta Angan A1,3300,4,4,1,2,2,1,12,250000,20000,2013,"Road: 33, Gulshan,Dhaka,1212","Bed, udy table , chair, Smart TV , TV trolley, Clo dryer hanger, Washing machine, Bed side table, Almira, Dining table , chairs, Refrigerator, Shoe rack, Cabinets, Sofa, Iron, Microwave Oven, Cookeries items.",NA,	Furnished Apartment,	Furnished,Residential,24,	GOVT,	YES,	EAST,YES,YES,YES
Park Avilya,2200,3,3,2,1,1,6,6,100000,100000,2005,"	Road: 87, Gulshan, Dhaka 1212","Bed, udy table , chair, Smart TV , TV trolley, Clo dryer hanger, Washing machine, Bed side table, Almira, Dining table , chairs, Refrigerator, Shoe rack, Cabinets, Sofa, Iron, Microwave Oven, Cookeries items.",NA,	Furnished Apartment,	Furnished,	Residential,24,GOVT,YES,WEST,YES,YES,YES
InNORTH Zen 7B,3300,4,4,3,2,2,7,7,250000,0,2025,"Road: 117, Gulshan, Dhaka 1212","Bed, udy table , chair, Smart TV , TV trolley, Clo dryer hanger, Washing machine, Bed side table, Almira, Dining table , chairs, Refrigerator, Shoe rack, Cabinets, Sofa, Iron, Microwave Oven, Cookeries items.",NA,Furnished Apartment,	Semi Furnished,	Residential,24,	L.P.G,	YES,WEST,YES,YES,YES
Delviaa Erjaan,2250,3,3,1,1,2,4,9,200000,15000,2015,"Road: 97, Gulshan,Dhaka 1212","Bed, udy table , chair, Smart TV , TV trolley, Clo dryer hanger, Washing machine, Bed side table, Almira, Dining table , chairs, Refrigerator, Shoe rack, Cabinets, Sofa, Iron, Microwave Oven, Cookeries items.",NA,	Furnished Apartment,Furnished,	Residential,24,GOVT,	YES,	NORTH,YES,YES,YES
Bay Selee 5A,4000,4,5,2,2,2,5,11,300000,0,2024,"        Road: 40, Gulshan,Dhaka 1212","Bed, udy table , chair, Smart TV , TV trolley, Clo dryer hanger, Washing machine, Bed side table, Almira, Dining table , chairs, Refrigerator, Shoe rack, Cabinets, Sofa, Iron, Microwave Oven, Cookeries items.",NA,	Furnished Apartment,Furnished,	Residential,24,	L.P.G,	YES,	NORTH,YES,YES,YES
NAvaNA Miru Arimidale 6A,2000,3,3,2,1,2,6,11,140000,11000,2012,"Road: 94, Gulshan,Dhaka 1212","Bed, Bed side table, Cabinets, udy table , chair, Almira, Sofa, Smart TV , TV trolley, Dining table , chairs, Iron, Clo dryer hanger, Refrigerator, Microwave Oven, Washing machine, Shoe rack, Cookeries items.",NA,Furnished Apartment,Furnished,	Residential,24,GOVT,	YES,WEST,YES,YES,YES
Edison Anika Heights 12A,4500,4,5,3,2,2,12,13,400000,0,2024,"Road: NORTH Gulshan Avenue,Dhaka 1212","Bed, Bedside Table, Cabinets, udy Table , Chair, Almira, Sofa, Smart TV , TV Trolley, Dining Table , Chairs, Iron, Clo Dryer Hanger, Refrigerator, Microwave Oven, Washing Machine, Shoe Rack, Cookery Items.",NA,Furnished Apartment,	full-Furnished,	Residential,24,L.P.G,	YES,EAST,YES,YES,YES
Shanta Sanctum 5A (Furnished),4000,3,4,3,2,2,5,13,400000,30000,2024,"        Road: 83, Gulshan,Dhaka 1212","GYM, Swimming Pool, Bed, Bedside Table, Cabinets, udy Table , Chair, Almira, Sofa, Smart TV , TV Trolley, Dining Table , Chairs, Iron, Clo Dryer Hanger, Refrigerator, Microwave Oven, Washing Machine, Shoe Rack, Cookery Items.",NA,Furnished Apartment / Luxury Apartment,Furnished,	Residential,24,L.P.G,	YES,EAST,YES,YES,YES
NAvaNA Bra New Apartment A1,2240,3,3,2,1,1,1,11,170000,0,2024,"Road: 67, Gulshan,Dhaka 1212","Bed, Bedside Table, Cabinets, udy Table , Chair, Almira, Sofa, Smart TV , TV Trolley, Dining Table , Chairs, Iron, Clo Dryer Hanger, Refrigerator, Microwave Oven, Washing Machine, Shoe Rack, Cookery Items.",NA,Furnished Apartment,Furnished,	Residential,24,L.P.G,	YES,SOUTH,YES,YES,YES
Urban Shishir KoNA B2,2750,4,5,3,1,2,2,14,200000,15000,2025,"Road: 113, Gulshan,Dhaka 1212","Bed, Bedside Table, Cabinets, udy Table , Chair, Almira, Sofa, Smart TV , TV Trolley, Dining Table , Chairs, Iron, Clo Dryer Hanger, Refrigerator, Microwave Oven, Washing Machine, Shoe Rack, Cookery Items.",NA,Furnished Apartment,Furnished,	Residential,24,L.P.G,	YES,EAST,YES,YES,YES
Bra New Luxury Apartment,4000,3,4,3,2,2,6,11,350000,0,2024,"Road: 36, Gulshan,Dhaka 1212","3 Beds, 4 Bas, Kitchen Hood, Cabinets, Parking, Li, GYM, Swimming Pool, AC",NA,Furnished Apartment / Luxury Apartment,full-Furnished,	Residential,24,L.P.G,	YES,SOUTH,YES,YES,YES
Memento Conco,3000,4,4,2,1,1,2,6,260000,15000,2006,"Road: 75, Gulshan,Dhaka 1212","Bed, Bedside Table, Cabinets, udy Table , Chair, Almira, Sofa, Smart TV , TV Trolley, Dining Table , Chairs, Iron, Clo Dryer Hanger, Refrigerator, Microwave Oven, Washing Machine, Shoe Rack, Cookery Items.",NA,Furnished Apartment,Furnished,	Residential,24,GOVT,	YES,EAST,YES,YES,YES
WEST Wings,2500,3,4,3,1,1,5,6,150000,8500,2005,"Road: 61, Gulshan,Dhaka 1212","Bed, Bedside Table, Cabinets, udy Table , Chair, Almira, Sofa, Smart TV , TV Trolley, Dining Table , Chairs, Iron, Clo Dryer Hanger, Refrigerator, Microwave Oven, Washing Machine, Shoe Rack, Cookery Items.",NA,Furnished Apartment,Furnished,	Residential,16,GOVT,	YES,EAST,YES,YES,YES
Gaenia,3300,3,4,1,2,1,3,6,270000,15000,2007,"Road: 71, Gulshan,Dhaka 1212","Bed, Bedside Table, Cabinets, udy Table , Chair, Almira, Sofa, Smart TV , TV Trolley, Dining Table , Chairs, Iron, Clo Dryer Hanger, Refrigerator, Microwave Oven, Washing Machine, Shoe Rack, Cookery Items.",NA,Furnished Apartment,Furnished,	Residential,24,GOVT,	YES,	NORTH,YES,YES,YES
MajEAST,5009,4,5,4,2,2,6,11,470000,30000,2022,"Road: 79, Gulshan,Dhaka 1212","GYM, Swimming Pool, Bed, Bedside Table, Cabinets, udy Table , Chair, Almira, Sofa, Smart TV , TV Trolley, Dining Table , Chairs, Iron, Clo Dryer Hanger, Refrigerator, Microwave Oven, Washing Machine, Shoe Rack, Cookery Items.",NA,Furnished Apartment / Luxury Apartment,Furnished,	Residential,24,L.P.G,	YES,WEST,YES,YES,YES
NAvaNA Shangshaptak A1 (udio Apartment),1450,1,2,NA,1,2,1,11,130000,0,2024,"Road: 67, Gulshan,Dhaka 1212","Swimming Pool, 1 Bed, 2 Bas, Cabinets, AC, Kitchen Hood, 24 Hours Security Service.",NA,Furnished Apartment,Furnished,	Residential,24,L.P.G,NA,SOUTH,YES,YES,YES
Assurance Mallicks,2200,3,3,2,1,2,1,11,150000,10000,2022,"        Road: 137, Gulshan,Dhaka 1212","Bed, Bedside Table, Cabinets, udy Table , Chair, Almira, Sofa, Smart TV , TV Trolley, Dining Table , Chairs, Iron, Clo Dryer Hanger, Refrigerator, Microwave Oven, Washing Machine, Shoe Rack, Cookery Items.",NA,Furnished Apartment,Furnished,	Residential,24,L.P.G,	YES,NORTH,YES,YES,YES
Urban Shishir KoNA,2785,4,4,3,2,2,7,8,200000,15000,2024,"Road: 113, Gulshan,Dhaka 1212","Bed, Bedside Table, Cabinets, udy Table , Chair, Almira, Sofa, Smart TV , TV Trolley, Dining Table , Chairs, Iron, Clo Dryer Hanger, Refrigerator, Microwave Oven, Washing Machine, Shoe Rack, Cookery Items.",NA,	Furnished Apartment,Furnished,	Residential,24,L.P.G,	YES,EAST,YES,YES,YES
Genetic NORTHern RetrEASTt,2750,3,4,3,1,1,9,15,350000,25000,2024,"Road: 71, Gulshan,Dhaka 1212","Bed, Bedside Table, Cabinets, udy Table , Chair, Almira, Sofa, Smart TV , TV Trolley, Dining Table , Chairs, Iron, Clo Dryer Hanger, Refrigerator, Microwave Oven, Washing Machine, Shoe Rack, Cookery Items.",NA,	Furnished Apartment,Furnished,	Residential,24,L.P.G,	YES,EAST,YES,YES,YES
Salima Gaen,2600,4,4,3,1,1,5,6,170000,15000,2007,"Road: 67, Gulshan,Dhaka 1212","Bed, Bedside Table, Cabinets, udy Table , Chair, Almira, Sofa, Smart TV , TV Trolley, Dining Table , Chairs, Iron, Clo Dryer Hanger, Refrigerator, Microwave Oven, Washing Machine, Shoe Rack, Cookery Items.",NA,Furnished Apartment,Furnished,	Residential,24,GOVT,	YES,SOUTH,YES,YES,YES
Mahelaka,1250,1,1,NA,NA,2,9,11,120000,10000,2019,"Road: 37, Gulshan,Dhaka 1212","GYM, Swimming Pool, Bed, Bedside Table, Cabinets, udy Table , Chair, Almira, Sofa, Smart TV , TV Trolley, Dining Table , Chairs, Iron, Clo Dryer Hanger, Refrigerator, Microwave Oven, Washing Machine, Shoe Rack, Cookery Items.",NA,Furnished Apartment,Furnished,	Residential,24,L.P.G,NA,EAST,YES,YES,YES
NAvaNA Caderwood 3A,5000,4,5,3,3,2,3,11,450000,30000,2024,"Road: 76, Gulshan,Dhaka 1212","GYM, Swimming Pool, Bed, Bedside Table, Cabinets, udy Table , Chair, Almira, Sofa, Smart TV , TV Trolley, Dining Table , Chairs, Iron, Clo Dryer Hanger, Refrigerator, Microwave Oven, Washing Machine, Shoe Rack, Cookery Items.",NA,Furnished Apartment,Furnished,	Residential,24,L.P.G,	YES,NORTH,YES,YES,YES
Rangs Diorama 8A,4000,4,5,3,2,2,8,9,320000,30000,2024,"Road: 30, Gulshan,Dhaka 1212","GYM, Bed, Bedside Table, Cabinets, udy Table , Chair, Almira, Sofa, Smart TV , TV Trolley, Dining Table , Chairs, Iron, Clo Dryer Hanger, Refrigerator, Microwave Oven, Washing Machine, Shoe Rack, Cookery Items.",NA,Furnished Apartment,Furnished,	Residential,24,L.P.G,	YES,SOUTH,YES,YES,YES
NAvaNA Bilkis,2500,3,4,3,1,1,"2 , 5",6,130000,10000,2010,"Road: 35, Gulshan,Dhaka 1212","Bed, Bedside Table, Cabinets, udy Table , Chair, Almira, Sofa, Smart TV , TV Trolley, Dining Table , Chairs, Iron, Clo Dryer Hanger, Refrigerator, Microwave Oven, Washing Machine, Shoe Rack, Cookery Items.",NA,Furnished Apartment,Furnished,	Residential,"""24 """,GOVT,	YES,EAST,YES,YES,YES
Green Basilica,2600,4,2,2,1,1,5,6,110000,12000,2008,"Road: 122, Gulshan,Dhaka 1212","Bed, Bedside Table, Cabinets, udy Table , Chair, Almira, Sofa, Smart TV , TV Trolley, Dining Table , Chairs, Iron, Clo Dryer Hanger, Refrigerator, Microwave Oven, Washing Machine, Shoe Rack, Cookery Items.",NA,Furnished Apartment,Furnished,	Residential,"""24 """,GOVT,	YES,EAST,YES,YES,YES
Tranquility,2500,3,3,2,1,1,5,6,100000,8000,2006,"Road: 01, Gulshan,Dhaka 1212","Bed, Bedside Table, Cabinets, udy Table , Chair, Almira, Sofa, Smart TV , TV Trolley, Dining Table , Chairs, Iron, Clo Dryer Hanger, Refrigerator, Microwave Oven, Washing Machine, Shoe Rack, Cookery Items.",NA,Furnished Apartment,Furnished,	Residential,"""24 """,GOVT,	YES,EAST,YES,YES,YES
EASTern MahaNAa,1900,3,3,2,1,1,4,6,120000,8000,2009,"Road: 41, Gulshan,Dhaka 1212","Bed, Bedside Table, Cabinets, udy Table , Chair, Almira, Sofa, Smart TV , TV Trolley, Dining Table , Chairs, Iron, Clo Dryer Hanger, Refrigerator, Microwave Oven, Washing Machine, Shoe Rack, Cookery Items.",NA,Furnished Apartment,Furnished,	Residential,"""24 """,GOVT,	YES,EAST,YES,YES,YES
Sham's Tropical Paradise 3A,3850,4,5,3,2,2,3,8,330000,25000,2023,"Road: 57, Gulshan,Dhaka 1212","GYM, Bed, Bedside Table, Cabinets, udy Table , Chair, Almira, Sofa, Smart TV , TV Trolley, Dining Table , Chairs, Iron, Clo Dryer Hanger, Refrigerator, Microwave Oven, Washing Machine, Shoe Rack, Cookery Items.",NA,Furnished Apartment,Furnished,	Residential,"""24 """,L.P.G,	YES,SOUTH,YES,YES,YES
Sham's Tropical Paradise 7A,3800,4,4,4,2,2,8,8,350000,25000,2023,"Road: 56, Gulshan,Dhaka 1212","Swimming Pool, Bed, Bedside Table, Cabinets, udy Table , Chair, Almira, Sofa, Smart TV , TV Trolley, Dining Table , Chairs, Iron, Clo Dryer Hanger, Refrigerator, Microwave Oven, Washing Machine, Shoe Rack.",NA,Furnished Apartment,Furnished,	Residential,"""24 """,L.P.G,	YES,SOUTH,YES,YES,YES
NAvaNA Daisy Florensa 7A,2700,3,4,3,1,2,7,9,160000,15000,2010,"Road: 30, Gulshan,Dhaka 1212","Bed, Bedside Table, Cabinets, udy Table , Chair, Almira, Sofa, Smart TV , TV Trolley, Dining Table , Chairs, Iron, Clo Dryer Hanger, Refrigerator, Microwave Oven, Washing Machine, Shoe Rack, Cookery Items.",NA,Furnished Apartment,Furnished,	Residential,"""24 """,L.P.G,	YES,EAST,YES,YES,YES
Sel Momo 9A,3000,4,4,3,2,2,9,10,240000,20000,2024,"Road: 107, Gulshan,Dhaka 1212","Bed, Bedside Table, Cabinets, udy Table , Chair, Almira, Sofa, Smart TV , TV Trolley, Dining Table , Chairs, Iron, Clo Dryer Hanger, Refrigerator, Microwave Oven, Washing Machine, Shoe Rack, Cookery Items.",NA,Furnished Apartment,Furnished,	Residential,"""24 """,L.P.G,	YES,	SOUTH,YES,YES,YES
JahaNORTHa DyNAy 10A,3700,4,4,3,2,2,10,14,350000,15000,2022,"Road: 103, Gulshan,Dhaka 1212","GYM, Bed, Bedside Table, Cabinets, udy Table , Chair, Almira, Sofa, Smart TV , TV Trolley, Dining Table , Chairs, Iron, Clo Dryer Hanger, Refrigerator, Microwave Oven, Washing Machine, Shoe Rack, Cookery Items.",NA,Furnished Apartment,Furnished,	Residential,"""30 """,L.P.G,	YES,SOUTH,YES,YES,YES
Rangs Water Front,4100,4,5,4,2,2,11,14,280000,10000,2013,"Road: 17, Gulshan,Dhaka 1212","GYM, Swimming Pool, Bed, Bedside Table, Cabinets, udy Table , Chair, Almira, Sofa, Smart TV , TV Trolley, Dining Table , Chairs, Iron, Clo Dryer Hanger, Refrigerator, Microwave Oven, Washing Machine, Shoe Rack, Cookery Items.",NA,Furnished Apartment,Furnished,	Residential,"""24 """,	L.P.G,	YES,EAST,YES,YES,YES
Inn ar Metropolis 2B,3000,3,4,3,2,3,2,18,300000,25000,2024,"Road: 97, Gulshan,Dhaka 1212","Swimming Pool, Bed, Bedside Table, Cabinets, udy Table , Chair, Almira, Sofa, Smart TV , TV Trolley, Dining Table , Chairs, Iron, Clo Dryer Hanger, Refrigerator, Microwave Oven, Washing Machine, Shoe Rack, Cookery Items.",NA,Furnished Apartment / Luxury Apartment,Furnished,	Residential,"""24 """,L.P.G,	YES,NORTH,YES,YES,YES
Rangs Mir Palace,2000,3,3,2,1,2,3,9,110000,8000,2010,"Road: 62, Gulshan,Dhaka 1212","Bed, Bedside Table, Cabinets, udy Table , Chair, Almira, Sofa, Smart TV , TV Trolley, Dining Table , Chairs, Iron, Clo Dryer Hanger, Refrigerator, Microwave Oven, Washing Machine, Shoe Rack, Cookery Items.",NA,Furnished Apartment,Furnished,	Residential,"""24 """,GOVT,	YES,NORTH,YES,YES,YES
Rahmania Amicus,1500,3,3,2,1,1,1,6,100000,8000,2008,"Road: 137, Gulshan,Dhaka 1212","Bed, Bedside Table, Cabinets, udy Table , Chair, Almira, Sofa, Smart TV , TV Trolley, Dining Table , Chairs, Iron, Clo Dryer Hanger, Refrigerator, Microwave Oven, Washing Machine, Shoe Rack, Cookery Items.",NA,Furnished Apartment,Furnished,	Residential,"""24 """,GOVT,	YES,SOUTH,YES,YES,YES
Ismail House,3000,4,4,3,1,1,1,6,130000,10000,2008,"Road: 103, Gulshan,Dhaka 1212","Bed, Bedside Table, Cabinets, udy Table , Chair, Almira, Sofa, Smart TV , TV Trolley, Dining Table , Chairs, Iron, Clo Dryer Hanger, Refrigerator, Microwave Oven, Washing Machine, Shoe Rack, Cookery Items.",NA,Furnished Apartment,Furnished,	Residential,16,GOVT,	YES,SOUTH,YES,YES,YES
Lake House Empori,2600,2,3,3,1,2,3,12,250000,15000,2018,"Road: 63, Gulshan,Dhaka 1212","Bed, Bedside Table, Cabinets, udy Table , Chair, Almira, Sofa, Smart TV , TV Trolley, Dining Table , Chairs, Iron, Clo Dryer Hanger, Refrigerator, Microwave Oven, Washing Machine, Shoe Rack, Cookery Items.",NA,Furnished Apartment,Furnished,	Residential,"""24 """,L.P.G,	YES,EAST,YES,YES,YES
Shanta Angan,3500,3,4,2,2,2,9,13,260000,20000,2014,"Road: 34, Gulshan,Dhaka 1212","Bed, Bedside Table, Cabinets, udy Table , Chair, Almira, Sofa, Smart TV , TV Trolley, Dining Table , Chairs, Iron, Clo Dryer Hanger, Refrigerator, Microwave Oven, Washing Machine, Shoe Rack, Cookery Items.",NA,Furnished Apartment,Furnished,	Residential,"""24 """,L.P.G,	YES,EAST,YES,YES,YES
Four SEASTsons,2300,3,4,3,1,1,5,6,100000,10000,2007,"Road: 44, Gulshan,Dhaka 1212","Bed, Bedside Table, Cabinets, udy Table , Chair, Almira, Sofa, Smart TV , TV Trolley, Dining Table , Chairs, Iron, Clo Dryer Hanger, Refrigerator, Microwave Oven, Washing Machine, Shoe Rack, Cookery Items.",NA,Furnished Apartment,Furnished,	Residential,"""24 """,GOVT,	YES,EAST,YES,YES,YES
Urban OcEASTn 8B,2200,3,3,3,1,2,8,12,150000,10000,2016,"Road: 99, Gulshan,Dhaka 1212","Bed, Bedside Table, Cabinets, udy Table , Chair, Almira, Sofa, Smart TV , TV Trolley, Dining Table , Chairs, Iron, Clo Dryer Hanger, Refrigerator, Microwave Oven, Washing Machine, Shoe Rack, Cookery Items.",NA,Furnished Apartment,Furnished,	Residential,16,L.P.G,	YES,NORTH,YES,YES,YES
Suvau Asmi NAzeela MaNORTH A5,2200,3,3,3,1,1,5,10,160000,15000,2015,"Road: 73, Gulshan,Dhaka 1212","Bed, Bedside Table, Cabinets, udy Table , Chair, Almira, Sofa, Smart TV , TV Trolley, Dining Table , Chairs, Iron, Clo Dryer Hanger, Refrigerator, Microwave Oven, Washing Machine, Shoe Rack, Cookery Items.",NA,Furnished Apartment,Furnished,	Residential,"""24 """,L.P.G,	YES,SOUTH,YES,YES,YES
Shanta Zephyr 13B,3500,3,4,2,2,2,13,9,"3,70,000",0,2025,"Road: 105, Gulshan,Dhaka 1212","Swimming Pool, Bed, Bedside Table, Cabinets, udy Table , Chair, Almira, Sofa, Smart TV , TV Trolley, Dining Table , Chairs, Iron, Clo Dryer Hanger, Refrigerator, Microwave Oven, Washing Machine, Shoe Rack, Cookery Items.",NA,Furnished Apartment,Furnished,	Residential,40,L.P.G,	YES,SOUTH,YES,YES,YES
Tritoma Empori,4000,4,5,3,2,1,2,6,250000,20000,2009,"Road: 53, Gulshan,Dhaka 1212","Bed, Bedside Table, Cabinets, udy Table , Chair, Almira, Sofa, Smart TV , TV Trolley, Dining Table , Chairs, Iron, Clo Dryer Hanger, Refrigerator, Microwave Oven, Washing Machine, Shoe Rack, Cookery Items.",NA,Furnished Apartment,Furnished,	Residential,"""24 """,GOVT,	YES,SOUTH,YES,YES,YES
Ventura Wieria,4000,4,4,4,2,2,6,10,370000,25000,2017,"Road: 54, Gulshan,Dhaka 1212","GYM, Swimming Pool, Bed, Bedside Table, Cabinets, udy Table , Chair, Almira, Sofa, Smart TV , TV Trolley, Dining Table , Chairs, Iron, Clo Dryer Hanger, Refrigerator, Microwave Oven, Washing Machine, Shoe Rack, Cookery Items.",NA,Furnished Apartment / Luxury Apartment,Furnished,	Residential,"""24 """,L.P.G,	YES,WEST,YES,YES,YES
Wiaria,1900,3,3,2,1,1,2,6,100000,8500,2002,"Road: 95, Gulshan,Dhaka 1212","Bed, Bedside Table, Cabinets, udy Table , Chair, Almira, Sofa, Smart TV , TV Trolley, Dining Table , Chairs, Iron, Clo Dryer Hanger, Refrigerator, Microwave Oven, Washing Machine, Shoe Rack, Cookery Items.",NA,Furnished Apartment,Furnished,	Residential,"""24 """,GOVT,	YES,EAST,YES,YES,YES
Conco RegiNA,3000,3,3,2,1,1,5,6,180000,15000,2003,"Road: 60, Gulshan,Dhaka 1212","Bed, Bedside Table, Cabinets, udy Table , Chair, Almira, Sofa, Smart TV , TV Trolley, Dining Table , Chairs, Iron, Clo Dryer Hanger, Refrigerator, Microwave Oven, Washing Machine, Shoe Rack, Cookery Items.",NA,Furnished Apartment,Furnished,	Residential,"""24 """,GOVT,	YES,SOUTH,YES,YES,YES
Conco Sanchayita,3100,3,3,3,1,1,3,6,170000,15000,2007,"Road: 63, Gulshan,Dhaka 1212","Bed, Bedside Table, Cabinets, udy Table , Chair, Almira, Sofa, Smart TV , TV Trolley, Dining Table , Chairs, Iron, Clo Dryer Hanger, Refrigerator, Microwave Oven, Washing Machine, Shoe Rack, Cookery Items.",NA,Furnished Apartment,Furnished,	Residential,"""24 """,GOVT,	YES,NORTH,YES,YES,YES
Conco Gra President (503),3200,3,3,2,1,1,5,6,175000,10000,2000,"Road: 60, Gulshan,Dhaka 1212","Bed, Bedside Table, Cabinets, udy Table , Chair, Almira, Sofa, Smart TV , TV Trolley, Dining Table , Chairs, Iron, Clo Dryer Hanger, Refrigerator, Microwave Oven, Washing Machine, Shoe Rack, Cookery Items.",NA,Furnished Apartment,Furnished,	Residential,"""24 """,GOVT,	YES,SOUTH,YES,YES,YES
Urban Light,2250,3,3,3,1,1,1,5,200000,15000,2015,"Road: 118, Gulshan,Dhaka 1212","Bed, Bedside Table, Cabinets, udy Table , Chair, Almira, Sofa, Smart TV , TV Trolley, Dining Table , Chairs, Iron, Clo Dryer Hanger, Refrigerator, Microwave Oven, Washing Machine, Shoe Rack, Cookery Items.",NA,Furnished Apartment,Furnished,	Residential,16,L.P.G,	YES,EAST,YES,YES,YES
Delvia Erjaan 4B,2400,3,3,2,1,2,4,9,180000,12000,2016,"Road: 100, Gulshan,Dhaka 1212","Bed, Bedside Table, Cabinets, udy Table , Chair, Almira, Sofa, Smart TV , TV Trolley, Dining Table , Chairs, Iron, Clo Dryer Hanger, Refrigerator, Microwave Oven, Washing Machine, Shoe Rack, Cookery Items.",NA,Furnished Apartment,Furnished,	Residential,16,L.P.G,	YES,NORTH,YES,YES,YES
Urban OcEASTn B7,2400,3,3,2,1,2,7,12,150000,8000,2015,"Road: 99, Gulshan,Dhaka 1212","Bed, Bedside Table, Cabinets, udy Table , Chair, Almira, Sofa, Smart TV , TV Trolley, Dining Table , Chairs, Iron, Clo Dryer Hanger, Refrigerator, Microwave Oven, Washing Machine, Shoe Rack, Cookery Items.",NA,Furnished Apartment,Furnished,	Residential,16,L.P.G,	YES,NORTH,YES,YES,YES
Assurance Khushi 12C,2400,3,3,3,1,2,12,14,140000,10000,2015,"Road: 118, Gulshan,Dhaka 1212","Bed, Bedside Table, Cabinets, udy Table , Chair, Almira, Sofa, Smart TV , TV Trolley, Dining Table , Chairs, Iron, Clo Dryer Hanger, Refrigerator, Microwave Oven, Washing Machine, Shoe Rack, Cookery Items.",NA,Furnished Apartment,Furnished,	Residential,16,L.P.G,	YES,NORTH,YES,YES,YES
ANZ Park Shore C6,2800,4,4,2,1,2,6,11,170000,14000,2015,"Road: 34, Gulshan,Dhaka 1212","Bed, Bedside Table, Cabinets, udy Table , Chair, Almira, Sofa, Smart TV , TV Trolley, Dining Table , Chairs, Iron, Clo Dryer Hanger, Refrigerator, Microwave Oven, Washing Machine, Shoe Rack, Cookery Items.",NA,Furnished Apartment,Furnished,	Residential,"""24 """,L.P.G,	YES,SOUTH,YES,YES,YES
Shalizar Shamk B4,2250,3,3,2,1,1,4,8,160000,9000,2012,"Road: 86, Gulshan,Dhaka 1212","Bed, Bedside Table, Cabinets, udy Table , Chair, Almira, Sofa, Smart TV , TV Trolley, Dining Table , Chairs, Iron, Clo Dryer Hanger, Refrigerator, Microwave Oven, Washing Machine, Shoe Rack, Cookery Items.",NA,Furnished Apartment,Furnished,	Residential,"""24 """,L.P.G,	YES,WEST,YES,YES,YES
Spring BEASTuty 3B,1700,3,3,2,1,1,3,6,120000,10000,2000,"Road: 75, Gulshan,Dhaka 1212","Bed, Bedside Table, Cabinets, udy Table , Chair, Almira, Sofa, Smart TV , TV Trolley, Dining Table , Chairs, Iron, Clo Dryer Hanger, Refrigerator, Microwave Oven, Washing Machine, Shoe Rack, Cookery Items.",NA,Furnished Apartment,Furnished,	Residential,"""24 """,GOVT,	YES,NORTH,YES,YES,YES
Rancon Icon ToWESTr 11B,2100,3,3,2,1,2,11,13,220000,20000,2022,"Road: 126, Gulshan,Dhaka 1212","GYM, Swimming Pool, Bed, Bedside Table, Cabinets, udy Table , Chair, Almira, Sofa, Smart TV , TV Trolley, Dining Table , Chairs, Iron, Clo Dryer Hanger, Refrigerator, Microwave Oven, Washing Machine, Shoe Rack, Cookery Items.",NA,Furnished Apartment,Furnished,	Residential,"""24 """,L.P.G,	YES,SOUTH,YES,YES,YES
Iramoti B3,2600,3,3,2,1,2,3,9,180000,10000,2023,"Road: 25, Gulshan,Dhaka 1212","Bed, Bedside Table, Cabinets, udy Table , Chair, Almira, Sofa, Smart TV , TV Trolley, Dining Table , Chairs, Iron, Clo Dryer Hanger, Refrigerator, Microwave Oven, Washing Machine, Shoe Rack, Cookery Items.",NA,Furnished Apartment,Furnished,	Residential,16,L.P.G,	YES,NORTH,YES,YES,YES
Anwar Lamark BEG Park View C3,2400,3,3,2,1,2,3,13,250000,15000,2015,"Road: 84, Gulshan,Dhaka 1212","GYM, Swimming Pool, Bed, Bedside Table, Cabinets, udy Table , Chair, Almira, Sofa, Smart TV , TV Trolley, Dining Table , Chairs, Iron, Clo Dryer Hanger, Refrigerator, Microwave Oven, Washing Machine, Shoe Rack, Cookery Items.",NA,Furnished Apartment / Luxury Apartment,Furnished,	Residential,"""24 """,L.P.G,	YES,EAST,YES,YES,YES
Assurance Cymbidium 12A,2450,3,3,3,1,2,12,14,160000,12000,2015,"Road: 139, Gulshan,Dhaka 1212","GYM, Bed, Bedside Table, Cabinets, udy Table , Chair, Almira, Sofa, Smart TV , TV Trolley, Dining Table , Chairs, Iron, Clo Dryer Hanger, Refrigerator, Microwave Oven, Washing Machine, Shoe Rack, Cookery Items.",NA,Furnished Apartment,Furnished,	Residential,"""24 """,L.P.G,	YES,SOUTH,YES,YES,YES
Suvau Setara A3,2800,2,2,2,1,2,3,11,140000,15000,2009,"Road: 78, Gulshan,Dhaka 1212","Bed, Bedside Table, Cabinets, udy Table , Chair, Almira, Sofa, Smart TV , TV Trolley, Dining Table , Chairs, Iron, Clo Dryer Hanger, Refrigerator, Microwave Oven, Washing Machine, Shoe Rack, Cookery Items.",NA,Furnished Apartment,Furnished,	Residential,16,L.P.G,	YES,WEST,YES,YES,YES
SOUTH Breeze Harmony B7,3500,4,4,2,1,2,7,10,160000,14000,2015,"Road: 135, Gulshan,Dhaka 1212","Bed, Bedside Table, Cabinets, udy Table , Chair, Almira, Sofa, Smart TV , TV Trolley, Dining Table , Chairs, Iron, Clo Dryer Hanger, Refrigerator, Microwave Oven, Washing Machine, Shoe Rack, Cookery Items.",NA,Furnished Apartment,Furnished,	Residential,16,L.P.G,	YES,SOUTH,YES,YES,YES
Laila Bhaban 3A,2100,3,3,2,1,1,3,10,160000,10000,2021,"Road: 44, Gulshan,Dhaka 1212","Bed, Bedside Table, Cabinets, udy Table , Chair, Almira, Sofa, Smart TV , TV Trolley, Dining Table , Chairs, Iron, Clo Dryer Hanger, Refrigerator, Microwave Oven, Washing Machine, Shoe Rack, Cookery Items.",NA,Furnished Apartment,Furnished,	Residential,"""24 """,L.P.G,	YES,NORTH,YES,YES,YES
EASTern Chitra,1500,2,2,1,1,1,3,6,85000,7000,2000,"Road: 25, Gulshan,Dhaka 1212","Bed, Bedside Table, Cabinets, udy Table , Chair, Almira, Sofa, Smart TV , TV Trolley, Dining Table , Chairs, Iron, Clo Dryer Hanger, Refrigerator, Microwave Oven, Washing Machine, Shoe Rack, Cookery Items.",NA,Furnished Apartment,Furnished,	Residential,16,GOVT,NA,EAST,YES,YES,YES
Spring BEASTuty,1700,3,3,3,1,1,2,6,150000,9000,2009,"Road: 74, Gulshan,Dhaka 1212","Bed, Bedside Table, Cabinets, udy Table , Chair, Almira, Sofa, Smart TV , TV Trolley, Dining Table , Chairs, Iron, Clo Dryer Hanger, Refrigerator, Microwave Oven, Washing Machine, Shoe Rack, Cookery Items.",NA,Furnished Apartment,Furnished,	Residential,"""24 """,GOVT,	YES,NORTH,YES,YES,YES
Assurance Saleha Gaen 9B,2400,3,3,2,1,2,9,11,90000,12000,2010,"Road: 14, Gulshan,Dhaka 1212","Bed, Bedside Table, Cabinets, udy Table , Chair, Almira, Sofa, Smart TV , TV Trolley, Dining Table , Chairs, Iron, Clo Dryer Hanger, Refrigerator, Microwave Oven, Washing Machine, Shoe Rack, Cookery Items.",NA,Furnished Apartment,Furnished,	Residential,16,L.P.G,	YES,SOUTH,YES,YES,YES
Assurance Saleha Gaen,2400,3,3,3,1,2,3,10,100000,12000,2010,"Road: 14, Gulshan,Dhaka 1212","Bed, Bedside Table, Cabinets, udy Table , Chair, Almira, Sofa, Smart TV , TV Trolley, Dining Table , Chairs, Iron, Clo Dryer Hanger, Refrigerator, Microwave Oven, Washing Machine, Shoe Rack, Cookery Items.",NA,Furnished Apartment,Furnished,	Residential,16,L.P.G,	YES,SOUTH,YES,YES,YES
Bay Brook Wood 8A,2450,3,4,3,1,2,8,11,170000,15000,2022,"Road: 135, Gulshan,Dhaka 1212","GYM, Swimming Pool, Bed, Bedside Table, Cabinets, udy Table , Chair, Almira, Sofa, Smart TV , TV Trolley, Dining Table , Chairs, Iron, Clo Dryer Hanger, Refrigerator, Microwave Oven, Washing Machine, Shoe Rack, Cookery Items.",NA,Furnished Apartment,Furnished,	Residential,16,L.P.G,	YES,SOUTH,YES,YES,YES
Daliya Recency,2200,3,3,2,1,1,3,6,160000,10000,2018,"Road: 35, Gulshan,Dhaka 1212","Bed, Bedside Table, Cabinets, udy Table , Chair, Almira, Sofa, Smart TV , TV Trolley, Dining Table , Chairs, Iron, Clo Dryer Hanger, Refrigerator, Microwave Oven, Washing Machine, Shoe Rack, Cookery Items.",NA,Furnished Apartment,Furnished,	Residential,16,L.P.G,	YES,SOUTH,YES,YES,YES
BTI e Classique,2700,3,3,2,1,1,1,8,110000,10000,2010,"Road: 95, Gulshan,Dhaka 1212","Bed, Bedside Table, Cabinets, udy Table , Chair, Almira, Sofa, Smart TV , TV Trolley, Dining Table , Chairs, Iron, Clo Dryer Hanger, Refrigerator, Microwave Oven, Washing Machine, Shoe Rack, Cookery Items.",NA,Furnished Apartment,Furnished,	Residential,"""24 """,GOVT,	YES,NORTH,YES,YES,YES
Asset Del Evasiya,2000,3,3,2,1,1,3,6,100000,7000,2005,"Road: 100, Gulshan,Dhaka 1212","Bed, Bedside Table, Cabinets, udy Table , Chair, Almira, Sofa, Smart TV , TV Trolley, Dining Table , Chairs, Iron, Clo Dryer Hanger, Refrigerator, Microwave Oven, Washing Machine, Shoe Rack, Cookery Items.",NA,Furnished Apartment,Furnished,	Residential,16,GOVT,	YES,SOUTH,YES,YES,YES
Conco Feroza De Palace A7,2400,3,3,3,1,2,7,11,160000,11000,2019,"Road: 135, Gulshan,Dhaka 1212","Bed, Bedside Table, Cabinets, udy Table , Chair, Almira, Sofa, Smart TV , TV Trolley, Dining Table , Chairs, Iron, Clo Dryer Hanger, Refrigerator, Microwave Oven, Washing Machine, Shoe Rack,Swimming Pool, Cookery Items.",NA,Furnished Apartment,Furnished,	Residential,16,L.P.G,	YES,NORTH,YES,YES,YES
Iramoti 5B,2200,3,3,3,1,2,5,9,250000,0,2023,"Road: 31, Gulshan,Dhaka 1212","Bed, Bedside Table, Cabinets, udy Table , Chair, Almira, Sofa, Smart TV , TV Trolley, Dining Table , Chairs, Iron, Clo Dryer Hanger, Refrigerator, Microwave Oven, Washing Machine, Shoe Rack, Cookery Items.",NA,Furnished Apartment,Furnished,	Residential,16,L.P.G,	YES,NORTH,YES,YES,YES
Apurba,3000,4,4,3,1,1,1,5,160000,10000,2002,"Road: 105, Gulshan,Dhaka 1212","Bed, Bedside Table, Cabinets, udy Table , Chair, Almira, Sofa, Smart TV , TV Trolley, Dining Table , Chairs, Iron, Clo Dryer Hanger, Refrigerator, Microwave Oven, Washing Machine, Shoe Rack, Cookery Items.",NA,Furnished Apartment,Furnished,	Residential,"""24 """,GOVT,	YES,NORTH,YES,YES,YES
Anwar Lamark BEG Park View D1,2400,3,3,2,1,2,1,13,220000,12000,2018,"Road: 82, Gulshan,Dhaka 1212","GYM, Swimming Pool, Bed, Bedside Table, Cabinets, udy Table , Chair, Almira, Sofa, Smart TV , TV Trolley, Dining Table , Chairs, Iron, Clo Dryer Hanger, Refrigerator, Microwave Oven, Washing Machine, Shoe Rack, Cookery Items.",NA,Furnished Apartment,Furnished,	Residential,"""24 """,L.P.G,	YES,EAST,YES,YES,YES
Anwar Lamark BEG Park View A7,2450,3,3,3,2,3,7,14,190000,15000,2015,"Road: 82, Gulshan,Dhaka 1212","GYM, Swimming Pool, Bed, Bedside Table, Cabinets, udy Table , Chair, Almira, Sofa, Smart TV , TV Trolley, Dining Table , Chairs, Iron, Clo Dryer Hanger, Refrigerator, Microwave Oven, Washing Machine, Shoe Rack, Cookery Items.",NA,Furnished Apartment,Furnished,	Residential,"""24 """,L.P.G,	YES,WEST,YES,YES,YES
Delvia MoNAtaara A7,3700,4,4,3,2,2,7,11,250000,15000,2015,"Road: 103, Gulshan,Dhaka 1212","Bed, Bedside Table, Cabinets, udy Table , Chair, Almira, Sofa, Smart TV , TV Trolley, Dining Table , Chairs, Iron, Clo Dryer Hanger, Refrigerator, Microwave Oven, Washing Machine, Shoe Rack, Cookery Items.",NA,Furnished Apartment,Furnished,	Residential,16,L.P.G,	YES,SOUTH,YES,YES,YES
InNORTH Elements,3256,4,4,3,2,2,11,12,285000,25000,2025,"Road: 113, Gulshan,Dhaka 1212",NA,NA,Residential Apartment,Semi Furnished,Residential,30,L.P.G,YES,SOUTH,YES,YES,YES
Urban ShishirkoNA 13A,3000,4,4,3,2,2,13,14,170000,15000,2025,"Road: 117, Gulshan,Dhaka 1212",NA,NA,Residential Apartment,Un-Furnished,Residential,30,L.P.G,YES,WEST,YES,YES,YES
Biborton,2200,3,3,3,1,2,2,9,120000,0,2025,"Road: 41, Gulshan,Dhaka 1212",NA,NA,Residential Apartment,Un-Furnished,Residential,24,L.P.G,YES,EAST,YES,YES,YES
Anwar Lamark,2350,3,4,3,1,3,8,13,200000,15000,2010,"Road: 85, Gulshan,Dhaka 1212",NA,NA,Residential Apartment,Semi Furnished,Residential,"""24 """,GOVT,YES,EAST,YES,YES,YES
Asmit Mansion 3A,2800,3,3,2,2,2,3A,25,280000,42000,2022,"Road: 58, Gulshan,Dhaka 1212",NA,NA,Residential Apartment,Un-Furnished,Residential,"""24 """,L.P.G,YES,NORTH,YES,YES,YES
Labaid Spring Rose,2950,3,3,3,2,2,9,11,170000,0,2025,"Road: 06, Gulshan,Dhaka 1212", Swimming Pool,NA,Residential Apartment,Un-Furnished,Residential,30,L.P.G,YES,NORTH,YES,YES,YES
Urban ShishirkoNA 10B,3000,4,4,2,2,2,10,13,190000,0,2024,"Road: 117, Gulshan,Dhaka 1212",NA,NA,Residential Apartment,Un-Furnished,Residential,40,L.P.G,YES,EAST-WEST,YES,YES,YES
EASTern Seventynine,2600,3,4,2,2,1,1,6,110000,0,2004,"Road: 81, Gulshan,Dhaka 1212",NA,NA,Residential Apartment,Un-Furnished,Residential,"""24 """,GOVT,YES,SOUTH,YES,YES,YES
Conco Feroza De Palace,2800,3,3,3,1,2,3,13,170000,12000,2020,"Road: 134, Gulshan,Dhaka 1212",NA,NA,Residential Apartment,Un-Furnished,Residential,"""24 """,L.P.G,YES,SOUTH,YES,YES,YES
Conco SheNAoah,3440,4,4,3,1,2,4,9,200000,20000,2025,"Road: 04, Gulshan,Dhaka 1212"," GYM,Swimming Pool",NA,Residential Apartment,Un-Furnished,Residential,40,L.P.G,YES,WEST,YES,YES,YES
Gemcon Nilakash,4000,4,5,4,2,2,6,11,220000,20000,2025,"Road: 131, Gulshan,Dhaka 1212",NA,NA,Residential Apartment,Un-Furnished,Residential,30,L.P.G,YES,SOUTH,YES,YES,YES
Bay Villa Laila,6500,3,5,3,3,2,9,10,"4,20,000",0,2017,"Road: 43, Gulshan,Dhaka 1212",NA,NA,Residential Apartment,Un-Furnished,Residential,30,L.P.G,YES,NORTH,YES,YES,YES
Suvau ANAolok 2A,3200,3,4,3,2,2,2,13,180000,15000,2023,"Road: 116, Gulshan,Dhaka 1212",NA,NA,Residential Apartment,Un-Furnished,Residential,30,L.P.G,YES,EAST,YES,YES,YES
SOUTH Breeze Serenity,3200,3,3,2,2,2,6,6,200000,20000,2022,"Road: 125, Gulshan,Dhaka 1212",NA,NA,Residential Apartment,Un-Furnished,	Commercial,30,L.P.G,YES,SOUTH,YES,NA,NA
Urban ShishirkoNA 10A,3000,4,4,3,2,2,10,14,260000,15000,2025,"Road: 117, Gulshan,Dhaka 1212",NA,NA,Residential Apartment,Un-Furnished,Residential,30,L.P.G,YES,EAST-WEST,YES,YES,YES
Bay's WESTlake,4500,4,5,4,2,2,8,9,450000,0,2020,"Road: 52, Gulshan,Dhaka 1212","GYM, Swimming Pool, AC.",NA,Residential Apartment,Semi Furnished,Residential,50,L.P.G,YES,WEST,YES,YES,YES
Asmit Mansion,4500,4,5,4,2,2,6,8,420000,60000,2020,"Road: 64, Gulshan,Dhaka 1212",NA,NA,Residential Apartment,Semi Furnished,Residential,50,L.P.G,YES,NORTH,YES,YES,YES
InNORTH Number 20 - 1A,4700,4,5,4,2,2,1,11,400000,45000,2020,"Road: 58, Gulshan,Dhaka 1212",NA,NA,Residential Apartment,Semi Furnished,Residential,90,L.P.G,YES,WEST,YES,YES,YES
Bra New Apartment 7A,3700,4,4,4,1,1,7,9,270000,20000,2025,"Road: 75, Gulshan,Dhaka 1212",NA,NA,Residential Apartment,Un-Furnished,Residential,30,L.P.G,YES,SOUTH,YES,YES,YES
Shanta Maaya,2425,3,3,3,1,2,6,6,165000,20000,2025,"Road: 15, Gulshan,Dhaka 1212",NA,NA,Residential Apartment,Un-Furnished,Residential,35,L.P.G,YES,EAST-WEST,YES,YES,YES
Sejad Palace,5500,Open Space,Open Space,Open Space,2,2,"4 , 5",11,"7,15,000","55,000",2010,"Road: Gulshan Avenue, Gulshan,Dhaka 1212","""24 Hours CCTV Coverage, Automatic Fire alarm Syem""",YES,Office Space,Un-Furnished,Commercial,60,NA,NA,EAST-WEST,YES,NA,NA
"FiNAnce Square 17 , 18 Floor",3700,Open Space,Open Space,Open Space,2,2,"17 , 18",23,"9,25,000","74,000",2020,"Road: 105, Gulshan,Dhaka 1212","""24 Hours CCTV Coverage, Automatic Fire alarm Syem""",YES,Office Space,Un-Furnished,Commercial,30,NA,NA,SOUTH,NA,NA,NA
Suvau Muskan ToWESTr 8 Floor,3995,Open Space,Open Space,Open Space,1,3,8,23,"4,79,400","59,925",2024,"Road: Gulshan Avenue, Gulshan,Dhaka 1212","""24 Hours CCTV Coverage, Automatic Fire alarm Syem""",YES,Office Space,Un-Furnished,Commercial,50,NA,NA,EAST,YES,NA,NA
Commercial Cove,3500,Open Space,Open Space,Open Space,1,2,7,10,"3,85,000",0,2010,"Road: 124, Gulshan,Dhaka 1212","""24 Hours CCTV Coverage, Automatic Fire alarm Syem""",YES,Office Space,Un-Furnished,Commercial,30,NA,NA,WEST,YES,NA,NA
Suvau HeNA Skyline,7500,Open Space,Open Space,Open Space,3,7,25,38,"1,125,000",0,2025,"Road: Gulshan Avenue, Gulshan,Dhaka 1212","""24 Hours CCTV Coverage, Automatic Fire alarm Syem""",YES,Office Space,Un-Furnished,Commercial,60,NA,NA,EAST,YES,NA,NA
Suvau Rahman Galleria,3017,Open Space,Open Space,Open Space,1,2,5,11,"452,550",0,2023,"Road: Gulshan Avenue, Gulshan,Dhaka 1212","""24 Hours CCTV Coverage, Automatic Fire alarm Syem""",YES,Office Space,Un-Furnished,Commercial,50,NA,NA,EAST,YES,NA,NA
iividual House,10000,Open Space,Open Space,Open Space,6,NA,"0,2",3,900000,0,2010,"Road: 53A, Gulshan,Dhaka 1212","""24 Hours CCTV Coverage, Automatic Fire alarm Syem""",YES,Office Space,Un-Furnished,Commercial,24,L.P.G,NA,WEST,YES,NA,NA
Conco Silvy ToWESTr,6500,Open Space,Open Space,Open Space,2,2,8,13,1300000,0,2017,"Road: Gulshan Avenue, Gulshan,Dhaka 1212","""24 Hours CCTV Coverage, Automatic Fire alarm Syem""",YES,Office Space,Un-Furnished,Commercial,50,NA,NA,EAST,YES,NA,NA
AWR U ToWESTr,2200,Open Space,Open Space,Open Space,1,3,2,20,374000,"33,000",2024,"Road: Gulshan Avenue, Gulshan,Dhaka 1212","""24 Hours CCTV Coverage, Automatic Fire alarm Syem""",YES,Office Space,"Un-Furnished, Open floor",Commercial,50,NA,NA,SOUTH,YES,NA,NA
Alauddin ToWESTr,4000,Open Space,Open Space,Open Space,2,2,4,11,480000,"40,000",2010,"Road: 113, Gulshan,Dhaka 1212","""24 Hours CCTV Coverage, Automatic Fire alarm Syem""",YES,Office Space,Un-Furnished,Commercial,24,NA,NA,EAST,YES,NA,NA
Conco IK ToWESTr,5200,Open Space,Open Space,Open Space,2,3,0,13,1560000,"52,000",2018,"Road: Gulshan Avenue, Gulshan,Dhaka 1212","""24 Hours CCTV Coverage, Automatic Fire alarm Syem""",YES,Office Space,Un-Furnished,Commercial,50,NA,NA,SOUTH,YES,NA,NA
Silver ToWESTr,5800,Open Space,Open Space,Open Space,2,3,8,18,638000,"58,000",2018,"Road: Gulshan Avenue, Gulshan,Dhaka 1212","""24 Hours CCTV Coverage, Automatic Fire alarm Syem""",YES,Office Space,"Un-Furnished, Open floor",Commercial,50,NA,NA,NORTH,YES,NA,NA
Rangs Z Square,3700,Open Space,Open Space,Open Space,1,2,14,20,740000,"55,500",2024,"Road: Gulshan Avenue, Gulshan,Dhaka 1212","""24 Hours CCTV Coverage, Automatic Fire alarm Syem""",YES,Office Space,Un-Furnished,Commercial,50,NA,NA,EAST,NA,NA,NA
NAvaNA Trillium,3900,Open Space,Open Space,Open Space,2,2,9,15,585000,"58,500",2024,"Road: Gulshan Avenue, Gulshan,Dhaka 1212","""24 Hours CCTV Coverage, Automatic Fire alarm Syem""",YES,Office Space,"Un-Furnished, Open floor",Commercial,50,NA,NA,NORTH,YES,NA,NA
ANAbil ToWESTr,6692,Open Space,Open Space,Open Space,1,5,16,20,1204560,"133,840",2019,"Road: Gulshan Avenue, Gulshan,Dhaka 1212","""24 Hours CCTV Coverage, Automatic Fire alarm Syem""",YES,Office Space,"Un-Furnished, Open floor",Commercial,50,NA,NA,SOUTH,YES,NA,NA
Reliance ToWESTr,6500,Open Space,Open Space,Open Space,2,4,8,14,845000,"65,000",2024,"Road: Gulshan Avenue, Gulshan,Dhaka 1212","""24 Hours CCTV Coverage, Automatic Fire alarm Syem""",YES,Office Space,"Un-Furnished, Open floor",Commercial,50,NA,NA,SOUTH,YES,NA,NA
Conco Baksh ToWESTr,3800,Open Space,Open Space,Open Space,2,2,1,18,950000,"57,000",2023,"Road: Gulshan Avenue, Gulshan,Dhaka 1212","""24 Hours CCTV Coverage, Automatic Fire alarm Syem""",YES,Office Space,"Un-Furnished, Open floor",Commercial,50,NA,NA,NORTH,YES,NA,NA
Bay Delvia,9000,Open Space,Open Space,Open Space,5,2,7,9,1440000,"45,000",2012,"Road: Gulshan Avenue, Gulshan,Dhaka 1212","""24 Hours CCTV Coverage, Automatic Fire alarm Syem""",YES,Office Space,"Un-Furnished, Open floor",Commercial,50,NA,NA,NORTH,YES,NA,NA
MMK Akash Avenue 8 floor,3372,Open Space,Open Space,Open Space,1,2,8,18,539520,"50,580",2023,"Road: Gulshan Avenue, Gulshan,Dhaka 1212","""24 Hours CCTV Coverage, Automatic Fire alarm Syem""",YES,Office Space,"Un-Furnished, Open floor",Commercial,50,NA,NA,SOUTH,YES,NA,NA
Conco Richmo,7500,Open Space,Open Space,Open Space,3,2,7,9,825000,"75,000",2010,"Road: Gulshan Avenue, Gulshan,Dhaka 1212","""24 Hours CCTV Coverage, Automatic Fire alarm Syem""",YES,Office Space,"Un-Furnished, Open floor",Commercial,50,NA,NA,EAST,YES,NA,NA
CDL Molla Capital Centre,4400,Open Space,Open Space,Open Space,2,2,7,8,528000,"79,200",2012,"Road: Gulshan Avenue, Gulshan,Dhaka 1212","""24 Hours CCTV Coverage, Automatic Fire alarm Syem""",YES,Office Space,"Un-Furnished, Open floor",Commercial,50,NA,NA,EAST,YES,NA,NA
Uday ToWESTr,12000,Open Space,Open Space,Open Space,5,4,17,21,1560000,"120,000",2010,"Road: Gulshan Avenue, Gulshan,Dhaka 1212","""24 Hours CCTV Coverage, Automatic Fire alarm Syem""",YES,Office Space,"Un-Furnished, Open floor",Commercial,50,NA,NA,EAST,YES,NA,NA
Jolchobi ToWESTr,2914,Open Space,Open Space,Open Space,1,2,2,15,874200,"29,140",2016,"Road: Madani Avenue, Gulshan,Dhaka 1212","""24 Hours CCTV Coverage, Automatic Fire alarm Syem""",YES,Office Space,Furnished,Commercial,50,NA,NA,SOUTH,YES,NA,NA
Genetic Baro Bhuiyan,6400,Open Space,Open Space,Open Space,2,3,14,15,1280000,"64,000",2010,"Road: Gulshan Avenue, Gulshan,Dhaka 1212","""24 Hours CCTV Coverage, Automatic Fire alarm Syem""",YES,Office Space,"Un-Furnished, Open floor",Commercial,50,NA,NA,NORTH,YES,NA,NA
Rangs Z Square (9 floor),3700,Open Space,Open Space,Open Space,2,2,9,20,629000,"55,500",2024,"Road: Gulshan Avenue, Gulshan,Dhaka 1212","""24 Hours CCTV Coverage, Automatic Fire alarm Syem""",YES,Office Space,"Un-Furnished, Open floor",Commercial,50,NA,NA,WEST,YES,NA,NA
Taj Merriot,5800,Open Space,Open Space,Open Space,2,1,4,7,696000,"58,000",2009,"Road: Gulshan Avenue, Gulshan,Dhaka 1212","""24 Hours CCTV Coverage, Automatic Fire alarm Syem""",YES,Office Space,"Un-Furnished, Open floor",Commercial,50,NA,NA,	EAST,YES,NA,NA
EASTern OversEASTs -7 Floor,1000,Open Space,Open Space,Open Space,NA,2,7,11,140000,"10,000",2005,"Road: 113, Gulshan,Dhaka 1212","""24 Hours CCTV Coverage, Automatic Fire alarm Syem""",YES,Office Space,Furnished,Commercial,24,NA,NA,SOUTH,YES,NA,NA
Symphony ToWESTr 5A,3961,Open Space,Open Space,Open Space,2,3,5,8,396100,"39,610",2007,"Road: Gulshan Avenue, Gulshan,Dhaka 1212","""24 Hours CCTV Coverage, Automatic Fire alarm Syem""",YES,Office Space,Un-Furnished,Commercial,50,NA,YES,SOUTH,YES,NA,NA
Conco IK ToWESTr 3A,4888,Open Space,Open Space,Open Space,2,3,3,13,782080,"58,656",2010,"Road: Gulshan Avenue, Gulshan,Dhaka 1212","""24 Hours CCTV Coverage, Automatic Fire alarm Syem""",YES,Office Space,Un-Furnished,Commercial,50,NA,NA,NORTH,YES,NA,NA
Simpletree Attalika,8300,Open Space,Open Space,Open Space,3,4,13,21,1660000,"166,000",2023,"Road: Gulshan Avenue, Gulshan,Dhaka 1212","""24 Hours CCTV Coverage, Automatic Fire alarm Syem""",YES,Office Space,Un-Furnished,Commercial,50,NA,NA,NORTH,YES,NA,NA
Rangs Z Square (0 floor),1000,Open Space,Open Space,Open Space,NA,2,0,20,700000,"15,000",2024,"Road: Gulshan Avenue, Gulshan,Dhaka 1212","""24 Hours CCTV Coverage, Automatic Fire alarm Syem""",YES,Office Space,Un-Furnished,Commercial,50,NA,NA,EAST,NA,NA,NA
Jabbar ToWESTr,5700,Open Space,Open Space,Open Space,2,2,18,23,684000,"45,600",2006,"Road: Gulshan Avenue, Gulshan,Dhaka 1212","""24 Hours CCTV Coverage, Automatic Fire alarm Syem""",YES,Office Space,Furnished,Commercial,50,NA,NA,EAST,YES,NA,NA
Bay Galleria 5A,5000,Open Space,Open Space,Open Space,2,2,5,9,1000000,"90,000",2008,"Road: Gulshan Avenue, Gulshan,Dhaka 1212","""24 Hours CCTV Coverage, Automatic Fire alarm Syem""",YES,Office Space,Un-Furnished,Commercial,50,NA,NA,EAST,YES,NA,NA
BTI Lamark 5A,3413,Open Space,Open Space,Open Space,2,5,5,13,648470,"68,260",2019,"Road: Gulshan Avenue, Gulshan,Dhaka 1212","""24 Hours CCTV Coverage, Automatic Fire alarm Syem""",YES,Office Space,"Un-Furnished, Open floor",Commercial,"""50 """,NA,NA,WEST,YES,NA,NA
EASTern OversEASTs,1000,Open Space,Open Space,Open Space,1,2,7,11,150000,"8,000",2015,"Road: 113, Gulshan,Dhaka 1212","""24 Hours CCTV Coverage, Automatic Fire alarm Syem""",YES,Office Space,Furnished,Commercial,24,NA,NA,SOUTH,YES,NA,NA
NAfi ToWESTr,6000,Open Space,Open Space,Open Space,2,3,16,20,840000,"60,000",2008,"Road: Gulshan Avenue, Gulshan,Dhaka 1212","""24 Hours CCTV Coverage, Automatic Fire alarm Syem""",YES,Office Space,Furnished,Commercial,"""50 """,NA,NA,EAST,YES,NA,NA
Amin Mohammad Green Meher ToWESTr,5200,Open Space,Open Space,Open Space,2,2,10,13,858000,"78,000",2023,"Road: Gulshan Avenue, Gulshan,Dhaka 1212","""24 Hours CCTV Coverage, Automatic Fire alarm Syem""",YES,Office Space,"Un-Furnished, Open floor",Commercial,"""50 """,NA,NA,WEST,YES,NA,NA
Suvau Muskan ToWESTr 13A,4000,Open Space,Open Space,Open Space,1,3,13,22,560000,"60,000",2023,"Road: Gulshan Avenue, Gulshan,Dhaka 1212,Dhaka 1212","""24 Hours CCTV Coverage, Automatic Fire alarm Syem""",YES,Office Space,"Un-Furnished, Open floor",Commercial,"""50 """,NA,NA,EAST,YES,NA,NA
Priine Pavilion 13A,6995,Open Space,Open Space,Open Space,3,4,13,16,1189150,"125,910",2019,"Road: Gulshan Avenue, Gulshan,Dhaka 1212","""24 Hours CCTV Coverage, Automatic Fire alarm Syem""",YES,Office Space,"Un-Furnished, Open floor",Commercial,"""50 """,NA,NA,WEST,YES,NA,NA
Rashid ToWESTr,6120,Open Space,Open Space,Open Space,1,2,11,17,734400,"61,200",2001,"Road: 21, Gulshan,Dhaka 1212","""24 Hours CCTV Coverage, Automatic Fire alarm Syem""",YES,Office Space,"Un-Furnished, Open floor",Commercial,"""50 """,NA,NA,NORTH,YES,NA,NA
Johora Assure Square,3955,Open Space,Open Space,Open Space,1,1,2,13,791000,"39,550",2012,"Road: 21, Gulshan,Dhaka 1212","""24 Hours CCTV Coverage, Automatic Fire alarm Syem""",YES,Office Space,"Un-Furnished, Open floor",Commercial,"""50 """,NA,NA,NORTH,YES,NA,NA
Ventura Avenue 4A,4000,Open Space,Open Space,Open Space,2,2,4,8,600000,"72,000",2010,"Road: Gulshan Avenue, Gulshan,Dhaka 1212","""24 Hours CCTV Coverage, Automatic Fire alarm Syem""",YES,Office Space,"Un-Furnished, Open floor",Commercial,60,NA,NA,EAST,YES,NA,NA
FiNAnce Square 18A,3950,Open Space,Open Space,Open Space,2,2,18,20,987500,"98,750",2017,"Road: 103, Gulshan,Dhaka 1212","""24 Hours CCTV Coverage, Automatic Fire alarm Syem""",YES,Office Space,Un-Furnished,Commercial,30,NA,NA,SOUTH,YES,NA,NA
Priine Pavilion 5A,2850,Open Space,Open Space,Open Space,2,4,5,16,470250,"51,300",2022,"Road: Gulshan Avenue, Gulshan,Dhaka 1212","""24 Hours CCTV Coverage, Automatic Fire alarm Syem""",YES,Office Space,"Un-Furnished, Open floor",Commercial,"""50 """,NA,NA,EAST,YES,NA,NA
InNORTH Trinity 2A,4758,4,5,3,2,2,2,9,550000,42000,2024,"Road: 65, Gulshan,Dhaka 1212","GYM, Swimming Pool, AC, 24 Hours Security Service.",NA,Luxury Apartment,Semi-Furnished,Residential,30,L.P.G,YES,NORTH,YES,YES,YES
Lamark Jamila Khatun,4100,4,4,3,2,2,3,6,350000,20000,2012,"Road: 56, Gulshan,Dhaka 1212","GYM, Swimming Pool, AC, 24 Hours Security Service.",NA,Luxury Apartment,Semi-Furnished,Residential,24,GOVT,YES,SOUTH,YES,YES,YES
"RahaNA , Juliya A4",4100,4,5,3,2,2,4,11,300000,20000,2024,"Road: 23, Gulshan,Dhaka 1212",GYM,NA,Luxury Apartment,Semi-Furnished,Residential,24,L.P.G,YES,NORTH,YES,YES,YES
SOUTH Breeze Autograph,4385,4,4,3,2,3,14,8,500000,0,2025,"Road: 60, Gulshan,Dhaka 1212","GYM, Swimming Pool, AC, 24 Hours Security Service.",NA,Luxury Apartment,Un-Furnished,Residential,24,L.P.G,YES,SOUTH,YES,YES,YES
Conco Songsaptak,5474,4,5,3,2,2,4,10,420000,0,2025,"Road: 67, Gulshan,Dhaka 1212","GYM, Swimming Pool",NA,Luxury Apartment,Un-Furnished,Residential,"""24 """,L.P.G,YES,SOUTH,YES,YES,YES
Dhansiri 6B,3400,4,4,3,2,2,6,11,300000,22000,2021,"Road: 90, Gulshan,Dhaka 1212","GYM, Swimming Pool, 24 Hours Security Service.",NA,Luxury Apartment,Semi-Furnished,Residential,"""24 """,L.P.G,YES,SOUTH,YES,YES,YES
InNORTH Zen,3300,4,4,3,2,2,"2, 5, 7, 9",10,250000,0,2025,"Road: 113, Gulshan,Dhaka 1212","GYM, Swimming Pool, AC, 24 Hours Security Service.",NA,Luxury Apartment,Semi-Furnished,Residential,"""24 """,L.P.G,YES,WEST,YES,YES,YES
InNORTH Metropolis 6B,3000,3,4,3,2,3,6,17,320000,24000,2024,"Road: 94, Gulshan,Dhaka 1212","GYM, Swimming Pool, AC",NA,Luxury Apartment,Semi-Furnished,Residential,"""24 """,L.P.G,YES,NORTH,YES,YES,YES
SOUTH Breeze Ripple,3660,4,4,3,2,3,8,13,330000,0,2025,"Road: 52, Gulshan,Dhaka 1212","GYM, Swimming Pool, AC, 24 Hours Security Service.",NA,Luxury Apartment,Un-Furnished,Residential,"""24 """,L.P.G,YES,SOUTH,YES,YES,YES
Asset An NAor,3145,4,4,3,2,2,1,15,250000,20000,2024,"Road: 126, Gulshan,Dhaka 1212",24 Hours Security Service.,NA,Residential Apartment,Un-Furnished,Residential,"""24 """,L.P.G,YES,SOUTH,YES,YES,YES
NAvaNA Shangshaptak 2B,3905,3,4,3,2,2,2,11,330000,20000,2024,"Road: 68, Gulshan,Dhaka 1212","GYM, Swimming",NA,Luxury Apartment,Furnished,Residential,"""24 """,L.P.G,YES,NORTH,YES,YES,YES
Shanta Aura 11B,3350,3,4,3,2,4,11,13,350000,0,2025,"Road: 81, Gulshan,Dhaka 1212","GYM, Swimming Pool, 24 Hours Security Service.",NA,Luxury Apartment,Un-Furnished,Residential,"""24 """,L.P.G,YES,EAST,YES,YES,YES
Simpletree Mahbub Plus,5700,4,5,3,3,4,5,12,600000,0,2024,"Road: NORTH Gulshan Avenue,Dhaka 1212","GYM, Swimming Pool, 24 Hours Security Service.",NA,Luxury Apartment,Un-Furnished,Residential,50,L.P.G,YES,EAST,YES,YES,YES
Shanta Zen,3000,3,4,3,2,2,2,18,250000,0,2025,"Road: 136, Gulshan,Dhaka 1212","GYM, 24 Hours Security Service.",NA,Luxury Apartment,Un-Furnished,Residential,"""24 """,L.P.G,YES,EAST,YES,YES,YES
Shanta Sanctum 5A,4000,4,5,4,2,2,5,13,400000,30000,2024,"Road: 83, Gulshan,Dhaka 1212","GYM, Swimming Pool, 24 Hours Security Service.",NA,Luxury Apartment,Un-Furnished,Residential,"""24 """,L.P.G,YES,EAST,YES,YES,YES
SOUTH Breeze Haques La,3720,4,4,4,2,2,4,12,400000,30000,2022,"Road: 35, Gulshan,Dhaka 1212","GYM, Swimming",NA,Luxury Apartment,Furnished,Residential,"""24 """,L.P.G,YES,EAST,YES,YES,YES
InNORTH Trinity,4758,4,5,3,2,2,2,9,550000,42000,2024,"Road: 66, Gulshan,Dhaka 1212","Swimming Pool,24 Hours Security Service.",NA,Luxury Apartment,Semi Furnished,Residential,"""24 """,L.P.G,YES,NORTH,YES,YES,YES
SOUTH Breeze Supreme 7A,4000,4,5,4,2,2,7,11,400000,0,2024,"Road: 62, Gulshan,Dhaka 1212","GYM, Swimming Pool,24 Hours Security Service.",NA,Luxury Apartment,Semi Furnished,Residential,"""24 """,L.P.G,YES,EAST,YES,YES,YES
Shanta Luxe 8A,4650,4,4,4,2,2,8,15,370000,0,2023,"Road: 50, Gulshan,Dhaka 1212","GYM, Swimming Pool,24 Hours Security Service.",NA,Luxury Apartment,Semi Furnished,Residential,"""24 """,L.P.G,YES,EAST,YES,YES,YES
Shanta Eyrie,4500,3,4,3,2,2,4,11,420000,0,2024,"Road: 52, Gulshan,Dhaka 1212",GYM,NA,Luxury Apartment,Semi Furnished,Residential,"""24 """,L.P.G,YES,SOUTH,YES,YES,YES
Bay Villa Laila 10A,6800,4,5,3,3,2,10,13,470000,40000,2019,"Road: 42, Gulshan,Dhaka 1212","GYM,Swimming Pool",NA,Luxury Apartment,Furnished,Residential,"""24 """,L.P.G,YES,NORTH,YES,YES,YES
Shanta NORTHern Light,6000,4,5,4,3,2,9,11,650000,50000,2020,"Road: 70, Gulshan,Dhaka 1212","GYM, Swimming Pool,24 Hours Security Service.",NA,Luxury Apartment,Semi Furnished,Residential,"""24 """,L.P.G,YES,SOUTH,YES,YES,YES
"SOUTH Breeze Supreme 11 , 12 Duplex",7750,5,6,6,4,2,"11 , 12",13,800000,50000,2024,"Road: 58, Gulshan,Dhaka 1212","GYM, Swimming Pool",NA,Luxury Apartment,Semi Furnished,Residential,"""24 """,L.P.G,YES,EAST,YES,YES,YES
MF Luxury House,3600,4,5,4,2,2,6,10,250000,20000,2018,"Road: 26, Gulshan,Dhaka 1212","GYM, Swimming Pool,24 Hours Security Service.",NA,Luxury Apartment,Semi Furnished,Residential,"""24 """,L.P.G,YES,EAST,YES,YES,YES
Alo,7500,6,7,7,3,2,6,9,600000,40000,2020,"Road: 108, Gulshan,Dhaka 1212","GYM, Swimming Pool",NA,Luxury Apartment,Un-Furnished,Residential,"""24 """,L.P.G,YES,SOUTH,YES,YES,YES
BTI ree,7000,5,6,4,3,2,13,15,750000,50000,2024,"Road: 48, Gulshan,Dhaka 1212","GYM, Swimming Pool",NA,Residential Apartment / Luxury Apartment,Un-Furnished,Residential,"""24 """,L.P.G,YES,EAST,YES,YES,YES
SOUTH Breeze Supreme 10A,4200,4,5,3,2,2,10,11,400000,30000,2024,"Road: 58, Gulshan,Dhaka 1212","GYM, Swimming Pool, 24 Hours Security Service.",NA,Luxury Apartment,Semi Furnished,Residential,"""24 """,L.P.G,YES,EAST,YES,YES,YES
InNORTH Number 20,4850,4,4,4,2,2,3,10,400000,40000,2021,"Road: 55, Gulshan,Dhaka 1212","GYM, 24 Hours Security Service.",NA,Residential Apartment / Luxury Apartment,Un-Furnished,Residential,"""24 """,L.P.G,YES,SOUTH,YES,YES,YES
Shanta e Sanctum,4000,3,4,2,2,2,8,9,400000,30000,2024,"Road: 82, Gulshan,Dhaka 1212",Swimming Pool,NA,Luxury Apartment,Un-Furnished,Residential,"""24 """,L.P.G,YES,EAST,YES,YES,YES
NAvaNA Caderwood,5000,4,5,4,2,2,8,10,380000,25000,2024,"Road: 79, Gulshan,Dhaka 1212","GYM, Swimming Pool, 24 Hours Security Service.",NA,Luxury Apartment,Semi Furnished,Residential,"""24 """,L.P.G,YES,NORTH,YES,YES,YES
Shanta Spleor B3,3600,3,4,3,2,2,3,7,300000,25000,2023,"Road: 48, Gulshan,Dhaka 1212","GYM, Swimming Pool,",NA,Luxury Apartment,Un-Furnished,Residential,"""24 """,L.P.G,YES,NORTH,YES,YES,YES
Shanta Nunita 7B,3800,3,4,5,2,2,7,15,420000,25000,2023,"Road: 54, Gulshan,Dhaka 1212","GYM, Swimming Pool,",NA,Residential Apartment / Luxury Apartment,Semi Furnished,Residential,"""24 """,L.P.G,YES,SOUTH,YES,YES,YES
Suvau Lohori 6A,5100,5,6,4,2,2,6,13,500000,30000,2023,"Road: 84, Gulshan,Dhaka 1212","GYM, Swimming Pool",NA,Residential Apartment / Luxury Apartment,Semi Furnished,Residential,"""24 """,L.P.G,YES,EAST,YES,YES,YES
NAvaNA Esilmon Palace 6B,3900,4,5,4,2,2,6,13,300000,30000,2023,"Road: 52, Gulshan,Dhaka 1212","GYM, Swimming Pool, 24 Hours Security Service.",NA,Residential Apartment / Luxury Apartment,Semi Furnished,Residential,"""24 """,L.P.G,YES,EAST,YES,YES,YES
Shanta Nunita,3800,3,4,5,2,2,2,15,450000,40000,2023,"Road: 55, Gulshan,Dhaka 1212","GYM, Swimming Pool, 24 Hours Security Service.",NA,Residential Apartment / Luxury Apartment,Un-Furnished,Residential,"""24 """,L.P.G,YES,EAST,YES,YES,YES
Inn ar Baitus Salam B2,3400,4,4,3,2,2,2,14,400000,20000,2023,"Road: 53, Gulshan,Dhaka 1212","GYM, Swimming Pool, 24 Hours Security Service.",NA,Residential Apartment / Luxury Apartment,Semi Furnished,Residential,"""24 """,L.P.G,YES,NORTH,YES,YES,YES
RIDGE PARK 4B,3360,4,4,4,2,2,4,12,330000,25000,2023,"Road: 35, Gulshan,Dhaka 1212","GYM, 24 Hours Security Service.",NA,Residential Apartment / Luxury Apartment,Semi Furnished,Residential,"""24 """,L.P.G,YES,NORTH,YES,YES,YES
Bay Miraa,4800,4,4,4,2,2,8,12,350000,20000,2017,"Road: 93, Gulshan,Dhaka 1212",Swimming Pool,NA,Residential Apartment / Luxury Apartment,Semi Furnished,Residential,"""24 """,L.P.G,YES,EAST,YES,YES,YES
NAvaNA Esilmon Palace A6,4000,4,4,4,2,2,6,13,400000,30000,2023,"Road: 49, Gulshan,Dhaka 1212","GYM, Swimming Pool, 24 Hours Security Service.",NA,Residential Apartment / Luxury Apartment,Un-Furnished,Residential,"""24 """,L.P.G,YES,SOUTH,YES,YES,YES
Shanta ar Ville 8B,4000,4,5,4,2,2,8,13,450000,30000,2023,"Road: 49, Gulshan,Dhaka 1212","GYM, 24 Hours Security Service.",NA,Residential Apartment / Luxury Apartment,Semi Furnished,Residential,"""24 """,L.P.G,YES,SOUTH,YES,YES,YES
Amin Mohammad Green Beverly Park 10B,4500,4,5,5,2,2,10,6,450000,30000,2023,"Road: 68, Gulshan,Dhaka 1212","GYM, Swimming Pool, 24 Hours Security Service.",NA,Residential Apartment / Luxury Apartment,Semi Furnished,Residential,30,L.P.G,YES,WEST,YES,YES,YES
Conco Kabir ToWESTr 9A,3400,3,3,3,2,2,9,11,400000,25000,2021,"Road: 100, Gulshan,Dhaka 1212",Swimming Pool,NA,Residential Apartment / Luxury Apartment,Furnished,Residential,16,L.P.G,YES,SOUTH,YES,YES,YES
Suvau Lohori 4A,5100,5,6,7,2,2,4,13,500000,25000,2023,"Road: 64, Gulshan,Dhaka 1212","GYM, Swimming Pool",NA,Residential Apartment / Luxury Apartment,Semi Furnished,Residential,16,L.P.G,YES,NORTH,YES,YES,YES
SOUTH LEASTf B5,3700,4,4,4,2,2,5,11,375000,25000,2023,"Road: 36, Gulshan,Dhaka 1212","GYM, Swimming Pool, 24 Hours Security Service.",NA,Residential Apartment / Luxury Apartment,Un-Furnished,Residential,16,L.P.G,YES,SOUTH,YES,YES,YES
BTI Park PaNORTHoma 10B,3528,4,5,3,2,2,10,11,350000,30000,2023,"Road: 108, Gulshan,Dhaka 1212","GYM, Swimming Pool",NA,Residential Apartment / Luxury Apartment,Un-Furnished,Residential,"""24 """,L.P.G,YES,WEST,YES,YES,YES
SABRA A6,4200,4,4,3,2,2,6,11,350000,25000,2023,"Road: 36, Gulshan,Dhaka 1212",24 Hours Security Service,NA,Residential Apartment / Luxury Apartment,Un-Furnished,Residential,16,L.P.G,YES,SOUTH,YES,YES,YES
Amain Mohammad Green Beverly Park,5000,4,5,5,2,2,10,11,570000,30000,2023,"Road: 69, Gulshan,Dhaka 1212",GYM,NA,Residential Apartment / Luxury Apartment,Un-Furnished,Residential,16,L.P.G,YES,SOUTH,YES,YES,YES
Shanta e Laing 9A,3500,4,4,3,2,2,9,11,300000,20000,2015,"Road: 104, Gulshan,Dhaka 1212",GYM,NA,Furnished Apartment / Luxury Apartment,Furnished,Residential,16,L.P.G,YES,SOUTH,YES,YES,YES
Inn ar Baitus Salam 2B,3400,4,4,3,2,2,2,14,400000,12000,2023,"Road: 53, Gulshan,Dhaka 1212",24 Hours Security Service.,NA,Residential Apartment / Luxury Apartment,Semi Furnished,Residential,"""24 """,L.P.G,YES,NORTH,YES,YES,YES
Bay Miraa 8A,4800,4,4,4,2,2,8,12,350000,20000,2017,"Road: 94, Gulshan,Dhaka 1212","Swimming Pool, 24 Hours Security Service",NA,Luxury Apartment,Semi Furnished,Residential,16,L.P.G,YES,EAST,YES,YES,YES
BTI e Address,3300,3,4,4,2,3,1,14,230000,20000,2016,"Road: 90, Gulshan,Dhaka 1212","GYM, Swimming Pool",NA,Furnished Apartment / Luxury Apartment,Furnished,Residential,"""24 """,L.P.G,YES,NORTH,YES,YES,YES
Shanta Jalalabad A1,3500,4,4,4,2,2,1,12,260000,30000,2017,"Road: 47, Gulshan,Dhaka 1212","GYM, Swimming Pool, 24 Hours Security Service",NA,Residential Apartment / Luxury Apartment,Semi Furnished,Residential,"""24 """,L.P.G,YES,SOUTH,YES,YES,YES
Tropical Homes,3860,4,4,4,2,2,6,15,370000,30000,2023,"Road: 54, Gulshan,Dhaka 1212",GYM,NA,Luxury Apartment,Un-Furnished,Residential,"""24 """,L.P.G,YES,WEST,YES,YES,YES
Shanta e Regal 11B,6100,3,3,3,2,2,11,16,725000,50000,2023,"Road: 84, Gulshan,Dhaka 1212","GYM, Swimming Pool",NA,Luxury Apartment,Semi Furnished,Residential,"""24 """,L.P.G,YES,EAST,YES,YES,YES
NAvaNA e Platinum Residence,3200,3,3,3,1,4,2,6,260000,24000,2012,"Road: 71, Gulshan,Dhaka 1212",Swimming Pool,NA,Furnished Apartment / Luxury Apartment,Furnished,Residential,"""24 """,L.P.G,YES,SOUTH,YES,YES,YES
Shanta e Laing,3741,3,4,3,2,2,7,13,200000,15000,2020,"Road: 138, Gulshan,Dhaka 1212",GYM,NA,Luxury Apartment,Un-Furnished,Residential,"""24 """,L.P.G,YES,WEST,YES,YES,YES
Rangs SABRA,4200,4,4,4,2,2,6,11,350000,40000,2023,"Road: 136, Gulshan,Dhaka 1212",NA,NA,Residential Apartment / Luxury Apartment,Furnished,Residential,"""24 """,L.P.G,YES,EAST,YES,YES,YES
Dhansiri,3700,4,4,3,2,2,6,12,310000,20000,2022,"Road: 88, Gulshan,Dhaka 1212","GYM, Swimming Pool",NA,Luxury Apartment,Furnished,Residential,"""24 """,L.P.G,YES,EAST,YES,YES,YES
Asset Pacifica E2,1800,3,3,2,1,2,2,6,120000,10000,2002,"Road: 117, Gulshan,Dhaka 1212",NA,NA,Furnished Apartment,Furnished,Residential,"""16 """,GOVT,YES,SOUTH,YES,YES,YES
Rangs Qader HEASTven C3,2000,3,3,2,1,2,3,6,100000,9000,2007,"Road: 117, Gulshan,Dhaka 1212",NA,NA,Furnished Apartment,Furnished,Residential,"""16 """,GOVT,YES,NORTH,YES,YES,YES
Suvau Rahman Heights 2A,4100,4,4,3,2,2,2,10,250000,15000,2018,"Road: 86, Gulshan,Dhaka 1212",NA,NA,Furnished Apartment,Furnished,Residential,"""16 """,L.P.G,YES,WEST,YES,YES,YES
Advanced Park Aviliya B2,2200,3,3,3,1,1,2,6,100000,8000,2009,"Road: 85, Gulshan,Dhaka 1212",NA,NA,Furnished Apartment,Furnished,Residential,"""16 """,GOVT,YES,SOUTH,YES,YES,YES
Memory B5,1900,3,3,1,1,1,5,6,180000,9000,2008,"Road: 49, Gulshan,Dhaka 1212",NA,NA,Furnished Apartment,Furnished,Residential,"""16 """,GOVT,YES,SOUTH,YES,YES,YES
Rangs BarNAli C2,3500,4,5,3,2,2,2,6,210000,10000,2002,"Road: 137, Gulshan,Dhaka 1212",NA,NA,Furnished Apartment,Furnished,Residential,"""16 """,GOVT,YES,EAST,YES,YES,YES
Rangs Mir Palace B6,1800,3,3,2,1,2,6,8,130000,10000,2015,"Road: 62, Gulshan,Dhaka 1212",NA,NA,Furnished Apartment,Furnished,Residential,"""16 """,L.P.G,YES,SOUTH,YES,YES,YES
NAvaNA Daisy Florenso A5,2400,3,3,3,1,2,5,10,120000,10000,2018,"Road: 23, Gulshan,Dhaka 1212",NA,NA,Furnished Apartment,Furnished,Residential,"""16 """,L.P.G,YES,EAST,YES,YES,YES
Labaid Palace De Alam 7A,4000,3,5,4,2,1,7,9,320000,20000,2022,"Road: 99, Gulshan,Dhaka 1212",NA,NA,Furnished Apartment,Furnished,Residential,"""16 """,L.P.G,YES,EAST,YES,YES,YES
Rancon Icon ToWESTr 7B,2200,3,3,3,1,2,7,13,275000,15000,2022,"Road: 126, Gulshan,Dhaka 1212","GYM, Swimming Pool",NA,Furnished Apartment,Furnished,Residential,"""16 """,L.P.G,YES,SOUTH,YES,YES,YES
Suvau Asmi NAzeel MaNORTH 3A,2200,3,3,3,1,1,3,11,150000,13000,2018,"Road: 73, Gulshan,Dhaka 1212",NA,NA,Furnished Apartment,Furnished,Residential,"""16 """,L.P.G,YES,NORTH,YES,YES,YES
Villa York A5,1800,3,3,2,1,1,5,6,130000,7500,2002,"Road: 5, Gulshan,Dhaka 1212",NA,NA,Furnished Apartment,Furnished,Residential,"""16 """,L.P.G,YES,NORTH,YES,YES,YES
Royale Salika,2300,3,3,2,1,2,3,11,120000,10000,2019,"Road: 64, Gulshan,Dhaka 1212",NA,NA,Furnished Apartment,Furnished,Residential,"""16 """,L.P.G,YES,SOUTH,YES,YES,YES
Bay Lakewood A4,3400,3,3,3,2,2,4,11,320000,12000,2022,"Road: 55, Gulshan,Dhaka 1212",NA,NA,Furnished Apartment,Furnished,Residential,"""16 """,L.P.G,YES,SOUTH,YES,YES,YES
Suvau ANAolok 2B,2900,3,3,3,1,2,2,14,220000,15000,2022,"Road: 118, Gulshan,Dhaka 1212",NA,NA,Furnished Apartment,Furnished,Residential,"""16 """,L.P.G,YES,NORTH,YES,YES,YES
Conco Feroza De Palace B7,2400,3,3,3,1,2,7,11,160000,11000,2019,"Road: 136, Gulshan,Dhaka 1212","GYM, Swimming Pool",NA,Furnished Apartment,Furnished,Residential,"""16 """,L.P.G,YES,NORTH,YES,YES,YES
BTI e Shangrila A9,3000,3,4,2,1,2,9,10,210000,12500,2017,"Road: 119, Gulshan,Dhaka 1212",NA,NA,Furnished Apartment,Furnished,Residential,"""16 """,L.P.G,YES,WEST,YES,YES,YES
Bay Brook Wood,2450,3,3,3,1,2,8,11,180000,15000,2021,"Road: 138, Gulshan,Dhaka 1212","GYM, Swimming Pool",NA,Furnished Apartment,Furnished,Residential,24,L.P.G,YES,SOUTH,YES,YES,YES
NAvaNA Ascension A4,3000,4,5,4,2,2,4,8,280000,15000,2022,"Road: 67, Gulshan,Dhaka 1212",NA,NA,Furnished Apartment,Furnished,Residential,"""16 """,L.P.G,YES,NORTH,YES,YES,YES
NAvaNA Casa Gr A10,4200,4,4,4,2,2,10,11,300000,25000,2016,"Road: 76, Gulshan,Dhaka 1212",NA,NA,Furnished Apartment,Furnished,Residential,"""16 """,L.P.G,YES,EAST,YES,YES,YES
Suvau Firoja Villa 3A,3700,4,4,3,2,2,3,14,200000,14000,2015,"Road: 35, Gulshan,Dhaka 1212",NA,NA,Furnished Apartment,Furnished,Residential,24,L.P.G,YES,SOUTH,YES,YES,YES
Sheltech Venus (udio Apartment),1500,1,2,1,1,1,5,6,120000,6000,2008,"Road: 32, Gulshan,Dhaka 1212",NA,NA,Furnished Apartment,Furnished,Residential,"""16 """,L.P.G,YES,NORTH,YES,YES,YES
Anwar Lamark BEG Park View B7,2450,3,3,3,2,3,7,14,200000,15000,2015,"Road: 82, Gulshan,Dhaka 1212","GYM, Swimming Pool",NA,Furnished Apartment,Furnished,Residential,"""16 """,L.P.G,YES,WEST,YES,YES,YES
Rahmania Amicus 1A,1500,3,3,2,1,1,1,6,80000,8000,2007,"Road: 137, Gulshan,Dhaka 1212",NA,NA,Furnished Apartment,Furnished,Residential,"""16 """,GOVT,YES,EAST,YES,YES,YES
Ojhora B2,2200,3,3,2,1,1,2,6,110000,10000,2005,"Road: 45, Gulshan,Dhaka 1212",NA,NA,Furnished Apartment,Furnished,Residential,"""16 """,GOVT,YES,SOUTH,YES,YES,YES
Gulshan Gallery A1,2200,3,3,2,1,1,1,6,140000,15000,2007,"Road: 68, Gulshan,Dhaka 1212",NA,NA,Furnished Apartment,Furnished,Residential,"""16 """,GOVT,YES,NORTH,YES,YES,YES
Delvia MoNAtaara 8A,3700,4,4,3,2,2,8,11,250000,15000,2015,"Road: 103, Gulshan,Dhaka 1212",NA,NA,Furnished Apartment,Furnished,Residential,"""16 """,L.P.G,YES,NORTH,YES,YES,YES
Laila Bhaban 8A,2200,3,3,2,1,1,8,9,160000,10000,2020,"Road: 43, Gulshan,Dhaka 1212",NA,NA,Furnished Apartment,Furnished,Residential,"""16 """,L.P.G,YES,NORTH,YES,YES,YES
Ventura Mirabelle A2,2200,3,3,2,1,1,2,6,120000,10000,2008,"Road: 8, Gulshan,Dhaka 1212",NA,NA,Furnished Apartment,Furnished,Residential,"""16 """,GOVT,YES,SOUTH,YES,YES,YES
AdiNA REASTl EASTte Rouzia Heights 7A,2450,3,3,3,1,2,7,9,210000,10000,2010,"Road: 117, Gulshan,Dhaka 1212",NA,NA,Furnished Apartment,Furnished,Residential,"""16 """,L.P.G,YES,SOUTH,YES,YES,YES
Suvau ANAolok 12B,2900,3,3,3,1,2,12,14,190000,12000,2022,"Road: 118, Gulshan,Dhaka 1212",NA,NA,Furnished Apartment,Furnished,Residential,"""16 """,L.P.G,YES,NORTH,YES,YES,YES
ANZ Resalo,2750,3,3,3,1,1,2,6,140000,13000,2012,"Road: 120, Gulshan,Dhaka 1212",NA,NA,Furnished Apartment,Furnished,Residential,"""16 """,L.P.G,YES,NORTH,YES,YES,YES
NAvaNA e Platinum Residence C2,3200,3,3,2,1,4,2,6,220000,24000,2010,"Road: 72, Gulshan,Dhaka 1212",Swimming Pool,NA,Furnished Apartment,Furnished,Residential,"""16 """,L.P.G,YES,SOUTH,YES,YES,YES
Suvau Firoja Villa,3700,4,4,3,2,2,3,14,200000,15000,2015,"Road: 35, Gulshan,Dhaka 1212",NA,NA,Furnished Apartment,Furnished,Residential,"""16 """,L.P.G,YES,WEST,YES,YES,YES
Laila Bhaban,2200,3,3,2,1,1,8,9,160000,10000,2020,"Road: 41, Gulshan,Dhaka 1212",NA,NA,Furnished Apartment,Furnished,Residential,"""16 """,L.P.G,YES,SOUTH,YES,YES,YES
Conco Kabir ToWESTr 5A,3500,3,3,3,2,2,5,11,350000,25000,2020,"Road: 100, Gulshan,Dhaka 1212",Swimming Pool,NA,Furnished Apartment,Furnished,Residential,"""24  """,L.P.G,YES,SOUTH,YES,YES,YES
BTI e Shangrila,3000,3,4,2,1,1,9,10,210000,12500,2017,"Road: 113, Gulshan,Dhaka 1212","GYM,Swimming Pool",NA,Furnished Apartment,Furnished,Residential,"""16 """,L.P.G,YES,WEST,YES,YES,YES
Bay Lakewood,3400,3,3,3,2,2,4,11,320000,25000,2022,"Road: 57, Gulshan,Dhaka 1212",NA,NA,Furnished Apartment,Furnished,Residential,"""16 """,L.P.G,YES,WEST,YES,YES,YES
ANZ Park Shore,2800,4,4,3,1,2,5,11,200000,14000,2011,"Road: 39, Gulshan,Dhaka 1212",GYM,NA,Furnished Apartment,Furnished,Residential,"""16 """,L.P.G,YES,SOUTH,YES,YES,YES
Alamin Spleour Fair,2700,4,4,3,2,2,12,13,180000,15000,2012,"Road: 104, Gulshan,Dhaka 1212","GYM,Swimming Pool",NA,Furnished Apartment,Furnished,Residential,"""16 """,L.P.G,YES,SOUTH,YES,YES,YES
AZ AN,2600,4,4,4,1,1,4,13,270000,0,2022,"Road: 32, Gulshan,Dhaka 1212",NA,NA,Furnished Apartment,Furnished,Residential,"""24 """,L.P.G,YES,EAST,YES,YES,YES
R M Center,6700,Open Space,Open Space,Open Space,2,2,5,7,871000,"67,000",2000,"Road: Gulshan Avenue, Gulshan,Dhaka 1212","""24 hours CC TV coverage,Automatic Fire alarm syem""",YES,Office Space,"Un-Furnished, Open floor",Commercial,"""50 """,NA,NA,WEST,YES,NA,NA
MMK Aakash Avenue 13A,3372,Open Space,Open Space,Open Space,1,2,13,18,573240,"50,580",2022,"Road: Gulshan Avenue, Gulshan,Dhaka 1212","""24 hours CC TV coverage,Automatic Fire alarm syem""",YES,Office Space,"Un-Furnished, Open floor",Commercial,"""50 """,NA,NA,NORTH,YES,NA,NA
Ventura Avenue,4000,Open Space,Open Space,Open Space,2,2,3,6,660000,"72,000",2010,"Road: Gulshan Avenue, Gulshan,Dhaka 1212","""24 hours CC TV coverage,Automatic Fire alarm syem""",YES,Office Space,"Un-Furnished, Open floor",Commercial,"""50 """,NA,NA,EAST,YES,NA,NA
Suvau Imam Square,7000,Open Space,Open Space,Open Space,2,1,8,9,910000,"70,000",2018,"Road: Gulshan Avenue, Gulshan,Dhaka 1212","""24 hours CC TV coverage,Automatic Fire alarm syem""",YES,Office Space,Furnished,Commercial,"""50 """,NA,NA,NORTH,YES,NA,NA
Taher Mension,4000,Open Space,Open Space,Open Space,NA,1,5,8,440000,"40,000",2000,"Road: Gulshan Avenue, Gulshan,Dhaka 1212","""24 hours CC TV coverage,Automatic Fire alarm syem""",YES,Office Space,"Un-Furnished, Open floor",Commercial,"""50 """,NA,NA,NORTH,YES,NA,NA
Laila ToWESTr 7A,3000,Open Space,Open Space,Open Space,1,3,7,14,600000,"60,000",2012,"Road: Gulshan Avenue, Gulshan,Dhaka 1212","""24 hours CC TV coverage,Automatic Fire alarm syem""",YES,Office Space,"Un-Furnished, Open floor",Commercial,"""50 """,NA,NA,NORTH,YES,NA,NA
Khaokar ToWESTr 10A,14000,Open Space,Open Space,Open Space,2,3,10,15,2240000,"210,000",2018,"Road: Gulshan Avenue, Gulshan,Dhaka 1212","""24 hours CC TV coverage,Automatic Fire alarm syem""",YES,Office Space,"Un-Furnished, Open floor",Commercial,"""50 """,NA,NA,EAST,NA,NA,NA
MCC CDL 4A,8200,Open Space,Open Space,Open Space,4,3,4,8,1312000,"147,600",2010,"Road: Gulshan Avenue, Gulshan,Dhaka 1212","""24 hours CC TV coverage,Automatic Fire alarm syem""",YES,Office Space,"Un-Furnished, Open floor",Commercial,"""50 """,NA,NA,WEST,YES,NA,NA
FiNAnce Square,3950,Open Space,Open Space,Open Space,2,2,16,20,987500,"98,750",2017,"Road: 102, Gulshan,Dhaka 1212","""24 hours CC TV coverage,Automatic Fire alarm syem""",YES,Office Space,"Un-Furnished, Open floor",Commercial,30,NA,NA,SOUTH,NA,NA,NA
HosNA Centre,2084,Open Space,Open Space,Open Space,2,2,5,7,281340,"14,588",2017,"Road: Gulshan Avenue, Gulshan,Dhaka 1212","""24 hours CC TV coverage,Automatic Fire alarm syem""",YES,Office Space,"Un-Furnished, Open floor",Commercial,"""50 """,NA,NA,NORTH,YES,NA,NA
Jahed Plaza,9500,Open Space,Open Space,Open Space,NA,3,9,16,950000,"95,000",2010,"Road: Gulshan 2 Circle, Gulshan,Dhaka 1212","""24 hours CC TV coverage,Automatic Fire alarm syem""",YES,Office Space,"Un-Furnished, Open floor",Commercial,"""50 """,NA,NA,WEST,NA,NA,NA
Gulshan Center Point,14000,Open Space,Open Space,Open Space,11,6,19,26,2590000,"350,000",2021,"Road: Gulshan 2 Circle, Gulshan,Dhaka 1212","""24 hours CC TV coverage,Automatic Fire alarm syem,GYM,Swimming Pool""",YES,Office Space,"Un-Furnished, Open floor",Commercial,24,NA,NA,NORTH,NA,NA,NA
ar Centre,2300,Open Space,Open Space,Open Space,1,1,5,6,230000,"20,000",2000,"Road: Gulshan Avenue, Gulshan,Dhaka 1212","""24 hours CC TV coverage,Automatic Fire alarm syem""",YES,Office Space,"Un-Furnished, Open floor",Commercial,"""50 """,NA,NA,WEST,YES,NA,NA
Belvia,9000,Open Space,Open Space,Open Space,4,2,6,8,1440000,"90,000",2010,"Road: Gulshan Avenue, Gulshan,Dhaka 1212","""24 hours CC TV coverage,Automatic Fire alarm syem""",YES,Office Space,"Un-Furnished, Open floor",Commercial,"""50 """,NA,NA,EAST,YES,NA,NA
Cryal Palace 12A,5600,Open Space,Open Space,Open Space,2,3,12,15,840000,"84,000",2019,"Road: Gulshan Avenue, Gulshan,Dhaka 1212","""24 hours CC TV coverage,Automatic Fire alarm syem""",YES,Office Space,"Un-Furnished, Open floor",Commercial,"""50 """,NA,NA,SOUTH,YES,NA,NA
Amanullah Trade Centre,3700,Open Space,Open Space,Open Space,2,2,9,16,555000,"37,000",2022,"Gulshan Avenue,Dhaka 1212",NA,NA,Office Space,"Un-Furnished, Open floor",Commercial,"""50 """,NA,NA,WEST,YES,NA,NA
Lotus Kamal ToWESTr,6067,Open Space,Open Space,Open Space,2,3,13,14,849380,0,2018,"Road: Gulshan Avenue, Gulshan,Dhaka 1212","""24 hours CC TV coverage,Automatic Fire alarm syem""",YES,Office Space,"Un-Furnished, Open floor",Commercial,"""50 """,NA,NA,NORTH,NA,NA,NA
Rahman Galleria 9A,2965,Open Space,Open Space,Open Space,1,2,9,11,415100,"29,650",2022,"Road: Gulshan Avenue, Gulshan,Dhaka 1212","""24 hours CC TV coverage,Automatic Fire alarm syem""",YES,Office Space,"Un-Furnished, Open floor",Commercial,"""50 """,NA,NA,NORTH,YES,NA,NA
Simpletree ANORTHkoli,4088,Open Space,Open Space,Open Space,2,3,0,14,2125760,"81,760",2017,"Road: Gulshan Avenue, Gulshan,Dhaka 1212","""24 hours CC TV coverage,Automatic Fire alarm syem""",YES,Office Space,"Un-Furnished, Open floor",Commercial,"""50 """,NA,NA,NORTH,YES,NA,NA
Hamid ToWESTr,3600,Open Space,Open Space,Open Space,NA,2,5,15,550000,"43,200",2006,"Road: Gulshan 2 Circle, Gulshan Avenue,Dhaka 1212","""24 hours CC TV coverage,Automatic Fire alarm syem""",YES,Office Space,"Un-Furnished, Open floor",Commercial,"""50 """,NA,NA,EAST,YES,NA,NA
Suvau Muskan ToWESTr,1174,Open Space,Open Space,Open Space,1,3,0,24,704400,"17,610",2022,"Road: Gulshan Avenue,Dhaka 1212","""24 hours CC TV coverage,Automatic Fire alarm syem""",YES,Office Space,"Un-Furnished, Open floor",Commercial,"""50 """,NA,NA,EAST,YES,NA,NA
Shezad Palace,5500,Open Space,Open Space,Open Space,2,2,7,11,660000,"55,000",2015,"Gulshan Avenue,Dhaka 1212","""24 hours security service""",NA,Office Space,"Un-Furnished, Open floor",Commercial,"""50 """,NA,NA,WEST,YES,NA,NA
Giasuddin ToWESTr,6000,Open Space,Open Space,Open Space,1,2,6,10,600000,"60,000",2022,"Gulshan Avenue,Dhaka 1212","""24 hours security service""",NA,Office Space,"Un-Furnished, Open floor",Commercial,"""50 """,NA,NA,SOUTH,YES,NA,NA
Rangs FC Square,5671,Open Space,Open Space,Open Space,3,3,6,16,1077490,"102,078",2017,"Gulshan Avenue,Dhaka 1212",NA,NA,Office Space,"Un-Furnished, Open floor",Commercial,"""50 """,NA,NA,EAST,YES,NA,NA
Shanta Zephyr,3500,3,3,3,2,2,13,16,320000,0,2025,"Road: 105, Gulshan,Dhaka 1212","GYM,Swimming Pool",NA,Residential Apartment,Un-Furnished,Residential,35,L.P.G,YES,SOUTH,YES,YES,YES
Arcadia,2800,4,4,3,1,1,8,9,110000,12000,2010,"Road: 14/A, Gulshan,Dhaka 1212",NA,NA,Residential Apartment,Un-Furnished,Residential,"""24 """,GOVT,YES,SOUTH,YES,YES,YES
Simple Tree NAzma,2500,3,4,2,1,1,4,8,150000,15000,2023,"Road: 17/A, Gulshan,Dhaka 1212",NA,NA,Residential Apartment,"Un-Furnished",Residential,"""24 """,L.P.G,YES,NORTH,YES,YES,YES
Conco Lake Breeze,4000,4,4,2,2,1,1,6,180000,0,2007,"Road: 106, Gulshan,Dhaka 1212",NA,NA,Residential Apartment,Un-Furnished,Residential,"""24 """,GOVT,YES,NORTH,YES,YES,YES
Sky Touch Amir's DrEASTm A4,2600,4,4,3,1,2,4,14,180000,12000,2023,"Road: 106, Gulshan,Dhaka 1212",NA,NA,Residential Apartment,Un-Furnished,Residential,"""24 """,L.P.G,YES,WEST,YES,YES,YES
Suvau Setara 2B,2900,4,4,3,2,2,2,10,150000,16000,2010,"Road: 77, Gulshan,Dhaka 1212",NA,NA,Residential Apartment,Un-Furnished,Residential,"""24 """,GOVT,YES,EAST,YES,YES,YES
"Sharif Oak Dale",3400,4,4,3,2,2,4,12,230000,15000,2012,"Road: 97,Gulshan,Dhaka 1212",NA,NA,Residential Apartment,Un-Furnished,Residential,"""24 """,GOVT,YES,EAST,YES,YES,YES
Mourani Bau,3050,4,4,2,2,2,2,6,200000,15000,2009,"Road: 68, Gulshan,Dhaka 1212",NA,NA,Residential Apartment,Semi Furnished,Residential,"""24 """,GOVT,YES,SOUTH,YES,YES,YES
Shanta Zen 13A,3000,3,4,3,1,2,13,15,250000,0,2025,"Road: 135, Gulshan,Dhaka 1212","GYM,Swimming Pool",NA,Residential Apartment,Un-Furnished,Residential,"""20 """,L.P.G,YES,SOUTH,YES,YES,YES
Shanta Aura 2D,3350,3,4,3,2,4,2,28,350000,0,2025,"Road: 84, Gulshan,Dhaka 1212",Swimming Pool,NA,Residential Apartment,Un-Furnished,Residential,30,L.P.G,YES,NORTH-SOUTH,YES,YES,YES
"InNORTH Metropolis 16A , 17A",6000,5,8,6,4,3,"16, 17",18,650000,50000,2024,"Road: 94, Gulshan,Dhaka 1212","GYM,Swimming Pool",NA,Residential Apartment,Semi Furnished,Residential,30,L.P.G,YES,NORTH,YES,YES,YES
Max Adn,4591,4,5,3,2,2,8,9,350000,30000,2025,"Road: 88, Gulshan,Dhaka 1212",NA,NA,Residential Apartment,Un-Furnished,Residential,30,L.P.G,YES,WEST,YES,YES,YES
Bengal House,4800,4,5,4,2,1,5,8,450000,0,2025,"Road: 116, Gulshan,Dhaka 1212",NA,NA,Residential Apartment,Semi Furnished,Residential,30,L.P.G,YES,EAST,YES,YES,YES
AmeNA Terraces 7A,4500,4,5,3,2,2,7,13,550000,0,2025,"Road: 66, Gulshan,Dhaka 1212",Swimming Pool,NA,Residential Apartment,Semi Furnished,Residential,30,L.P.G,YES,SOUTH,YES,YES,YES
Proshad Bilash,2500,3,3,2,1,1,1,6,90000,0,2000,"Road: 57, Gulshan,Dhaka 1212",Swimming Pool,NA,Residential Apartment,"Un-Furnished",Residential,"""24 """,GOVT,YES,WEST,YES,YES,YES
"InNORTH Icon Residence",4330,4,4,3,2,2,4,11,350000,0,2025,"Road: 46, Gulshan,Dhaka 1212",Swimming Pool,NA,Residential Apartment,Semi Furnished,Residential,50,L.P.G,YES,WEST,YES,YES,YES
Anwar La Mark,2250,3,3,2,1,3,5,13,220000,15000,2015,"Road: 85, Gulshan,Dhaka 1212","GYM,Swimming Pool",NA,Residential Apartment,Semi Furnished,Residential,"""24 """,GOVT,YES,EAST,YES,YES,YES
Lake PEASTce,2000,3,3,2,1,2,9,10,160000,10000,2010,"Road: 116, Gulshan,Dhaka 1212",NA,NA,Residential Apartment,Semi Furnished,Residential,"""24 """,GOVT,YES,WEST,YES,YES,YES
NAvaNA Shatadal LEASTf,4200,4,4,3,2,2,3,11,210000,0,2015,"Road: 35, Gulshan,Dhaka 1212",NA,NA,Residential Apartment,Un-Furnished,Residential,"""24 """,GOVT,YES,SOUTH,YES,YES,YES
Apon Arham,2890,3,3,3,2,2,11,14,200000,0,2024,"Road: 109, Gulshan,Dhaka 1212",24 hours security service,NA,Residential Apartment,Un-Furnished,Residential,25,L.P.G,YES,SOUTH,YES,YES,YES
SOUTH Breeze Ripple 2A,3660,4,4,3,2,3,2,7,250000,0,2025,"Road: 48, Gulshan,Dhaka 1212",Swimming Pool,NA,Residential Apartment,Un-Furnished,Residential,"""24 """,L.P.G,YES,WEST,YES,YES,YES
Ville De Shezan,4412,4,5,3,2,1,3,6,350000,30000,2010,"Road: 64, Gulshan,Dhaka 1212",24 hours security service,NA,Residential Apartment,Un-Furnished,Residential,"""24 """,GOVT,YES,NORTH,YES,YES,YES
ikaNA,3000,4,4,3,2,2,7,11,150000,20000,2012,"Road: 136, Gulshan,Dhaka 1212",NA,NA,Residential Apartment,Un-Furnished,Residential,"""24 """,GOVT,YES,WEST,YES,YES,YES
ABC NAkshtra,4000,4,4,3,2,2,10,13,400000,35000,2025,"Road: 66, Gulshan,Dhaka 1212","Swimming Pool,24 hours security service",NA,Residential Apartment,Semi Furnished,Residential,30,L.P.G,YES,WEST,YES,YES,YES
Ventura ar,3500,4,4,3,2,2,8,13,420000,0,2025,"Road: 65A, Gulshan,Dhaka 1212",NA,NA,Residential Apartment,Semi Furnished,Residential,30,L.P.G,YES,EAST,YES,YES,YES
AmeNA Terraces,4500,3,4,3,2,2,3,13,500000,0,2025,"Road: 66, Gulshan,Dhaka 1212",Swimming Pool,NA,Residential Apartment,Semi-Furnished,Residential,"""24 """,L.P.G,YES,SOUTH,YES,YES,YES
JahaNORTHa DyNAy 13B,3715,4,4,4,2,2,13,14,300000,15000,2020,"Road: 105, Gulshan,Dhaka 1212",GYM,NA,Residential Apartment,Un-Furnished,Residential,"""24 """,L.P.G,YES,NORTH,YES,YES,YES
NAvaNA Casa Grae,4600,4,5,4,2,2,6,11,300000,20000,2015,"Road: 75, Gulshan,Dhaka 1212",NA,NA,Residential Apartment,Un-Furnished,Residential,"""24 """,GOVT,YES,WEST,YES,YES,YES
JahaNORTHa DyNAy,3715,4,4,4,2,2,6,14,260000,15000,2012,"Road: 105, Gulshan,Dhaka 1212",GYM,NA,Residential Apartment,Un-Furnished,Residential,"""24 """,L.P.G,YES,NORTH,YES,YES,YES
Sky Touch Amir's DrEASTm A7,2600,4,4,4,1,2,7,14,140000,10000,2023,"Road: 110, Gulshan,Dhaka 1212",NA,NA,Residential Apartment,Un-Furnished,Residential,"""24 """,L.P.G,YES,WEST,YES,YES,YES
Empori Rahman 12B,4900,4,5,3,2,2,12,14,300000,20000,2024,"Road: 33, Gulshan,Dhaka 1212",GYM,NA,Residential Apartment,Semi Furnished,Residential,"""24 """,L.P.G,YES,WEST,YES,YES,YES
Shanta Luxe 6A,4000,4,5,3,2,2,6,7,370000,30000,2024,"Road: 54, Gulshan,Dhaka 1212","GYM,Swimming Pool,24 hours security service",NA,Residential Apartment,Un-Furnished,Residential,"""24 """,L.P.G,YES,WEST,YES,YES,YES
Conco Songsaptak udio Apartment,2900,1,2,1,2,2,9,10,170000,20000,2025,"Road: 21, Gulshan,Dhaka 1212","GYM,Swimming Pool",NA,Residential Apartment,Un-Furnished,Residential,"""24 """,L.P.G,YES,SOUTH,YES,YES,YES
Empori Rahman 6B,4900,4,4,3,2,2,6,7,250000,20000,2024,"Road: 22, Gulshan,Dhaka 1212",24 hours security service,NA,Residential Apartment,Un-Furnished,Residential,"""24 """,L.P.G,YES,EAST,YES,YES,YES
Basic Zubair Mansion,3500,4,4,3,2,NA,4,10,320000,30000,2025,"Road: 43, Gulshan,Dhaka 1212", 24 hours security service,NA,Residential Apartment,Un-Furnished,Residential,"""24 """,L.P.G,YES,NORTH,YES,YES,YES
Empori Rahman 4A,5100,4,4,3,2,2,4,7,250000,25000,2024,"Road: 31, Gulshan,Dhaka 1212", 24 hours security service,NA,Residential Apartment,Un-Furnished,Residential,"""24 """,L.P.G,YES,EAST,YES,YES,YES
Bra New Apartment 2B,4591,4,5,4,2,2,2,7,300000,25000,2025,"Road: 87, Gulshan,Dhaka 1212","GYM,Swimming Pool",NA,Residential Apartment,Un-Furnished,Residential,"""24 """,L.P.G,YES,EAST,YES,YES,YES
Progress KohiNAor 4B,3500,4,4,3,1,2,3,11,180000,10000,2020,"Road:09, Gulshan,Dhaka 1212",NA,NA,Residential Apartment,Un-Furnished,Residential,"""24 """,L.P.G,YES,WEST,YES,YES,YES
Refections Assha,2400,3,3,2,1,2,3,9,120000,10000,2013,"Road:11, Gulshan,Dhaka 1212",24 hours security service,NA,Residential Apartment,Un-Furnished,Residential,"""24 """,GOVT,YES,WEST,YES,YES,YES
Bti e Classique A4,2600,3,3,3,1,2,4,11,140000,10000,2010,"Road: 94, Gulshan,Dhaka 1212",NA,NA,Residential Apartment,Un-Furnished,Residential,"""24 """,GOVT,YES,EAST,YES,YES,YES
Shanta MagNAlia,3655,3,4,3,2,2,3,11,250000,25000,2025,"Road: 130, Gulshan,Dhaka 1212",NA,NA,Residential Apartment,Un-Furnished,Residential,"""24 """,L.P.G,YES,SOUTH,YES,YES,YES
Rangs Make Residence,4000,4,5,3,2,2,5,6,330000,0,2015,"Road: 83, Gulshan,Dhaka 1212",24 hours security service,NA,Residential Apartment,Un-Furnished,Residential,"""24 """,L.P.G,YES,WEST,YES,YES,YES
AL Kawsar,2200,3,3,2,1,2,8,10,180000,10000,2012,"Road: 34, Gulshan,Dhaka 1212",NA,NA,Residential Apartment,Semi Furnished,Residential,"""24 """,L.P.G,YES,NORTH,YES,YES,YES
Bra New Apartment 2A,2240,3,3,3,1,1,2,11,150000,20000,2024,"Road: 68, Gulshan,Dhaka 1212",NA,NA,Residential Apartment,Un-Furnished,Residential,"""24 """,L.P.G,YES,EAST,YES,YES,YES
Lake Palace,2800,3,3,2,1,1,4,6,140000,10000,2008,"Road: 105, Gulshan,Dhaka 1212",NA,NA,Residential Apartment,Semi Furnished,Residential,"""24 """,GOVT,YES,NORTH,YES,YES,YES
Assign DrEASTm HEASTven,3000,4,4,3,2,2,3,10,230000,20000,2015,"Road: 55, Gulshan,Dhaka 1212",NA,NA,Residential Apartment,Un-Furnished,Residential,"""24 """,L.P.G,YES,NORTH,YES,YES,YES
Asset Delmonte,3000,4,4,3,1,1,2,6,100000,10000,2005,"Road: 85, Gulshan,Dhaka 1212",NA,NA,Residential Apartment,Un-Furnished,Residential,"""16 """,GOVT,YES,SOUTH,YES,YES,YES
Advanced Park Avilya,2000,3,4,2,1,1,5,6,140000,7500,2003,"Road: 87, Gulshan,Dhaka 1212",NA,NA,Residential Apartment,Semi Furnished,Residential,"""24 """,GOVT,YES,NORTH,YES,YES,YES
Assurance Cale Hill B3,2300,3,3,2,1,2,3,8,120000,10000,2010,"Road: 126, Gulshan,Dhaka 1212",NA,NA,Residential Apartment,Un-Furnished,Residential,"""24 """,GOVT,YES,WEST,YES,YES,YES
ANZ Fatemaziz B5,4200,4,4,3,2,2,5,13,280000,20000,2018,"Road: 52, Gulshan,Dhaka 1212",NA,NA,Residential Apartment,Furnished,Commercial,"""24 """,L.P.G,YES,WEST,YES,YES,YES
NAvaNA,6000,5,5,4,4,2,6,8,500000,35000,2023,"Road: 75, Gulshan,Dhaka 1212","Swimming Pool,24 hours security service",NA,Residential Apartment,Un-Furnished,Residential,"""24 """,L.P.G,YES,SOUTH,YES,YES,YES
Simpletree Khalif MaNORTH,3450,3,4,4,2,2,4,7,250000,22500,2023,"Road: 41, Gulshan,Dhaka 1212","GYM,Swimming Pool,24 hours security service",NA,Residential Apartment,Un-Furnished,Residential,"""24 """,L.P.G,YES,EAST,YES,YES,YES
Sharaqa SigNAture 8A,3600,4,5,3,2,2,8,13,270000,15000,2024,"Road: 113, Gulshan,Dhaka 1212",NA,NA,Residential Apartment,Un-Furnished,Residential,"""24 """,L.P.G,YES,WEST,YES,YES,YES
Shamsul Alamin REASTl EASTte Angur,1900,3,3,2,1,2,9,13,110000,10000,2024,"Road: 03, Gulshan,Dhaka 1212",NA,NA,Residential Apartment,Un-Furnished,Residential,"""24 """,L.P.G,YES,WEST,YES,YES,YES
Gemcon Nilachol A5,2450,3,4,4,1,2,5,7,140000,15000,2024,"Road: 36, Gulshan,Dhaka 1212",NA,NA,Residential Apartment,Un-Furnished,Residential,"""24 """,L.P.G,YES,EAST,YES,YES,YES
Chaya Bii,4200,4,5,4,2,2,6,9,300000,20000,2015,"Road: 28, Gulshan,Dhaka 1212",24 hours security service,NA,Residential Apartment,Semi Furnished,Residential,"""24 """,L.P.G,YES,WEST,YES,YES,YES
Prima Vera,3750,4,4,3,1,2,3,6,250000,15000,2009,"Road: 64, Gulshan,Dhaka 1212",24 hours security service,NA,Residential Apartment,Semi Furnished,Residential,"""24 """,L.P.G,YES,EAST,YES,YES,YES
Shanta e Laing 8B,3500,4,4,4,2,2,8,12,270000,20000,2018,"Road: 113, Gulshan,Dhaka 1212","GYM,24 hours security service",NA,Residential Apartment,Semi Furnished,Residential,"""24 """,L.P.G,YES,SOUTH,YES,YES,YES
Edison Anika Heights,4200,4,5,4,2,2,5,14,450000,40000,2024,"Road: Gulshan NORTH Avenue,Dhaka 1212",NA,NA,Residential Apartment,Un-Furnished,Residential,"""24 """,L.P.G,YES,EAST,YES,YES,YES
Bay Villa Laila 7B,3000,4,4,3,2,2,7,11,160000,20000,2017,"Road: 43, Gulshan,Dhaka 1212",24 hours security service,NA,Residential Apartment,Un-Furnished,Residential,"""24 """,L.P.G,YES,NORTH,YES,YES,YES
Kunjo Bii 7A,4500,4,5,4,2,2,7,11,300000,20000,2024,"Road: 26, Gulshan,Dhaka 1212",NA,NA,Residential Apartment,Un-Furnished,Residential,"""24 """,L.P.G,YES,EAST,YES,YES,YES
"RahaNA , Juliya",3800,4,4,3,2,2,5,11,250000,20000,2024,"Road: 23, Gulshan,Dhaka 1212",24 hours security service,NA,Residential Apartment,Un-Furnished,Residential,"""24 """,L.P.G,YES,EAST,YES,YES,YES
InNORTH View Five,3956,4,4,4,2,3,4,8,200000,20000,2019,"Road: 03, Gulshan,Dhaka 1212","GYM,Swimming Pool,24 hours security service",NA,Residential Apartment,Un-Furnished,Residential,"""24 """,L.P.G,YES,SOUTH,YES,YES,YES
Royale Salika 4A,2300,3,3,2,1,1,4,6,130000,10000,2010,"Road: 62, Gulshan,Dhaka 1212",NA,NA,Residential Apartment,Semi Furnished,Residential,"""24 """,L.P.G,YES,NORTH,YES,YES,YES
Suvau Setara,3000,4,4,3,1,2,9,10,210000,15000,2013,"Road: 81, Gulshan,Dhaka 1212",NA,NA,Residential Apartment,Semi Furnished,Residential,"""24 """,L.P.G,YES,WEST,YES,YES,YES
Assurance CaroliNA,4000,5,5,4,2,1,5,11,150000,15000,2010,"Road: 78, Gulshan,Dhaka 1212",NA,NA,Residential Apartment,Semi-Furnished,Residential,"""16 """,L.P.G,YES,WEST,YES,YES,YES
Conco Mayfair,3600,4,5,3,2,2,2,6,220000,20000,2000,"Road: 81, Gulshan,Dhaka 1212",NA,NA,Residential Apartment,Un-Furnished,Residential,"""24 """,GOVT,YES,EAST,YES,YES,YES
Unity,4400,5,5,4,2,1,3,6,275000,25000,2010,"Road: 57, Gulshan,Dhaka 1212",24 hours security service,NA,Residential Apartment,Semi Furnished,Residential,"""24 """,GOVT,YES,NORTH,YES,YES,YES
Kunjosree,3200,4,5,3,2,1,5,6,160000,13000,2012,"Road: 117, Gulshan,Dhaka 1212",24 hours security service,NA,Residential Apartment,Semi Furnished,Residential,"""24 """,L.P.G,YES,NORTH,YES,YES,YES
Ventura Rosabella,2100,3,3,3,1,2,8,10,110000,7000,2017,"Road: 3, Gulshan,Dhaka 1212",NA,NA,Residential Apartment,Un-Furnished,Residential,"""24 """,L.P.G,YES,WEST,YES,YES,YES
Green Valley,2600,3,4,4,1,1,3,6,120000,8000,2007,"Road: 35, Gulshan,Dhaka 1212",24 hours security service,NA,Residential Apartment,Semi Furnished,Residential,"""24 """,GOVT,YES,WEST,YES,YES,YES
Conco Badal Heights,3500,4,4,3,2,2,1,14,280000,20000,2015,"Road: 59, Gulshan,Dhaka 1212",24 hours security service,NA,Residential Apartment,Semi Furnished,Residential,"""24 """,L.P.G,YES,SOUTH,YES,YES,YES
Nirman Siraqo,4500,4,5,4,2,2,8,8,275000,35000,2024,"Road: 97, Gulshan,Dhaka 1212",24 hours security service,NA,Residential Apartment,Semi Furnished,Residential,"""24 """,L.P.G,YES,EAST,YES,YES,YES
Amicus Mansion De Mansoor,3000,4,4,4,1,2,7,10,130000,12000,2015,"Road: 7, Gulshan,Dhaka 1212",NA,NA,Residential Apartment,Un-Furnished,Residential,"""24 """,L.P.G,YES,WEST,YES,YES,YES
Conco Hope,3500,3,4,3,1,1,4,6,120000,13000,2006,"Road: 123, Gulshan,Dhaka 1212",24 hours security service,NA,Residential Apartment,Semi Furnished,Residential,"""16 """,GOVT,YES,SOUTH,YES,YES,YES
Mir AR Rahman 4A,4000,3,4,3,2,2,4,13,250000,20000,2023,"Road: 30, Gulshan,Dhaka 1212",GYM,NA,Residential Apartment,Un-Furnished,Residential,"""24 """,L.P.G,YES,SOUTH,YES,YES,YES
Asset Montrose Residence,3650,4,4,3,2,2,2,11,300000,20000,2024,"Road: 74, Gulshan,Dhaka 1212",Swimming Pool,NA,Residential Apartment,Un-Furnished,Residential,"""24 """,L.P.G,YES,NORTH,YES,YES,YES
Milan Dom InNA Flor Blanca A4,2700,3,4,3,1,1,4,6,110000,12000,2015,"Road: 124, Gulshan,Dhaka 1212",NA,NA,Residential Apartment,Un-Furnished,Residential,"""16 """,L.P.G,YES,NORTH,YES,YES,YES
e Latifs,5400,4,4,4,2,2,9,10,320000,20000,2018,"Road: 79, Gulshan,Dhaka 1212",24 hours security service,NA,Residential Apartment,Semi Furnished,Residential,"""24 """,L.P.G,YES,SOUTH,YES,YES,YES
Shanta Charalok A5,2600,3,4,2,2,2,5,10,150000,15000,2008,"	Road:21, BaNAni,Dhaka",NA,NA,	Furnished Apartment,	Furnished,Residential,24,        GOVT,YES,SOUTH,YES,YES,YES
Gra President Palace,2300,3,3,2,2,2,4,10,150000,10000,2012,"Road:09, BaNAni,Dhaka",NA,NA,	Furnished Apartment,	Furnished,Residential,24,        GOVT,YES,SOUTH,YES,YES,YES
Basic Sapphire,2350,4,4,3,1,2,5,9,110000,8000,2021,"Road:16, BaNAni,Dhaka",NA,NA,Residential Apartment,Un-Furnished,Residential,24,        L.P.G,YES,SOUTH,YES,YES,YES
Kamal's Residence,4000,4,4,3,2,2,2,10,210000,0,2025,"	Road:11, BaNAni,Dhaka","GYM,Swimming Pool,24 hours security service",NA,	Residential Apartment,	Un-Furnished,Residential,24,        L.P.G,YES,SOUTH,YES,YES,YES
Evas Priyoprangon,4200,4,4,3,2,1,1,9,150000,20000,2023,"	Road:11, BaNAni,Dhaka",NA,NA,Residential Apartment,Un-Furnished,Residential,24,        L.P.G,YES,SOUTH,YES,YES,YES
e Sovereign,2450,3,3,2,1,2,4,10,110000,10000,2006,"	Road:16, BaNAni,Dhaka",NA,NA,Residential Apartment,	Un-Furnished,Residential,24,        GOVT,YES,SOUTH,YES,YES,YES
Masqubaneer,2150,3,3,2,1,1,3,10,100000,10000,2022,"	Road:26, BaNAni,Dhaka ",NA,NA,	Residential Apartment,	Un-Furnished,Residential,24,        L.P.G,YES,SOUTH,YES,YES,YES
FortuNA,2400,3,3,2,1,1,4,9,130000,10000,2018,"Road:06, BaNAni,Dhaka",NA,NA,	Residential Apartment,	Furnished,Residential,24,GOVT,YES,SOUTH,YES,YES,YES
"InNORTH M,S House 8A",4200,	Open Space,Open Space,Open Space,2,2,8,13,"6,30,000",0,2024,"	Road:13, BaNAni,Dhaka","24 hours CC TV coverage, Automatic Fire alarm syem",YES,Office Space,Un-Furnished,Commercial,50,NA,NA,NORTH,YES, Open Space,NA
Prasad TrEASTd Center,7500,Open Space,Open Space,Open Space,3,4,14,20,"	9,00,000","75,000",2010,"	Road:Kamal Ataturk Avenue, BaNAni,Dhaka","24 hours CC TV coverage,Automatic Fire alarm syem",YES,	Office Space,Un-Furnished,Commercial,60,NA,YES,SOUTH,YES,   Open Space,NA
Conco Colosseum,2780,	Open Space,	Open Space,	Open Space,1,2,5,13,330000,"26,500",2015,"	Road: Kamai Ataturk Avenue, BaNAni,Dhaka","24 hours CC TV coverage,Automatic Fire alarm syem",YES,	Office Space,	Un-Furnished,Commercial,60,        L.P.G,YES,SOUTH,YES, Open Space,NA
Conco MB ToWESTr,3625,Open Space,Open Space,Open Space,1,2,10,17,616250,"54,375",2024,"Road: 11, BaNAni,Dhaka","24 hours CC TV coverage,Automatic Fire alarm syem",YES,	Office Space,	Un-Furnished,Commercial,50,NA,NA,SOUTH,YES,NA,NA
Bra New Commercial Space,3100,        Open Space,	Open Space,	Open Space,1,2,"3, 4 , 5",10,"	3,41,000","31,000",2025,"	Road:09, BaNAni,Dhaka","24 hours CC TV coverage,Automatic Fire alarm syem",YES,	Office Space,	Un-Furnished,Commercial,30,NA,NA,WEST,YES,NA,NA
Autograph ToWESTr 17 Floor,11500,        Open Space,        Open Space,        Open Space,2,5,17,21,"2,070,000","172,500",2014,"	Road: Kamai Ataturk Avenue, BaNAni,Dhaka","24 hours CC TV coverage,Automatic Fire alarm syem",YES,	Office Space,	Un-Furnished,Commercial,60,NA,NA,SOUTH,NA,NA,NA
Artisan 2 Floor,3282,        Open Space,	Open Space,	Open Space,2,2,2,11,"426,660","49,230",2015,"	Road:13, BaNAni,Dhaka","24 hours CC TV coverage,Automatic Fire alarm syem",YES,	Office Space,	Un-Furnished,Commercial,50,NA,NA,	SOUTH,NA,NA,NA
Conco Niharika,1975,        Open Space,        Open Space,        Open Space,1,2,6,14,306125,"29,625",2023,"Road: 11, BaNAni,Dhaka","24 hours CC TV coverage,Automatic Fire alarm syem",YES,	Office Space,	Un-Furnished,Commercial,50,NA,NA,NORTH,YES,NA,NA
Caersis ToWESTr,3300,        Open Space,        Open Space,        Open Space,2,2,"	5 , 12",14,429000,"33,000",2023,"Road: 12, BaNAni,Dhaka","24 hours CC TV coverage,Automatic Fire alarm syem",YES,Office Space,	Furnished,Commercial,40,NA,NA,	EAST,YES,NA,NA
Momen Bari Heights,526,	Open Space,	Open Space,	Open Space,NA,2,0,16,280000,"5,260",2023,"	Road: 11, BaNAni,Dhaka","24 hours CC TV coverage,Automatic Fire alarm syem",YES,Office Space,	Un-Furnished,Commercial,24,	L.P.G,NA,EAST,YES,NA,NA
NAbil House,2780,Open Space,Open Space,Open Space,1,2,7,11,639400,"27,800",2023,"	Road: 11, BaNAni,Dhaka","24 hours CC TV coverage,Automatic Fire alarm syem",YES,Office Space,	Furnished,Commercial,30,NA,NA,	NORTH,YES,NA,NA
Nur Empori,6000,	Open Space,	Open Space,	Open Space,3,2,6,13,720000,"60,000",2017,"	Road: 11, BaNAni,Dhaka",NA,NA,	Office Space,	Un-Furnished,Commercial,50,NA,NA,	SOUTH,YES,NA,NA
Conco Niharika ToWESTr,3950,	Open Space,	Open Space,	Open Space,2,2,6,15,671500,"59,250",2022,"	Road: Kemal Ataturk Avenue, BaNAni,Dhaka","24 hours CC TV coverage,Automatic Fire alarm syem",YES,	Office Space,	Un-Furnished,Commercial,50,NA,NA,NORTH,YES,NA,NA
SOUTH Breeze Centre 5 floor,3512,Open Space,Open Space,Open Space,1,3,5,13,456560,"47,000",2018,"Road: 11, BaNAni,Dhaka","24 hours CC TV coverage,Automatic Fire alarm syem",YES,Office Space,	Un-Furnished,Commercial,50,NA,NA,	SOUTH,YES,NA,NA
"InNORTH M,S House",4300,	Open Space,	Open Space,	Open Space,2,2,5,14,645000,"107,500",2024,"	Road: 11, BaNAni,Dhaka","24 hours CC TV coverage,Automatic Fire alarm syem",YES,	Office Space,	Un-Furnished,Commercial,50,NA,NA,SOUTH,NA,NA,NA
Prasad Trade Center,7400,Open Space,3,Open Space,2,4,7,16,1110000,"60,000",2012,"	Road: 11, BaNAni,Dhaka",NA, NA,Office Space,Furnished,Commercial,50,NA,NA,SOUTH,YES,NA,NA
EHL Lokman Hossain ToWESTr,5059,	Open Space,	Open Space,	Open Space,3,3,9,13,910620,"101,180",2013,"	Road: 11, BaNAni,Dhaka",NA,NA,	Office Space,	Un-Furnished,Commercial,50,NA,NA,	SOUTH,YES,NA,NA
Maisura,2600,3,3,3,1,1,5,11,160000,14000,2012,"	Road:8/A, BaNAni,Dhaka",NA,NA,	Furnished Apartment,	Furnished,Residential,24,	GOVT,YES,	WEST,YES,YES,YES
Urban DrEASTm 9B (Furnished),2600,3,3,3,1,2,9,14,180000,12000,2022,"Road:13, BaNAni,Dhaka",NA,NA,Furnished Apartment,	Furnished,Residential,24,	L.P.G,YES,SOUTH,YES,YES,YES
SigNAture Gulger 11,2500,3,4,2,1,2,5,11,195000,0,2023,"Road: 23, BaNAni,Dhaka",NA,NA,Furnished Apartment,	Furnished,Residential,24,	L.P.G,YES,EAST,YES,YES,YES
Simpletree Shanur,2400,4,4,3,2,2,7,9,140000,17000,2019,"Road: 10, Block: H, BaNAni,Dhaka",NA,NA,	Furnished Apartment,	Furnished,Residential,16,	L.P.G,YES,	SOUTH,YES,YES,YES
Bti Silver Creek A1,1603,3,3,2,1,1,1,11,120000,10000,2023,"	Road: 10, BaNAni,Dhaka",NA,NA,Furnished Apartment,	Furnished,Residential,24,L.P.G,YES,	SOUTH,YES,YES ,YES
Conco NAyeem,2222,3,3,3,1,2,4,11,130000,10000,2020,"	Road: 25, BaNAni,Dhaka",NA,NA,	Furnished Apartment,	Furnished,Residential,24,	L.P.G,YES,NORTH,YES,YES,YES
PaNAche,1750,3,3,3,1,1,3,7,90000,10000,2010,"	Road: 12, BaNAni,Dhaka",NA,NA,Furnished Apartment,	Furnished,Residential,16,	GOVT,YES,	SOUTH,YES,YES,YES
Asset MaNORTH Manihar A4,2550,4,4,3,2,1,4,6,130000,18000,2010,"	Road: 7, Block: C, BaNAni,Dhaka",NA,NA,Furnished Apartment,        Furnished,Residential,16,	L.P.G,YES,NORTH,YES,YES,YES
Rangs Matin's Royal Residence,2200,3,3,2,1,2,2,9,130000,8000,2015,"	Road: 09, Block: G, BaNAni,Dhaka",NA,NA,Furnished Apartment,        Furnished,Residential,16,	L.P.G,YES,	WEST,YES,YES,YES 
BTI Plam Gorve,2400,3,3,2,1,2,7,10,180000,0,2022,"Road: 6, Block: A, BaNAni,Dhaka",NA,NA,Furnished Apartment,	Furnished,Residential,16,	L.P.G,YES,	EAST,YES,YES,YES
Shanta CoNApus 9A,2650,3,3,2,1,2,9,11,250000,18000,2022,"	Road: 17, Block: A, BaNAni,Dhaka",NA,NA,Furnished Apartment,	Furnished,Residential,24,	L.P.G,YES,EAST,YES,YES,YES
Taher Homes Nur Jahan MaNORTH A7,1800,3,3,2,1,1,7,9,200000,8000,2008,"	Road: 13, Block: D, BaNAni,Dhaka",NA,NA,Furnished Apartment,	Furnished,Residential,16,	L.P.G,YES,	SOUTH,YES,YES,YES
Asset Touch one,1500,3,3,2,1,1,5,6,80000,6500,2002,"Road: 08, Block: C, BaNAni,Dhaka",NA,NA,Furnished Apartment,	Furnished,	Residential,16,	GOVT,NA,	NORTH,YES,YES,YES
Suvau Ghofur Riz Gaen 9B,2500,3,4,3,1,1,9,13,150000,12000,2019,"Road: 18, Block: A, BaNAni,Dhaka",NA,NA,Furnished Apartment,	Furnished,	Residential,16,	L.P.G,YES,	NORTH,YES,YES,YES
ShuchaNA,2250,3,4,4,1,1,6,11,150000,0,2016,"Road: 13, Block: D, BaNAni,Dhaka",NA,NA,Furnished Apartment,	Furnished,Residential,24,	L.P.G,YES,NORTH,YES,YES,YES
Sheltech Carcade A2,2550,3,3,2,1,1,2,6,90000,7000,2003,"	Road: 18, Block: A, BaNAni,Dhaka",NA,NA,Furnished Apartment,	Furnished,Residential,16,	GOVT,YES,	EAST,YES,YES,YES
Urban Lily Cottage 9A,2300,4,4,2,1,2,9,11,130000,9500,2010,"	Road: 23, Block: D, BaNAni,Dhaka",NA,NA,Furnished Apartment,	Furnished,Residential,16,	L.P.G,YES,	SOUTH,YES,YES,YES
Shanta Charalok,3000,3,3,3,1,2,9,10,170000,12000,2010,"Road: 23, Block: B, BaNAni,Dhaka",NA,NA,Furnished Apartment,	Furnished,Residential,16,L.P.G,YES,	EAST,YES,YES,YES
Urban BoNAnza 13B,2300,3,3,3,1,2,13,14,160000,9000,2010,"	Road: 13, Block: B, BaNAni,Dhaka",NA,NA,Furnished Apartment,	Furnished,Residential,16,	L.P.G,YES,	SOUTH,YES,YES,YES
Marquis Villa A3,2000,3,3,3,1,1,3,8,110000,8500,2010,"	Road: 6, Block: F, BaNAni,Dhaka",NA,NA,	Furnished Apartment,	Furnished,Residential,16,	L.P.G,YES,NORTH,YES,YES,YES
Building For Future,1000,3,3,2,1,1,1,8,90000,7000,2010,"	Road: 7, Block: H, BaNAni,Dhaka",NA,NA,Furnished Apartment,	Furnished,Residential,16,	L.P.G,NA,	NORTH,YES,YES,YES
Simpletree Shanur,2400,4,4,3,2,2,7,9,140000,17000,2019,"	Road: 10, Block: H, BaNAni,Dhaka",NA,NA,Furnished Apartment,        Furnished,Residential,16,	L.P.G,YES,	SOUTH,YES,YES,YES
Assurance Raisa,2500,3,3,3,2,2,2,11,150000,12000,2015,"	Road: 23, Block: B, BaNAni,Dhaka",NA,NA,Furnished Apartment,        Furnished,Residential,16,	L.P.G,YES,WEST,YES,YES,YES
Urban Lily Cottage 9B,2300,4,4,2,1,2,9,11,140000,9500,2010,"	Road: 23, Block: B, BaNAni,Dhaka",NA,NA,Furnished Apartment,	Furnished,Residential,16,	L.P.G,YES,	SOUTH,YES,YES,YES
Rangs Gra President Palace 3B,2200,3,3,2,1,2,3,10,170000,9000,2021,"Road: 10, Block: H, BaNAni,Dhaka",NA,NA,	Furnished Apartment,	Furnished,Residential,16,	L.P.G,YES,NORTH,YES,YES,YES
Pahela Boishakh 8B,2400,3,3,3,1,2,8,11,210000,16000,2022,"	Road: 23, Block: B, BaNAni,Dhaka",NA,NA,	Furnished Apartment ,Furnished,Residential,16,        L.P.G,YES,	EAST,YES,YES,YES
Sheltech Carcade,2550,3,3,2,1,1,2,6,150000,9000,2008,"Road: 23, Block: B, BaNAni,Dhaka",NA,NA,	Furnished Apartment,	Furnished,Residential,16,	GOVT,YES,	EAST,YES,YES,YES
Urban DrEASTm,2300,3,3,3,1,2,4,11,160000,12000,2022,"	Road: 14, Block: B, BaNAni,Dhaka",NA,NA,Furnished Apartment,	Furnished,Residential,24,	L.P.G,YES,WEST,YES,YES,YES
Bay Bellevue 6A,3500,3,3,3,2,1,6,10,200000,20000,2023,"	Road: 23, BaNAni,Dhaka"," Swimming Pool, GYM",NA,	Luxury Apartment,	Un-Furnished,Residential,24,	L.P.G,YES,	SOUTH,YES,YES,YES
Bay Bellevue,3000,3,4,3,2,1,3,9,200000,20000,2022,"	Road: 27, Block: G, BaNAni,Dhaka","24 hours security service,  Swimming Pool, GYM",NA,Luxury Apartment,	Un-Furnished,Residential,24,        L.P.G,YES,NORTH,YES,YES,YES
Rangs Miraa,3800,4,4,3,2,2,3,13,300000,20000,2023,"	Road: 23, Block: B, BaNAni,Dhaka",NA,NA,	Luxury Apartment,	Un-Furnished,Residential,24,        L.P.G,YES,	EAST,YES,YES,YES
Surja Doy 3A,2800,3,3,3,1,1,3,8,210000,15000,2023,"	Road: 13, Block: D, BaNAni,Dhaka"," Swimming Pool, GYM",NA,Luxury Apartment,	Un-Furnished,Residential,16,        L.P.G,YES,	NORTH,YES,YES ,YES
NAvaNA Sambilan 6A,2300,3,3,3,1,2,6,11,230000,15000,2023,"	Road: 23, Block: B, BaNAni,Dhaka",Swimming Pool,NA,	Luxury Apartment,	Furnished,Residential,16,L.P.G,YES,	SOUTH,YES,YES,YES
Asset Blue Ridge,4000,4,4,4,2,2,10,12,200000,25000,2023,"	Road: 25, BaNAni,Dhaka",Swimming Pool,NA,	Luxury Apartment,	Un-Furnished,Residential,24,	L.P.G,YES,	EAST,YES,YES,YES
Shanta Celeial 11A,2000,2,2,3,1,2,11,12,140000,20000,2025,"Road:16, BaNAni,Dhaka",NA,NA,	Residential Apartment,	Un-Furnished,Residential,24,	L.P.G,YES,	EAST,YES,YES,YES
Shanchari Irving Properties,2250,2,3,1,1,1,2,6,130000,14000,2007,"Road:20, BaNAni,Dhaka",NA,NA,        Residential Apartment,	Un-Furnished,Residential,24,	GOVT,YES,	EAST,YES,YES,YES
e NirvaNA Residence,2800,3,3,1,2,2,6,11,200000,15000,2023,"	Road:18, BaNAni,Dhaka",Swimming Pool,NA,        Residential Apartment,Un-Furnished,Residential,24,	L.P.G,YES,	WEST,YES,YES,YES
Basic Nigar Palace 7B,2400,3,3,3,1,2,7,11,130000,10000,2022,"	Road:10, BaNAni,Dhaka",24 hours security service,NA,Residential Apartment,	Un-Furnished,Residential,24,	L.P.G,YES,	NORTH,YES,YES,YES
Aakash Onupom,2485,4,4,3,1,1,9,10,130000,0,2025,"Road:15, BaNAni,Dhaka",24 hours security service,NA,Residential Apartment,	Un-Furnished,Residential,24,	L.P.G,YES,	NORTH,YES,YES,YES
e NAvaNA Residence,3000,3,3,2,1,1,2,11,160000,15000,2022,"	Road:13, BaNAni,Dhaka"," Swimming Pool, GYM",NA,Residential Apartment,	Un-Furnished,Residential,24,	L.P.G,YES,	NORTH,YES,YES,YES
ARC SigNAture,2150,3,3,3,1,2,2,10,120000,0,2025,"	Road:13, BaNAni,Dhaka",NA,NA,        Residential Apartment,	Un-Furnished,Residential,24,	L.P.G,YES,EAST,YES,YES,YES
SigNAture 11 (Bra New),4200,5,6,3,2,2,7,11,230000,0,2025,"	Road: 12, BaNAni,Dhaka",NA,NA,        Residential Apartment,	Un-Furnished,Residential,24,	L.P.G,YES,        EAST,YES,YES,YES
Sheltech Rebecca,1824,3,3,2,1,2,7,10,120000,0,2025,"	Road: 5, BaNAni,Dhaka",NA,NA,        Residential Apartment,	Un-Furnished,Residential,24,L.P.G,YES,	NORTH,YES,YES,YES
NAfisa Cressida,1970,3,3,3,1,1,7,8,80000,8000,2024,"	Road: 02, BaNAni,Dhaka",NA,NA,        Residential Apartment,	Un-Furnished,Residential,24,	L.P.G,YES,        EAST,YES,YES,YES
Rangs Merisa,2700,3,3,1,1,1,5,9,150000,20000,2024,"	Road: 18, BaNAni,Dhaka","Swimming Pool,24 hours security service",NA,        Residential Apartment,	Un-Furnished,Residential,24,L.P.G,YES,        EAST,YES,YES,YES
Anwar Lamark Whiling Woods,2616,3,3,2,1,2,4,10,170000,0,2024,"Road: 18, BaNAni,Dhaka","Swimming Pool, GYM",NA,	Residential Apartment,Semi Furnished,Residential,24,L.P.G,YES,        SOUTH,YES,YES,YES
Asset Der Rahman,1700,3,3,3,1,1,4,10,130000,15000,2023,"	Road: 9, BaNAni,Dhaka","Swimming Pool,24 hours security service",NA,        Residential Apartment,Un-Furnished,Residential,24,	L.P.G,YES,        SOUTH,YES,YES,YES
Silva House,1800,3,3,2,1,2,1,10,85000,8000,2010,"	Road: 2, BaNAni,Dhaka",NA,NA,        Residential Apartment,	Un-Furnished,Residential,24,	GOVT,YES,SOUTH,YES,YES,YES
Bti Silver Creek,2750,4,4,3,2,1,10,11,130000,0,2024,"Road: 11, BaNAni,Dhaka",24 hours security service,NA,Residential Apartment,	Un-Furnished,Residential,24,        L.P.G,YES,EAST,YES,YES,YES
BTI WEST E 7A,2000,3,3,3,1,1,7,10,120000,12000,2024,"Road: 12, BaNAni,Dhaka",NA,NA,Residential Apartment,un-Furnished,Residential,24,        L.P.G,YES,	EAST,YES,YES,YES
Sheltech Nurjahan,2009,3,3,3,1,2,2,9,110000,10000,2024,"	Road: 6, BaNAni,Dhaka",NA,NA,Residential Apartment,un-Furnished,Residential,24,        L.P.G,YES,	NORTH,YES,YES,YES
Bti Plam Grove 5A,2450,3,3,3,1,2,5,6,140000,15000,2023,"Road: 6, BaNAni,Dhaka",NA,NA,Residential Apartment,un-Furnished,Residential,24,        L.P.G,YES,	WEST,YES,YES,YES
Sel Khair Palace,2000,3,3,3,1,1,6,9,80000,8000,2015,"	Road: 06, BaNAni,Dhaka",NA,NA,Residential Apartment,un-Furnished,Residential,16,        L.P.G,YES,EAST,YES,YES,YES
Asset Blueridge 13A,4200,4,4,4,2,2,13,14,180000,20000,2023,"Road: 24, BaNAni,Dhaka",24 hours security service,NA,Residential Apartment,un-Furnished,Residential,24,        L.P.G,YES,	EAST,YES,YES,YES
Momen's Shah,1910,3,3,2,1,2,"	2, 5, 6, 7, 8",11,100000,14000,2024,"Road: 11, BaNAni,Dhaka",NA,NA,Residential Apartment,un-Furnished,Residential,24,        L.P.G,YES,	NORTH,YES,YES,YES
BTI WEST E,2200,3,3,2,1,1,6,10,140000,10000,2024,"	Road: 12, BaNAni,Dhaka",NA,NA,Residential Apartment,un-Furnished,Residential,24,	L.P.G,YES,	EAST,YES,YES,YES
Basic Feous,3200,4,5,3,1,2,9,10,150000,12000,2015,"	Road: 23, BaNAni,Dhaka",24 hours security service,NA,Residential Apartment,un-Furnished,Residential,16,	L.P.G,YES,	WEST,YES,YES,YES
Asset Blueridge,3455,4,4,3,2,2,8,13,160000,20000,2023,"	Road: 23, BaNAni,Dhaka",24 hours security service,NA,Residential Apartment,un-Furnished,Residential,24,	L.P.G,YES,	WEST,YES,YES,YES
NHL Karim Valencia,2260,3,3,3,1,1,5,9,110000,11000,2014,"Road: 23, Block: A, BaNAni,Dhaka",NA,NA,Residential Apartment,un-Furnished,Residential,24,	L.P.G,YES,	EAST,YES,YES,YES
ARE,2200,3,4,3,1,1,6,10,80000,9000,2015,"Road: 13, Block: A, BaNAni,Dhaka",NA,NA,Residential Apartment,un-Furnished,Residential,24,	L.P.G,YES,	SOUTH,YES,YES,YES
Bti Bellagio,2300,3,3,3,1,1,8,9,100000,15000,2013,"Road: 14, Block: B, BaNAni,Dhaka",NA,NA,Residential Apartment,	Semi Furnished,Residential,16,L.P.G,YES,	EAST,YES,YES,YES
Asset Archone,2300,3,4,3,1,1,3,6,90000,10000,2006,"	Road: 15, Block: A, BaNAni,Dhaka",NA,NA,Residential Apartment,Semi Furnished,Residential,16,	GOVT,YES,	WEST,YES,YES,YES
Assurance Red Wood,2300,3,3,3,1,2,4,13,80000,11000,2012,"	Road: 27, Block: A, BaNAni,Dhaka",NA,NA,Residential Apartment,Un-Furnished,Residential,24,	L.P.G,YES,	WEST,YES,YES,YES
Simpletree NAzma A1,2500,3,4,3,1,1,1,11,120000,15000,2023,"	Road: 19, Block: G, BaNAni,Dhaka",24 hours security service,NA,Residential Apartment,Un-Furnished,Residential,16,	L.P.G,YES,EAST,YES,YES,YES
Simpletree NAzma,2500,3,3,2,1,1,8,9,130000,15000,2023,"	Road: 19, Block: E, BaNAni,Dhaka",NA,NA,Residential Apartment,Un-Furnished,Residential,16,	L.P.G,YES,	EAST,YES,YES,YES
Shanta CoNApus,3200,3,3,2,2,2,8,11,150000,20000,2022,"	Road: 17, Block: A, BaNAni,Dhaka",GYM,NA,Residential Apartment,Semi Furnished,Residential,24,	L.P.G,YES,	EAST,YES,YES,YES
SigNAture Pahela Boishakh A3,2450,3,4,3,1,2,3,11,170000,20000,2022,"Road: 18, Block: B, BaNAni,Dhaka", GYM,NA,Residential Apartment,Un-Furnished,Residential,16,	L.P.G,YES,	NORTH,YES,YES,YES
Conco Reflection,2650,3,3,3,1,2,10,13,130000,15000,2018,"	Road: 25, Block: A, BaNAni,Dhaka", GYM,NA,Residential Apartment,Un-Furnished,Residential,24,	L.P.G,YES,NORTH,YES,YES,YES
Wahab Fatima FortuNA,2200,3,3,2,1,2,7,8,80000,10000,2019,"Road: 04, Block: C, BaNAni,Dhaka",NA,NA,Residential Apartment,Un-Furnished,Residential,16,	L.P.G,YES,	EAST,YES,YES,YES
Mutual Rawshan Heights 3B,2200,3,3,2,1,2,3,9,90000,8500,2022,"	Road: 06, Block: D, BaNAni,Dhaka",NA,NA,Residential Apartment,Un-Furnished,Residential,16,	L.P.G,YES,	NORTH,YES,YES,YES
Asset MaNORTH Manihar,2550,4,4,3,2,1,4,6,100000,18000,2010,"Road: 4, Block: C, BaNAni,Dhaka",24 hours security service,NA,Residential Apartment,Un-Furnished,Residential,16,	GOVT,YES,	NORTH,YES,YES,YES
Conco Rafat Kamar,1900,3,3,3,1,2,7,10,90000,12000,2022,"	Road: 06, Block: A, BaNAni,Dhaka",NA,NA,Residential Apartment,Un-Furnished,Residential,24,	L.P.G,YES,WEST,YES,YES,YES
Shanchari,2200,3,3,2,1,1,3,6,100000,9000,2009,"Road: 18, Block: D, BaNAni,Dhaka",NA,NA,Residential Apartment,Semi Furnished,Residential,16,	GOVT,YES,	SOUTH,YES,YES,YES
QHAILIZ VILLA,2700,3,3,3,1,1,4,7,85000,10000,2015,"	Road: 13, Block: D, BaNAni,Dhaka",NA,NA,Residential Apartment,Un-Furnished,Residential,16,	L.P.G,YES,	WEST,YES,YES,YES
Assurance Meherunnesa Villa,2050,3,3,3,1,2,5,10,140000,12000,2023,"	Road: 15, Block: B, BaNAni,Dhaka",NA,NA,Residential Apartment,Un-Furnished,Residential,24,	L.P.G,YES,	EAST,YES,YES,YES
Sheltech Ayan,2905,Ope space,Open Space,Open Space,1,2,4,15,522900,"43,575",2022,"	Road: 11, BaNAni,Dhaka",NA,NA,Office Space,Un-Furnished,Commercial,50,NA,NA,NORTH,YES,NA,NA
Sheltech NORTHern ar,2595,Ope space,Open Space,Open Space,1,2,9,11,467100,"38,925",2022,"Road: 11, BaNAni,Dhaka",NA,NA,Office Space,Un-Furnished,Commercial,50,NA,NA,	NORTH,NA,NA,NA
Suvau JahaNORTHa Square,2188,Ope space,Open Space,Open Space,1,1,5,11,306320,"21,880",2017,"	Road: 11, BaNAni,Dhaka",NA,NA,Office Space,Un-Furnished,Commercial,50,NA,NA,NORTH,YES,NA,NA
Baro Bhuiyan,3200,Ope space,Open Space,Open Space,1,2,11,15,480000,"32,000",2012,"Road: Kemal Ataturk Avenue, BaNAni,Dhaka",NA,NA,Office Space,Un-Furnished,Commercial,50,	L.P.G,NA,NORTH,YES,NA,NA
Abidin ToWESTr,3800,Ope space,Open Space,Open Space,1,2,4,16,494000,"38,000",2015,"	Road: 17, Block: D, BaNAni,Dhaka","24 hours CC TV coverage,Automatic Fire alarm syem",YES,Office Space,Un-Furnished,Commercial,50,NA,NA,	NORTH,YES,NA,NA
RSR ToWESTr 13A,2950,	Open Space,	Open Space,	Open Space,1,2,13,14,354000,"29,500",2010,"	Road: 11, BaNAni,Dhaka","24 hours CC TV coverage,Automatic Fire alarm syem",YES,	Office Space,Un-Furnished,Commercial,50,NA,NA,NORTH,YES,NA,NA
Ventura Iconia,2200,	Open Space,	Open Space,	Open Space,1,2,6,11,264000,"40,000",2006,"	Road: 11, BaNAni,Dhaka","24 hours CC TV coverage,Automatic Fire alarm syem",YES,	Office Space,	Un-Furnished,Commercial,50,NA,NA,	NORTH,YES,NA,NA
Ahmed ToWESTr,1710,	Open Space,	Open Space,	Open Space,1,3,15,24,153900,0,2010,"Road: Kemal Ataturk Avenue, BaNAni,Dhaka","24 hours CC TV coverage,Automatic Fire alarm syem",YES,	Office Space,Un-Furnished,Commercial,50,NA,NA,	NORTH,YES,NA,NA
Skylark,2000,Ope space,Open Space,Open Space,1,2,9,11,220000,"20,000",2010,"	Road: 11, BaNAni,Dhaka","24 hours CC TV coverage,Automatic Fire alarm syem",YES,Office Space,Un-Furnished,Commercial,50,NA,NA,	NORTH,YES,NA,NA
Sheltech Ayaan 3A,1452,Ope space,Open Space,Open Space,1,2,3,15,261360,"21,780",2021,"	Road: 11, Block: C, BaNAni,Dhaka","24 hours CC TV coverage,Automatic Fire alarm syem",YES,Office Space,Un-Furnished,Commercial,50,NA,NA,	SOUTH,YES,NA,NA
Artisan,3285,Ope space,Open Space,Open Space,1,2,4,13,295650,"49,275",2017,"	Road: 11, Block: F, BaNAni,Dhaka","24 hours CC TV coverage,Automatic Fire alarm syem",YES,Office Space,Un-Furnished,Commercial,50,NA,YES,	NORTH,YES,NA,NA
"Delta Dahlia ToWESTr",5500,Ope space,Open Space,Open Space,0,2,1,16,1375000,"15,000",2000,"Road: Kemal Ataturk Avenue, BaNAni,Dhaka","24 hours CC TV coverage,Automatic Fire alarm syem",YES,Office Space,	Un-Furnished,Commercial,50,NA,NA,	NORTH,YES,NA,NA
Green Graer,4300,Ope space,Open Space,Open Space,2,2,8,14,516000,"51,600",2015,"Road: Kemal Ataturk Avenue, BaNAni,Dhaka","24 hours CC TV coverage,Automatic Fire alarm syem",YES,Office Space,Un-Furnished,Commercial,50,NA,NA,NORTH,YES,NA,NA
ToWESTr Hamlet,2200,Ope space,Open Space,Open Space,1,2,8,13,198000,"15,400",2008,"Road: Kemal Ataturk Avenue, BaNAni,Dhaka","24 hours CC TV coverage,Automatic Fire alarm syem",YES,Office Space,Un-Furnished,Commercial,50,NA,NA,	NORTH,YES,NA,NA
Shanta Sofura ToWESTr,2215,Ope space,Open Space,NA,1,2,1,17,287950,"22,150",2019,"Road: Kemal Ataturk Avenue, BaNAni,Dhaka","24 hours CC TV coverage,Automatic Fire alarm syem",YES,Office Space,Furnished,Commercial,50,NA,NA,	NORTH,YES,NA,NA
SOUTH Breeze Centre,2716,Ope space,Open Space,Open Space,1,2,1,9,624680,"25,000",2016,"	Road: 11, BaNAni,Dhaka","24 hours CC TV coverage,Automatic Fire alarm syem",YES,Office Space,Un-Furnished,Commercial,50,NA,NA,	NORTH,YES,NA,NA
Sheltech NORTHern ar 9A,2595,Ope space,Open Space,Open Space,1,2,9,11,441150,"38,925",2022,"	Road: 11, BaNAni,Dhaka","24 hours CC TV coverage,Automatic Fire alarm syem",YES,Office Space,Un-Furnished,Commercial,50,NA,NA,        SOUTH,YES,NA,NA
Prasad Trade Center,7400,Ope space,3,Open Space,2,4,7,16,1110000,"60,000",2012,"	Road: 11, BaNAni,Dhaka",NA,NA,Office Space,Furnished,Commercial,50,NA,NA,	SOUTH,YES,NA,NA
EHL Lokman Hossain ToWESTr,5059,Ope space,Ope space,Open Space,3,3,9,13,910620,"101,180",2013,"	Road: 11, BaNAni,Dhaka",NA,NA,Office Space,Un-Furnished,Commercial,50,NA,NA,        SOUTH,YES,NA,NA
ANZ Haque Eleven Square,2000,Ope space,Ope space,Open Space,1,2,11,15,260000,"30,000",2010,"	Road: 11, BaNAni,Dhaka",NA,NA,Office Space,Un-Furnished,Commercial,50,NA,NA,        SOUTH,YES,NA,NA
Point 11,2367,Ope space,Ope space,Open Space,1,2,11,15,260000,"23,670",2010,"	Road: 11, BaNAni,Dhaka",NA,NA,Office Space,Un-Furnished,Commercial,50,NA,NA,NORTH,YES,NA,NA
Sheltech Ayan,2905,Ope space,Ope space,Open Space,1,2,4,15,522900,"43,575",2022,"	Road: 11, BaNAni,Dhaka",NA,NA,Office Space,Un-Furnished,Commercial,50,NA,NA,	NORTH,YES,NA,NA
Nur Empori,6000,Ope space,Ope space,Open Space,1,2,6,13,720000,"60,000",2017,"	Road: 11, BaNAni,Dhaka",NA,NA,Office Space,Un-Furnished,Commercial,50,NA,NA,        SOUTH,YES,NA,NA
Sheltech NORTHern ar,2595,Ope space,Ope space,Open Space,1,2,9,11,467100,"38,925",2022,"	Road: 11, BaNAni,Dhaka",NA,NA,Office Space,Un-Furnished,Commercial,50,NA,NA,NORTH,YES,NA,NA
Suvau JahaNORTHa Square,2188,Ope space,Ope space,Open Space,1,1,5,11,306320,"21,880",2017,"	Road: 11, BaNAni,Dhaka",NA,NA,Office Space,Un-Furnished,Commercial,50,NA,NA,	NORTH,YES,NA,NA
Baro Bhuiyan,	3200 sqd,Ope space,Ope space,Open Space,1,2,11,15,480000,"32,000",2012,"	Road: Kemal Ataturk Avenue, BaNAni,Dhaka",NA,NA,Office Space,Un-Furnished,Commercial,50,	L.P.G,NA,	NORTH,YES,NA,NA
Autograph,9000,Ope space,Ope space,Open Space,2,5,17,20,1620000,"135,000",2017,"Road: Kemal Ataturk Avenue, BaNAni,Dhaka",NA,NA,Office Space,Un-Furnished,Commercial,50,NA,NA,        SOUTH,YES,NA,NA
Shanta Charalok,3000,3,3,3,1,2,9,10,170000,12000,2010,"Road: 23, Block: B, BaNAni,Dhaka",NA,NA,Furnished Apartment,Furnished,Residential,16,        L.P.G,YES,	EAST,YES,YES,YES
Urban Lily Cottage,2300,4,4,3,1,2,9,13,140000,10000,2010,"	Road: 23, Block: B, BaNAni,Dhaka",NA,NA,Furnished Apartment,Furnished,Residential,16,        L.P.G,YES,	SOUTH,YES,YES,YES
Taher Homes Nur Jahan,1800,3,3,2,1,2,7,11,200000,8000,2009,"Road: 13, Block: C, BaNAni,Dhaka",NA,NA,Furnished Apartment,Furnished,Residential,16,	GOVT,YES,	WEST,YES,YES,YES
BTI Rose Cottage,1750,3,3,3,1,1,4,11,135000,10600,2020,"	Road: 4, Block: A, BaNAni,Dhaka",NA,NA,Furnished Apartment,Furnished,Residential,24,        L.P.G,YES,	WEST,YES,YES,YES
Rangs Gra President Palace,2200,3,3,3,1,2,3,10,160000,9000,2012,"	Road: 12, Block: H, BaNAni,Dhaka",NA,NA,Furnished Apartment,Furnished,Residential,16,        L.P.G,YES,	WEST,YES,YES,YES
NAvaNA Sambilan,2300,3,3,3,1,2,6,7,230000,15000,2022,"	Road: 23, Block: A, BaNAni,Dhaka", Swimming Pool.,NA,Furnished Apartment,Furnished,Residential,24,        L.P.G,YES,	WEST,YES,YES,YES
Shanta Celeial,2635,3,3,2,1,2,"2, 4, 11",12,170000,25000,2025,"	Road:16, BaNAni,Dhaka",NA,NA,Residential Apartment,Un-Furnished,Residential,24,        L.P.G,YES,	EAST,YES,YES,YES
Urban DrEASTm 9 Floor,2600,3,3,3,1,2,9,14,180000,12000,2022,"Road: 18, BaNAni,Dhaka",NA,NA,Residential Apartment,Un-Furnished,Residential,24,        L.P.G,YES,	SOUTH,YES,YES,YES
Urban BoNAnza 6B,2380,3,4,4,1,2,6,14,120000,10000,2015,"	Road: 13, Block: B, BaNAni,Dhaka",NA,NA,Residential Apartment,Un-Furnished,Residential,24,        L.P.G,YES,	EAST,YES,YES,YES
Urban BoNAnza 10A,2380,3,3,3,1,2,10,11,120000,10000,2012,"	Road: 13, Block: B, BaNAni,Dhaka",NA,NA,Residential Apartment,Un-Furnished,Residential,16,        L.P.G,YES,	WEST,YES,YES,YES
SigNAture Pahela Boishakh 4,2700,3,3,2,1,2,4,11,170000,15000,2022,"	Road: 18, Block: B, BaNAni,Dhaka", GYM,NA,Residential Apartment,Un-Furnished,Residential,24,        L.P.G,YES,WEST,YES,YES,YES
SigNAture Pahela Boishakh A4,2450,3,4,3,1,2,4,11,170000,20000,2022,"	Road: 18, Block: B, BaNAni,Dhaka",NA,NA,Residential Apartment,Semi Furnished,Residential,24,        L.P.G,YES,	NORTH,YES,YES,YES
NAvaNA Boryoman 2A,2450,3,3,3,1,1,2,11,100000,15000,2023,"	Road: 13, Block: C, BaNAni,Dhaka",NA,NA,Residential Apartment,Un-Furnished,Residential,24,        L.P.G,YES,SOUTH,YES,YES,YES
Simpletree,2500,3,4,3,1,1,6,11,100000,15000,2023,"	Road: 19, Block: E, BaNAni,Dhaka",NA,NA,Residential Apartment,Semi Furnished,Residential,24,	L.P.G,YES,	WEST,YES,YES,YES
Shanta Akashprodip 4A,2400,3,3,2,1,2,4,9,130000,12000,2010,"	Road: 24, Block: A, BaNAni,Dhaka",NA,NA,Residential Apartment,Un-Furnished,Residential,16,	L.P.G,YES,	EAST,YES,YES,YES
Bay Bailley Heights,3000,4,4,3,1,2,1,11,150000,12000,2023,"Road: 18, Block: H, BaNAni,Dhaka", 24 hours security service,NA,Residential Apartment,Un-Furnished,Residential,16,	L.P.G,YES,	SOUTH,YES,YES,YES
Mutual Rawshan Heights,2200,3,3,2,1,2,3,9,90000,8500,2022,"Road: 4, Block: D, BaNAni,Dhaka",NA,NA,Residential Apartment,Un-Furnished,Residential,16,	L.P.G,YES,	WEST,YES,YES,YES
Asset Kasrey Kabir,2200,3,3,2,2,1,4,6,110000,9000,2008,"	Road: 16, Block: C, BaNAni,Dhaka",NA,NA,Residential Apartment,Un-Furnished,Residential,16,	GOVT,YES,	SOUTH,YES,YES,YES
"Anwar Lamark Monsoon Blue 5A",2000,3,3,3,1,2,5,11,90000,10000,2023,"	Road: 13, Block: D, BaNAni,Dhaka","24 hours CC TV coverage,Automatic Fire alarm syem",YES,Residential Apartment,Un-Furnished,Residential,16,	L.P.G,YES,	NORTH,YES,YES,YES
NAvaNA Boryoman A3,2400,3,3,3,1,1,3,11,115000,10000,2023,"Road: 15, Block: D, BaNAni,Dhaka",NA,NA,Residential Apartment,Un-Furnished,Residential,16,	L.P.G,YES,	SOUTH,YES,YES,YES
Assurance Meherunnesa Villa A5,2050,3,3,3,1,2,5,10,110000,12000,2023,"	Road: 15, Block: B, BaNAni,Dhaka",NA,NA,Residential Apartment,Un-Furnished,Residential,16,	L.P.G,YES,	EAST,YES,YES,YES
BTI Golden Cascade B5,3150,4,4,4,2,2,5,9,110000,12000,2015,"Road: 6, Block: B, BaNAni,Dhaka", 24 hours security service,NA,Residential Apartment,Un-Furnished,Residential,16,	L.P.G,YES,	NORTH,YES,YES,YES
Basic Nigar Palace B2,2400,3,3,2,1,2,2,10,120000,10000,2023,"	Road: 12, Block: H, BaNAni,Dhaka",NA,NA,Residential Apartment,Un-Furnished,Residential,16,	L.P.G,YES,	SOUTH,YES,YES,YES
Shanta Akashprodip A4,2400,3,3,2,1,2,4,9,130000,12000,2010,"Road: 25, BaNAni,Dhaka",NA,NA,Residential Apartment,Un-Furnished,Residential,16,	L.P.G,YES,	NORTH,YES,YES,YES
NAvaNA Aziza Serenity,2000,3,3,3,1,2,4,11,100000,8000,2015,"	Road: 18, Block: B, BaNAni,Dhaka",NA,NA,Residential Apartment,Un-Furnished,Residential,16,	L.P.G,YES,	WEST,YES,YES,YES
Shanta DeboNAir B2,1800,3,3,3,1,2,2,12,120000,14000,2018,"	Road: 18, Block: B, BaNAni,Dhaka", GYM,NA,Residential Apartment,Un-Furnished,Residential,16,	L.P.G,YES,	NORTH,YES,YES,YES
BTI Golden Cascade,3150,4,4,4,2,2,5,9,160000,12000,2015,"	Road: 4, Block: A, BaNAni,Dhaka",NA,NA,Residential Apartment,Un-Furnished,Residential,24,	L.P.G,YES,	EAST,YES,YES,YES
Shanta Akashprodip,2400,3,3,3,1,2,4,9,150000,12000,2015,"	Road: 23, Block: A, BaNAni,Dhaka",NA,NA,Residential Apartment,Un-Furnished,Residential,16,	L.P.G,YES,	EAST,YES,YES,YES
"Basic Nigar Palace, 8A",2430,3,3,3,1,2,8,10,150000,12000,2023,"	Road: 12, Block: H, BaNAni,Dhaka",NA,NA,Residential Apartment,Un-Furnished,Residential,16,	L.P.G,YES,SOUTH,YES,YES,YES
Basic Nigar Palace,2400,3,3,3,1,2,4,10,140000,12000,2023,"	Road: 12, Block: H, BaNAni,Dhaka",NA,NA,Residential Apartment,Un-Furnished,Residential,24,	L.P.G,YES,	WEST,YES,YES,YES
NAvaNA Boryoman,2400,3,3,3,1,1,3,11,135000,12000,2023,"	Road: 15, Block: B, BaNAni,Dhaka",NA,NA,Residential Apartment,Un-Furnished,Residential,16,	L.P.G,YES,	EAST,YES,YES,YES
Urban DrEASTm 4A,2300,3,3,3,1,2,4,14,145000,13000,2022,"	Road: 14, Block: B, BaNAni,Dhaka",NA,NA,Residential Apartment,Un-Furnished,Residential,16,	L.P.G,YES,	WEST,YES,YES,YES
Anwar Lamark Monsoon Blue,2000,3,3,3,1,2,3,11,120000,10000,2023,"	Road: 13, Block: E, BaNAni,Dhaka",NA,NA,Residential Apartment,Un-Furnished,Residential,16,	L.P.G,YES,	EAST,YES,YES,YES
BTI Rose Cottage A5,1750,3,3,3,1,1,5,8,130000,12000,2023,"	Road: 6, Block: A, BaNAni,Dhaka",NA,NA,Residential Apartment,Un-Furnished,Residential,16,	L.P.G,YES,	WEST,YES,YES,YES
Shanta DeboNAir,1800,3,3,2,1,2,2,12,140000,15000,2020,"Road: 18, Block: B, BaNAni,Dhaka", GYM,NA,Residential Apartment,Un-Furnished,Residential,16,	L.P.G,YES,	SOUTH,YES,YES,YES
Impetus Centre,3012,Open Space,Open Space,Open Space,3,3,7,10,"4,51,800",60240,2018,"Link Road, Tejgaon","Fire alarm, CCTV",YES,Office Space,full Furnished,Commercial,60,NA,NA,NORTH,YES,Open Space,Open Space
Shanta WESTern ToWESTr,5900,Open Space,Open Space,Open Space,3,6,9,23,"9,44,000",88500,20118,"Link Road, Tejgaon","Fire alarm, CCTV",YES,office space,Furnished,Commercial,60,L.P.G,NA,NORTH,YES,Open Space,Open Space
Shanta PinNAcle,14560,Open Space,Open Space,Open Space,8,7,"11, 31, 32",41,"2,620,800",0,2025,"Link Road, Tejgaon","Fire alarm, CCTV",YES,office space,Un-Furnished,Commercial,60,NA,NA,NORTH-SOUTH,NA,Open Space,Open Space
Shanta Forum,11000,Open Space,Open Space,Open Space,4,4,13,24,1760000,187000,2022,"Tejgaon Link Road, Tejgaon","Fire alarm, CCTV",YES,office space,"Un-Furnished, Open floor",Commercial,60,NA,NA,SOUTH,NA,Open Space,Open Space
Rangs Centre,7973,Open Space,Open Space,Open Space,2,3,"2,3,4",9,"7,97,300",63784,2023,"Tejgaon Iurial ArEAST, Tejgaon","Fire alarm, CCTV",YES,office space,Un-Furnished,Commercial,50,NA,NA,SOUTH,YES,Open Space,Open Space
InNORTH Intercontinental,12000,Open Space,Open Space,Open Space,5,6,22,32,1800000,0,2024,Tejgaon Iurial ArEAST,"Fire alarm, CCTV",YES,office space,"Un-Furnished, Open floor",Commercial,50,NA,NA,WEST,YES,Open Space,Open Space
NiNA Kabbo,15200,Open Space,Open Space,Open Space,7,3,3,16,1976000,456000,2020,Tejgaon Iurial ArEAST,"Fire alarm, CCTV",YES,office space,"Un-Furnished, Open floor",Commercial,50,NA,NA,SOUTH,NA,Open Space,Open Space
Imprtus Centre,4000,Open Space,Open Space,Open Space,2,3,7,13,440000,80000,2017,"Bir Uttam Mir Shakhawat Sarak, Tejgaon","Fire alarm, CCTV",YES,office space,Furnished,Commercial,50,NA,NA,NORTH,YES,Open Space,Open Space
Lanka Bangla FiNAnce Square 9A,9368,Open Space,Open Space,Open Space,5,5,9,12,1498880,187360,2023,"Bir Uttam Mir Shakhawat Sarak, Tejgaon","Fire alarm, CCTV",YES,office space,Un-Furnished,Commercial,40,NA,NA,SOUTH,NA,Open Space,Open Space
Lanka Bangla FiNAnce Square 10A,8861,Open Space,Open Space,Open Space,5,5,10,12,1417760,177220,2023,"Bir Uttam Mir Shakhawat Sarak, Tejgaon","Fire alarm, CCTV",YES,office space,"Un-Furnished,office space",Commercial,40,NA,NA,SOUTH,NA,Open Space,Open Space
Aziz 0p 1A,1600,Open Space,Open Space,Open Space,NA,1,1,6,192000,16000,2021,"Tejgaon Link Road, Tejgaon","Fire alarm, CCTV",YES,office space,Furnished,Commercial,50,NA,NA,SOUTH,YES,Open Space,Open Space
Edison Prime 8A,3455,Open Space,Open Space,Open Space,1,3,8,10,449150,31095,2023,"Tejgaon Link Road, Tejgaon","Fire alarm, CCTV",YES,office space,"Un-Furnished, Open Space",Commercial,50,NA,NA,NORTH,YES,Open Space,Open Space
Shanta Forum,11000,Open Space,Open Space,Open Space,4,4,13,24,1760000,187000,2022,"Tejgaon Link Road, Tejgaon","Fire alarm, CCTV",YES,office space,"Un-Furnished, Open floor",Commercial,60,NA,NA,SOUTH,NA,Open Space,Open Space
Edison Prime (0 floor),2145,Open Space,Open Space,Open Space,1,3,0,10,536250,19305,2023,"Tejgaon Link Road, Tejgaon","Li,Parking",NA,office space,"Un-Furnished, Open floor",Commercial,50,NA,NA,NORTH,YES,Open Space,Open Space
Edison Prime,9500,Open Space,Open Space,Open Space,4,3,6,10,1235000,85500,2023,"Tejgaon Link Road, Tejgaon","Li,Parking",NA,office space,"Un-Furnished, Open floor",Commercial,50,NA,NA,NORTH,YES,Open Space,Open Space
Aziz 0p,7500,Open Space,Open Space,Open Space,2,1,3,6,1125000,75000,2021,"Tejgaon Link Road, Tejgaon","Li,Parking",NA,office space,"Un-Furnished, Open floor",Commercial,50,NA,NA,SOUTH,YES,Open Space,Open Space
Haque ToWESTr,3500,Open Space,Open Space,Open Space,1,1,5,11,245000,17500,2003,"Tejgaon Link Road, Tejgaon","Li,Parking",NA,office space,"Un-Furnished, Open floor",Commercial,50,NA,NA,NORTH,YES,Open Space,Open Space
NAsrin ToWESTr,20000,Open Space,Open Space,Open Space,9,4,7,12,2000000,200000,2003,"Tejgaon Link Road, Tejgaon","Li,Parking",NA,office space,"Un-Furnished, Open floor",Commercial,50,NA,NA,EAST,YES,Open Space,Open Space
NAvaNA Osman Link,4100,Open Space,Open Space,Open Space,2,2,3,10,410000,32800,2012,"Tejgaon Link Road, Tejgaon","Li,Parking",NA,office space,"Un-Furnished, Open floor",Commercial,50,NA,NA,SOUTH,YES,Open Space,Open Space
Rahmans Regnum,8500,Open Space,Open Space,Open Space,6,3,6,35,1062500,85000,2022,"Tejgaon Link Road, Tejgaon","Li,Parking",NA,office space,"Un-Furnished, Open floor",Commercial,50,NA,NA,EAST,NA,Open Space,Open Space
Rangs Babilonia,5000,Open Space,Open Space,Open Space,2,4,2,12,800000,75000,2010,"Tejgaon Iurial ArEAST, Tejgaon","Li,Parking",NA,office space,"Un-Furnished, Open floor",Commercial,50,NA,NA,NORTH,NA,Open Space,Open Space
Bay's NORTHpark,4800,4,5,3,2,1,4,6,450000,0,2012,Residential Apartment /Baridhara Diplomatic Zone,NA,NA,Residential Apartment,Semi-Furnished,Residential,24,GOVT,YES,NORTH,YES,YES,YES
Gazi House,2400,3,4,4,1,1,"2,3,4",8,270000,0,2025,Residential Apartment /Baridhara Diplomatic Zone,"Swimming Pool, 24 hours security service, Ac",NA,Residential Apartment,Un-Furnished,Residential,24,L.P.G,YES,NORTH,YES,YES,YES
Bashir Bliss,3800,3,4,3,2,2,6,11,350000,25000,2015,Residential Apartment /Baridhara Diplomatic Zone,NA,NA,Residential Apartment,Un-Furnished,Residential,24,L.P.G,YES,WEST,YES,YES,YES
Genetic Pride,1800,3,3,2,1,1,4,6,140000,10000,2007,Residential Apartment /Baridhara Diplomatic Zone,NA,NA,Residential Apartment,Un-Furnished,Residential,24,GOVT,YES,WEST,YES,YES,YES
NAsim Uddin Villa,1900,4,3,2,1,1,"3 , 5",6,100000,10000,2006,Residential Apartment /Baridhara Diplomatic Zone,NA,NA,Residential Apartment,Un-Furnished,Residential,24,GOVT,YES,WEST,YES,YES,YES
Suvau ShahNAwaz,3800,4,4,3,2,2,4,10,350000,25000,2024,Residential Apartment /Baridhara Diplomatic Zone,24 hours security service,NA,Residential Apartment,Un-Furnished,Residential,24,L.P.G,YES,SOUTH,YES,YES,YES
Semi Furnished Apartment,4200,4,4,3,2,2,3,9,380000,20000,2008,Residential Apartment /Baridhara Diplomatic Zone,"24 hours security service, Ac",NA,Residential Apartment,Semi-Furnished,Residential,24,L.P.G,YES,WEST,YES,YES,YES
Bay Lyra (Bra New),4500,4,5,4,2,2,5,11,400000,30000,2024,Residential Apartment /Baridhara Diplomatic Zone,Swimming Pool,NA,Residential Apartment,Un-Furnished,Residential,24,L.P.G,YES,WEST,YES,YES,YES
Sanmar ManzaNA,3500,3,4,3,2,2,6,10,270000,18000,2015,Residential Apartment /Baridhara Diplomatic Zone,"24 hours security service, Ac",NA,Residential Apartment,Semi-Furnished,Residential,24,L.P.G,YES,NORTH,YES,YES,YES
"Alamin Tonmoy (Duplex, Bra New)",7000,7,7,3,5,2,8,10,550000,50000,2024,Residential Apartment / Luxury Apartment /Baridhara Diplomatic Zone,NA,NA,Residential Apartment,Un-Furnished,Residential,24,L.P.G,YES,NORTH,YES,YES,YES
NAvaNA Syed Caselda,4000,3,4,4,2,2,5,10,350000,20000,2017,Residential Apartment /Baridhara Diplomatic Zone,NA,NA,Residential Apartment,Semi-Furnished,Residential,24,L.P.G,YES,NORTH,YES,YES,YES
Suvau Kumkum,4400,4,5,4,2,2,8,11,300000,26000,2015,Residential Apartment /Baridhara Diplomatic Zone,"24 hours security service, Ac,GYM,Swimming Pool",NA,Residential Apartment,Semi-Furnished,Residential,16,L.P.G,YES,NORTH,YES,YES,YES
Shanta AronNA,3500,3,4,3,2,2,7,11,350000,25000,2023,Residential Apartment /Baridhara Diplomatic Zone,GYM,NA,Residential Apartment,Un-Furnished,Residential,16,L.P.G,YES,SOUTH,YES,YES,YES
Nexteon Moorop,3900,4,4,4,2,2,8,9,450000,30000,2023,Residential Apartment /Baridhara Diplomatic Zone,"24 hours security service, Ac",NA,Residential Apartment,Un-Furnished,Residential,24,L.P.G,YES,NORTH,YES,YES,YES
Conco Ambassador RetrEASTt,4000,4,4,3,2,1,1,11,300000,20000,2002,Residential Apartment /Baridhara Diplomatic Zone,"24 hours security service, Ac",NA,Residential Apartment,Semi-Furnished,Residential,24,GOVT,YES,NORTH,YES,YES,YES
Ventura Rebecca,3500,4,4,3,2,2,6,11,300000,25000,2015,Residential Apartment /Baridhara Diplomatic Zone,24 hours security service,NA,Residential Apartment,Un-Furnished,Residential,16,L.P.G,YES,NORTH,YES,YES,YES
Quash Re Zeba,4481,4,4,4,2,2,6,11,270000,20000,2011,Residential Apartment /Baridhara Diplomatic Zone,24 hours security service,NA,Residential Apartment,Semi-Furnished,Residential,16,L.P.G,YES,NORTH,YES,YES,YES
BTI Daelian,2600,4,4,3,2,1,4,9,280000,20000,2023,Residential Apartment /Baridhara Diplomatic Zone,"24 hours security service, Ac",NA,Residential Apartment,Un-Furnished,Residential,16,L.P.G,YES,WEST,YES,YES,YES
Elizabe House,2800,3,3,2,1,1,2,6,150000,10000,2000,Residential Apartment /Baridhara Diplomatic Zone,NA,NA,Residential Apartment,Semi-Furnished,Residential,16,GOVT,YES,SOUTH,YES,YES,YES
Asset Khaled House,2775,4,4,4,1,1,4,11,140000,12000,2017,Residential Apartment /Baridhara Diplomatic Zone,NA,NA,Residential Apartment,Un-Furnished,Residential,16,L.P.G,YES,SOUTH,YES,YES,YES
D Amin Mohammad 0p,2200,3,3,2,1,2,4,11,100000,8000,2013,Residential Apartment /Baridhara Diplomatic Zone,NA,NA,Residential Apartment,Un-Furnished,Residential,16,L.P.G,YES,EAST,YES,YES,YES
ikaNA 2b,3500,3,4,2,1,1,3,7,170000,10000,2005,Baridhara Diplomatic Zone,NA,NA,Furnished apartment,Furnished,Residential,24,LPG,YES,WEST,YES,YES,YES
MARZUQ,2450,3,3,3,1,2,5,9,170000,10000,2023,Baridhara Diplomatic Zone,NA,NA,Furnished apartment,Furnished,Residential,24,LPG,YES,WEST,YES,YES,YES
Civil Parisa,4150,4,4,3,2,2,4,9,400000,25000,2024,Baridhara Diplomatic Zone,NA,NA,Furnished apartment,Furnished,Residential,24,LPG,YES,EAST,YES,YES,YES
"Sanmar ManzaNA A2 , A6",3500,3,4,3,2,2,2,9,230000,20000,2012,Baridhara Diplomatic Zone,NA,NA,Furnished apartment,Furnished,Residential,24, GOVT,YES,NORTH,YES,YES,YES
Bti e Supreme A6,2000,3,4,3,1,1,5,7,200000,15000,2015,Baridhara Diplomatic Zone,NA,NA,Furnished apartment,Furnished,Residential,24,GOVT,YES,WEST,YES,YES,YES
Ventura OriaNA,3200,4,4,2,1,1,5,7,250000,15000,2012,Baridhara Diplomatic Zone,NA,NA,Furnished apartment,Furnished,Residential,24,GOVT,YES,WEST,YES,YES,YES
Suvau ShahNAwaz A6 A7,3800,3,4,2,2,2,4,10,350000,20000,2025,Baridhara Diplomatic Zone,NA,NA,Furnished apartment,Furnished,Residential,24,LPG,YES,SOUTH,YES,YES,YES
Ventura Rebecca A5,3600,4,4,3,2,2,2,9,300000,25000,2012,Baridhara Diplomatic Zone,NA,NA,Furnished apartment,Furnished,Residential,24,GOVT,YES,EAST,YES,YES,YES
Urvee,3400,4,4,3,2,2,4,11,215000,15000,2018,Baridhara Diplomatic Zone,NA,NA,Furnished apartment,Furnished,Residential,24,LPG,YES,SOUTH,YES,YES,YES
mamata,2800,3,3,2,2,1,3,7,220000,15000,2010,Baridhara Diplomatic Zone,NA,NA,Furnished apartment,Furnished,Residential,24,GOVT,YES,WEST,YES,YES,YES
NAvaNA ruby caella ,3700,4,4,3,2,2,7,12,420000,24000,2019,Baridhara Diplomatic Zone,NA,NA,Furnished apartment,Furnished,Residential,24,LPG,YES,WEST,YES,YES,YES
NAvaNA syed caselda 10a,4000,3,4,3,2,2,8,11,400000,2000,2017,Baridhara Diplomatic Zone,NA,NA,Furnished apartment,Furnished,Residential,24,LPG,YES,SOUTH,YES,YES,YES
EHL Moriyum Residence 8A,4000,3,4,3,2,2,6,14,500000,45000,2017,Baridhara Diplomatic Zone,NA,NA,Furnished apartment,Furnished,Residential,24,LPG,YES,NORTH,YES,YES,YES
NAvaNA rubyb A33,3800,4,5,4,2,2,5,11,260000,26000,2018,Baridhara Diplomatic Zone,NA,NA,Residential appartment, Un- Furnished,Residential,24,GOVT,YES,WEST,YES,YES,YES
FarNAz Monteceillo By NAVANA,3550,4,5,4,2,2,4,11,320000,15000,2023,Baridhara Diplomatic Zone,NA,NA,Residential appartment,Un -Furnished,Residential,24,LPG,YES,WEST,YES,YES,YES
aadin,3200,4,4,3,2,2,1,9,330000,20000,2024,Baridhara Diplomatic Zone,NA,NA,Residential appartment,Un -Furnished,Residential,24,LPG,YES,SOUTH,YES,YES,YES
apan emerald a4,3600,4,5,3,2,2,5,10,380000,20000,2024,Baridhara Diplomatic Zone,NA,NA,Residential appartment,Semi Furnished,Residential,24,LPG,YES,NORTH,YES,YES,YES
SOUTH Breeze A2,3000,4,4,2,2,1,4,6,260000,20000,2010,Baridhara Diplomatic Zone,NA,NA,Residential appartment,Semi Furnished,Residential,24,GOVT,YES,EAST,YES,YES,YES
green NAneehamid,2000,3,3,2,1,1,2,6,100000,0,2005,Baridhara Diplomatic Zone,NA,NA,Residential appartment,Un -Furnished,Residential,24,GOVT,YES,WEST,YES,YES,YES
conco tribhubon,2500,3,3,2,1,1,4,9,230000,25000,2023,Baridhara Diplomatic Zone,NA,NA,Residential appartment,Un -Furnished,Residential,24,LPG,YES,NORTH,YES,YES,YES
sanmar ManzaNA A2 ,3500,3,4,2,2,2,5,10,210000,20000,2010,Baridhara Diplomatic Zone,NA,NA,Residential appartment,Semi Furnished,Residential,24,GOVT,YES,NORTH,YES,YES,YES
apan riya,4200,4,4,3,2,2,7,10,220000,0,2010,Baridhara Diplomatic Zone,NA,NA,Residential appartment,Un -Furnished,Residential,24,GOVT,YES,WEST,YES,YES,YES
apan shurji sharoi,4000,4,4,3,2,2,4,7,360000,0,2022,Baridhara Diplomatic Zone,NA,NA,Residential appartment,Un -Furnished,Residential,24,LPG,YES,NORTH,YES,YES,YES
ABC Sareng Bari,3900,4,4,3,2,2,7,10,350000,0,2024,Baridhara Diplomatic Zone,NA,NA,Residential appartment,Un -Furnished,Residential,24,LPG,YES,EAST,YES,YES,YES
Shanta La Bijau,4600,3,4,3,1,2,8,9,400000,45000,2021,Baridhara Diplomatic Zone,NA,NA,Residential appartment,Furnished,Residential,24,LPG,YES,SOUTH,YES,YES,YES
Nur Rosalia,4000,4,5,3,2,2,6,7,300000,20000,2012,Baridhara Diplomatic Zone,NA,NA,Residential appartment,Un -Furnished,Residential,24,GOVT,YES,WEST,YES,YES,YES
Bay Chayaneer,3000,4,4,,2,2,2,9,450000,0,2025,Baridhara Diplomatic Zone,"GYM, Summing Pool",NA,Residential appartment,Un -Furnished,Residential,24,LPG,YES,WEST,YES,YES,YES
"Apan Shurjo Sharoi 3A, 4A",4000,4,4,3,2,2,3,5,550000,40000,2023,Baridhara Diplomatic Zone,ac,NA,Residential appartment,Un -Furnished,Residential,24,LPG,YES,NORTH,YES,YES,YES
Rangs Hai Legacy 10B,2450,3,4,3,1,2,9,13,400000,45000,2012,Baridhara Diplomatic Zone,NA,NA,Residential appartment,Un -Furnished,Residential,24,GOVT,YES,NORTH,YES,YES,YES
Rangs Hai Legacy ,2200,3,3,3,1,1,6,11,180000,8000,2017,Baridhara Diplomatic Zone,NA,NA,Residential appartment,Un -Furnished,Residential,16,LPG,YES,SOUTH,YES,YES,YES
"Basic Feous 2A, 4A",3000,4,5,3,1,1,2,6,280000,0,2016,Baridhara Diplomatic Zone,NA,NA,Residential appartment,Semi Furnished,Residential,24,GOVT,YES,EAST,YES,YES,YES
SOUTH Breeze SOUTH gaen A5,3500,4,4,3,2,2,7,10,260000,25000,2018,Baridhara Diplomatic Zone,NA,NA,Residential appartment,Un -Furnished,Residential,24,LPG,YES,WEST,YES,YES,YES
basic Feous G+1 Duplex,4500,5,5,3,2,1,1,6,380000,0,2016,Baridhara Diplomatic Zone,NA,NA,Residential appartment,Semi Furnished,Residential,24,GOVT,YES,EAST,YES,YES,YES
NAvaNA ruby caella 4A,3800,4,5,4,2,2,5,11,350000,26000,2018,Baridhara Diplomatic Zone,"GYM, Swmming Pool",NA,luxury appartment,Un -Furnished,Residential,24,LPG,YES,WEST,YES,YES,YES
NAvaNA Ruby Caella,3700,4,4,3,2,2,9,12,420000,24000,2019,Baridhara Diplomatic Zone,"GYM, Swmming Pool, bed wi table",NA,luxury appartment,Furnished,Residential,24,LPG,YES,WEST,YES,YES,YES
EHL Moriyum Residence 10A,4000,3,4,3,2,2,7,13,500000,0,2017,Baridhara Diplomatic Zone,"AC,GYM,Swimming Pool",NA,luxury appartment,Semi Furnished,Residential,24,LPG,YES,NORTH,YES,YES,YES
L.K Laurel ,4000,4,4,3,2,2,4,10,450000,30000,2024,Baridhara Diplomatic Zone,NA,NA,luxury appartment,Un -Furnished,Residential,24,LPG,YES,WEST,YES,YES,YES
NAvaNA Khodeja Pinewood A4,3600,4,5,4,2,2,6,12,400000,30000,2024,Baridhara Diplomatic Zone,Swimming Pool,NA,luxury appartment,Un -Furnished,Residential,24,LPG,YES,WEST,YES,YES,YES
NAvaNA Khodeja Pinewood ,3600,4,5,4,2,2,10,12,500000,30000,2024,Baridhara Diplomatic Zone,Swimming Pool,NA,luxury appartment,Furnished,Residential,24,LPG,YES,WEST,YES,YES,YES
Civilian,4000,4,5,4,2,2,6,9,400000,30000,2024,Baridhara Diplomatic Zone,Swimming Pool,NA,luxury appartment,Un -Furnished,Residential,24,LPG,YES,NORTH,YES,YES,YES
"Alamin Tonmoy(Duplex, Bra New)",7000,7,7,6,5,2,4,10,550000,50000,2024,Baridhara Diplomatic Zone,NA,NA,luxury appartment,Un -Furnished,Residential,24,LPG,YES,NORTH,YES,YES,YES
Labaid NAor Jahan (7 a 8 DX),6000,4,5,4,3,2,3,9,550000,25000,2014,Baridhara Diplomatic Zone,NA,NA,luxury appartment,Furnished,Residential,24,LPG,YES,NORTH,YES,YES,YES
NAvaNA Hazle Wood 4A,3700,4,4,3,2,2,2,9,350000,25000,2023,Baridhara Diplomatic Zone,Swimming Pool,NA,luxury appartment,Un -Furnished,Residential,24,LPG,YES,NORTH,YES,YES,YES
EHL Moriyum Residence,4000,3,4,3,2,2,8,11,500000,45000,2015,Baridhara Diplomatic Zone,"GYM, Swimming Pool",NA,luxury appartment,Furnished,Residential,24,LPG,YES,SOUTH,YES,YES,YES
Apan Shurjo Sharoi ,4000,4,4,4,2,2,3,10,550000,30000,2023,Baridhara Diplomatic Zone,Swimming Pool,NA,luxury appartment,Furnished,Residential,24,LPG,YES,NORTH,YES,YES,YES
NAvaNA Hazle Wood 2A,3700,4,4,3,2,2,5,9,350000,15000,2023,Baridhara Diplomatic Zone,Swimming Pool,NA,luxury appartment,Un -Furnished,Residential,24,LPG,YES,NORTH,YES,YES,YES
NAvaNA FarNAz Monteceillo 3A,3550,4,5,4,2,2,6,11,300000,15000,2023,Baridhara Diplomatic Zone,NA,NA,luxury appartment,Un -Furnished,Residential,16,LPG,YES,SOUTH,YES,YES,YES
Akash Atrai 5A,4900,4,5,3,2,2,3,11,550000,25000,2023,Baridhara Diplomatic Zone,Swimming Pool,NA,luxury appartment,Un -Furnished,Residential,16,LPG,YES,SOUTH,YES,YES,YES
NAvaNA Ventura OriaNA 2A,4300,4,4,3,2,2,3,11,300000,21000,2017,Baridhara Diplomatic Zone,Swimming Pool,NA,luxury appartment,Furnished,Residential,16,LPG,YES,SOUTH,YES,YES,YES
BTI wi FloWESTr 3A,3500,4,4,4,2,2,4,11,350000,25000,2022,Baridhara Diplomatic Zone,Swimming Pool,NA,luxury appartment,Un -Furnished,Residential,24,LPG,YES,SOUTH,YES,YES,YES
summer,3500,4,4,3,2,2,7,11,260000,18000,2020,Baridhara Diplomatic Zone,NA,NA,Furnished apartment,Furnished,Residential,16,LPG,YES,SOUTH,YES,YES,YES
charulata,2600,3,3,3,1,1,2,6,190000,12000,2018,Baridhara Diplomatic Zone,NA,NA,Furnished apartment,Furnished,Residential,24,LPG,YES,NORTH,YES,YES,YES
yasmi Alian,3900,4,4,3,2,2,8,11,260000,20000,2017,Baridhara Diplomatic Zone,NA,NA,Furnished apartment,Furnished,Residential,16,LPG,YES,NORTH,YES,YES,YES
Priyo Prangon,2900,4,4,3,2,2,5,8,250000,15000,2012,Baridhara Diplomatic Zone,NA,NA,Furnished apartment,Furnished,Residential,24,LPG,YES,SOUTH,YES,YES,YES
BTI wi FloWESTr ,3500,4,4,3,2,2,8,11,350000,25000,2022,Baridhara Diplomatic Zone,NA,NA,Furnished apartment,Furnished,Residential,16,LPG,YES,SOUTH,YES,YES,YES
Assurance Marzuk House,2200,3,3,3,1,2,9,9,180000,8000,2021,Baridhara Diplomatic Zone,NA,NA,Furnished apartment,Furnished,Residential,16,LPG,YES,WEST,YES,YES,YES
Masuk ToWESTr,3000,3,3,3,1,2,7,11,280000,21000,2020,Baridhara Diplomatic Zone,NA,NA,Furnished apartment,Furnished,Residential,16,LPG,YES,NORTH,YES,YES,YES
NAvaNA,4300,4,4,3,2,2,10,11,280000,21000,2015,Baridhara Diplomatic Zone,NA,NA,Furnished apartment,Furnished,Residential,16,LPG,YES,SOUTH,YES,YES,YES
 Labaid Nur Jahan,2370,3,3,2,2,2,9,11,210000,12000,2015,Baridhara Diplomatic Zone,NA,NA,Furnished apartment,Furnished,Residential,16,LPG,YES,NORTH,YES,YES,YES
Asset Primera 5A,2200,3,3,3,1,1,12,13,140000,10000,2018,Baridhara Diplomatic Zone,NA,NA,Furnished apartment,Furnished,Residential,16,LPG,YES,NORTH,YES,YES,YES
Yasmi Aliyan 3A,3900,4,4,3,1,2,10,11,250000,20000,2015,Baridhara Diplomatic Zone,NA,NA,Furnished apartment,Furnished,Residential,24,LPG,YES,NORTH,YES,YES,YES
Ventura OriaNA C3,4300,4,4,3,2,2,10,11,260000,21000,2010,Baridhara Diplomatic Zone,GYM,NA,Furnished apartment,Furnished,Residential,16,LPG,YES,SOUTH,YES,YES,YES
Maliha Green 4A,2300,3,3,2,1,1,9,11,150000,12000,2020,Baridhara Diplomatic Zone,NA,NA,Furnished apartment,Furnished,Residential,16,LPG,YES,EAST,YES,YES,YES
Rangs Hai Legacy,2200,3,3,2,1,1,12,13,160000,8000,2019,Baridhara Diplomatic Zone,NA,NA,Furnished apartment,Furnished,Residential,16,LPG,YES,SOUTH,YES,YES,YES
Shanta La Bijau 8A,4000,3,3,3,2,2,7,9,450000,37000,2023,Baridhara Diplomatic Zone,GYM,NA,Furnished apartment,Furnished,Residential,16,LPG,YES,NORTH,YES,YES,YES
Assurance Marzuk House 6B,2200,3,3,3,1,2,9,11,180000,8000,2021,Baridhara Diplomatic Zone,NA,NA,Furnished apartment,Furnished,Residential,16,LPG,YES,NORTH,YES,YES,YES
Apan Shurjo Sharoi,4000,4,4,4,1,2,7,10,550000,30000,2023,Baridhara Diplomatic Zone,Swimming Pool,NA,Furnished apartment,Furnished,Residential,24,LPG,YES,NORTH,YES,YES,YES
EHL Moriyum Residence,4000,3,4,3,2,2,9,11,500000,45000,2015,Baridhara Diplomatic Zone,"GYM, Swimming Pool",NA,Furnished apartment,Furnished,Residential,24,LPG,YES,SOUTH,YES,YES,YES
DL Salam Rosevalley,1500,3,3,2,1,1,6,7,150000,10000,2015,Baridhara Diplomatic Zone,NA,NA,Furnished apartment,Furnished,Residential,24,LPG,YES,NORTH,YES,YES,YES
DL Nur Rosalia 4E,3600,4,5,3,3,2,7,9,240000,20000,2015,Baridhara Diplomatic Zone,NA,NA,Furnished apartment,Furnished,Residential,24,LPG,YES,NORTH,YES,YES,YES
impetus Centre,3012,Open Space,Open Space,Open Space,3,3,5,10,451800,60240,2018,Baridhara Diplomatic Zone,Fire alarm,YES,	Office Space,Furnished,Commercial,60,NA,NA,NORTH,YES,Open Space,Open Space
InNORTH M a S House 8A,4200,Open Space,Open Space,Open Space,2,2,3,13,630000,0,2024,Baridhara Diplomatic Zone,Fire alarm,YES,	Office Space,Un -Furnished,Commercial,50,NA,NA,NORTH,YES,Open Space,Open Space
Shanta WESTern ToWESTr,5900,Open Space,Open Space,Open Space,3,6,15,23,944000,88500,2018,Baridhara Diplomatic Zone,Fire alarm,YES,	Office Space,Furnished,Commercial,60,LPG,NA,NORTH,YES,Open Space,Open Space
prasad trEASTd centre,7500,Open Space,Open Space,Open Space,3,4,16,20,900000,75000,2010,Baridhara Diplomatic Zone,Fire alarm,YES,	Office Space,Un -Furnished,Commercial,60,NA,YES,NORTH,YES,Open Space,Open Space
Sejad Palace,5500,Open Space,Open Space,Open Space,2,2,8,11,715000,55000,2010,Baridhara Diplomatic Zone,Fire alarm,YES,	Office Space,Un -Furnished,Commercial,60,NA,NA,EAST WEST,YES,Open Space,Open Space
conco colosseum,2780,Open Space,Open Space,Open Space,1,2,11,13,330000,26500,2015,Baridhara Diplomatic Zone,Fire alarm,YES,	Office Space,Un -Furnished,Commercial,60,LPG, YES,NORTH,YES,Open Space,Open Space
Shanta PinNAcle,14560,Open Space,Open Space,Open Space,8,7,20,41,2620800,0,2025,Baridhara Diplomatic Zone,Fire alarm,YES,	Office Space,Un -Furnished,Commercial,60,NA,NA,NORTH SOUTH,NA,Open Space,Open Space
Conco MB ToWESTr,3625,Open Space,Open Space,Open Space,1,2,15,17,616250,"54,375",2024,Baridhara Diplomatic Zone,Fire alarm,YES,	Office Space,Un -Furnished,Commercial,50,NA,NA,SOUTH,YES,Open Space,Open Space
Rangs Cente,7973,Open Space,Open Space,Open Space,2,3,8,9,797300,"63,784",2023,Baridhara Diplomatic Zone,Fire alarm,YES,	Office Space,Un -Furnished,Commercial,50,NA,NA,SOUTH,NA,Open Space,Open Space
Sheltech NORTHtgern ar,2295,Open Space,Open Space,Open Space,1,2,7,10,320000,30000,2024,Baridhara Diplomatic Zone,Fire alarm,YES,	Office Space,Un -Furnished,Commercial,40,NA,NA,SOUTH,YES,Open Space,Open Space
FiNAnce Square 17 a 18 floor,3700,Open Space,Open Space,Open Space,2,2,19,23,925000,74000,2020,Baridhara Diplomatic Zone,Fire alarm,YES,	Office Space,Un -Furnished,Commercial,30,NA,NA,SOUTH,NA,Open Space,Open Space
Bra New Commercial Space,3100,Open Space,Open Space,Open Space,1,2,2,10,372000,31000,2025,Baridhara Diplomatic Zone,Fire alarm,YES,	Office Space,Un -Furnished,Commercial,30,NA,NA,WEST,NA,Open Space,Open Space
Suvau Muskan ToWESTr,3995,Open Space,Open Space,Open Space,1,3,20,23,479400,59925,2024,Baridhara Diplomatic Zone,Fire alarm,YES,	Office Space,Un -Furnished,Commercial,50,NA,NA,EAST,YES,Open Space,Open Space
Commercial cove,3500,Open Space,Open Space,Open Space,1,2,9,10,385000,0,2010,Baridhara Diplomatic Zone,Fire alarm,YES,	Office Space,Un -Furnished,Commercial,30,NA,NA,WEST,YES,Open Space,Open Space
Autograph ToWESTr 17 Floor,11500,Open Space,Open Space,Open Space,2,5,18,21,2070000,172500,2014,Baridhara Diplomatic Zone,Fire alarm,YES,	Office Space,Un -Furnished,Commercial,60,NA,NA,SOUTH,NA,Open Space,Open Space
Suvau HeNA Skyline,7500,Open Space,Open Space,Open Space,3,7,26,37,1125000,0,2025,Baridhara Diplomatic Zone,Fire alarm,YES,	Office Space,Un -Furnished,Commercial,60,NA,NA,EAST,YES,Open Space,Open Space
Suvau Rahman Galleria,3017,Open Space,Open Space,Open Space,1,2,10,11,452550,0,2023,Baridhara Diplomatic Zone,Fire alarm,YES,	Office Space,Un -Furnished,Commercial,50,NA,NA,EAST,YES,Open Space,Open Space
artisan 2 floor,3282,Open Space,Open Space,Open Space,2,2,10,11,426660,49230,2015,Baridhara Diplomatic Zone,Fire alarm,YES,	Office Space,Un -Furnished,Commercial,50,NA,NA,SOUTH,NA,Open Space,Open Space
iividual house,10000,Open Space,Open Space,Open Space,6,NA,1,3,900000,0,2010,Baridhara Diplomatic Zone,Fire alarm,YES,	Office Space,Un -Furnished,Commercial,24, LPG,NA,WEST,YES,Open Space,Open Space
conco silvy toWESTr,6500,Open Space,Open Space,Open Space,2,2,9,13,1300000,0,2017,Baridhara Diplomatic Zone,Fire alarm,YES,	Office Space,Un -Furnished,Commercial,50,NA,NA,EAST,NA,Open Space,Open Space
AWR U TOWESTR,2200,Open Space,Open Space,Open Space,1,3,15,20,374000,33000,2024,Baridhara Diplomatic Zone,Fire alarm,YES,	Office Space,Un -Furnished,Commercial,50,NA,NA,SOUTH,YES,Open Space,Open Space
Shanta Forum,11000,Open Space,Open Space,Open Space,4,4,21,24,1760000,187000,2022,Baridhara Diplomatic Zone,Fire alarm,YES,	Office Space,Un -Furnished,Commercial,60,NA,NA,SOUTH,NA,Open Space,Open Space
Alauddin ToWESTr,4000,Open Space,Open Space,Open Space,2,2,3,11,480000,40000,2010,Baridhara Diplomatic Zone,Fire alarm,YES,	Office Space,Un -Furnished,Commercial,24,NA,NA,EAST,NA,Open Space,Open Space
Conco IK ToWESTr,5200,Open Space,Open Space,Open Space,2,3,10,13,1560000,52000,2018,Baridhara Diplomatic Zone,Fire alarm,YES,	Office Space,Un -Furnished,Commercial,50,NA,NA,SOUTH,NA,Open Space,Open Space
Silver ToWESTr,5800,Open Space,Open Space,Open Space,2,3,15,18,638000,58000,2018,Baridhara Diplomatic Zone,Fire alarm,YES,	Office Space,Un -Furnished,Commercial,50,NA,NA,NORTH,YES,Open Space,Open Space
InNORTH Intercontinental,12000,Open Space,Open Space,Open Space,5,6,25,31,1800000,0,2024,Baridhara Diplomatic Zone,Fire alarm,YES,	Office Space,Un -Furnished,Commercial,50,NA,NA,WEST,YES,Open Space,Open Space
NiNA Kabbo,15200,Open Space,Open Space,Open Space,7,3,6,16,1976000,456000,2020,Baridhara Diplomatic Zone,Fire alarm,YES,	Office Space,Un -Furnished,Commercial,50,NA,NA,SOUTH,NA,Open Space,Open Space
Conco Niharika,1957,Open Space,Open Space,Open Space,1,2,7,14,306125,29640,2023,Baridhara Diplomatic Zone,Fire alarm,YES,	Office Space,Un -Furnished,Commercial,50,NA,NA,NORTH,YES,Open Space,Open Space
Rangs Z Square,3700,Open Space,Open Space,Open Space,1,2,18,20,740000,55500,2024,Baridhara Diplomatic Zone,Fire alarm,YES,	Office Space,Un -Furnished,Commercial,50,NA,NA,EAST,NA,Open Space,Open Space
NAvaNA Trillium,3900,Open Space,Open Space,Open Space,2,2,12,15,585000,58500,2024,Baridhara Diplomatic Zone,Fire alarm,YES,	Office Space,Un -Furnished,Commercial,50,NA,NA,NORTH,YES,Open Space,Open Space
ANAbil ToWESTr,6692,Open Space,Open Space,Open Space,1,5,12,20,1204560,133840,2019,Baridhara Diplomatic Zone,Fire alarm,YES,	Office Space,Un -Furnished,Commercial,50,NA,NA,SOUTH,YES,Open Space,Open Space
Caerisis ToWESTr,3300,Open Space,Open Space,Open Space,2,2,10,14,429000,33000,2023,Baridhara Diplomatic Zone,Fire alarm,YES,	Office Space,Un -Furnished,Commercial,40,NA,NA,EAST,NA,Open Space,Open Space
Reliance ToWESTr,6500,Open Space,Open Space,Open Space,2,4,12,14,845000,65000,2024,Baridhara Diplomatic Zone,Fire alarm,YES,	Office Space,Un -Furnished,Commercial,50,NA,NA,SOUTH,YES,Open Space,Open Space
Conco Baksh ToWEST,3800,Open Space,Open Space,Open Space,2,2,15,18,950000,57000,2023,Baridhara Diplomatic Zone,Fire alarm,YES,	Office Space,Un -Furnished,Commercial,50,NA,NA,NORTH,YES,Open Space,Open Space
Bay Delvia,9000,Open Space,Open Space,Open Space,5,2,15,19,1440000,45000,2012,Baridhara Diplomatic Zone,Fire alarm,YES,	Office Space,Un -Furnished,Commercial,50,NA,NA,NORTH,YES,Open Space,Open Space
Momen Bari Heights,526,Open Space,Open Space,Open Space,NA,2,6,16,280000,5260,2023,Baridhara Diplomatic Zone,Fire alarm,YES,	Office Space,Un -Furnished,Commercial,24,NA,NA,EAST,YES,Open Space,Open Space
MMK Akash Avenue ,3372,Open Space,Open Space,Open Space,1,2,10,18,539520,50580,2023,Baridhara Diplomatic Zone,Fire alarm,YES,	Office Space,Un -Furnished,Commercial,50,NA,NA,SOUTH,YES,Open Space,Open Space
Conco Richmo,7500,Open Space,Open Space,Open Space,3,2,8,9,825000,75000,2010,Baridhara Diplomatic Zone,Fire alarm,YES,	Office Space,Un -Furnished,Commercial,50,NA,NA,EAST,YES,Open Space,Open Space
NAbil House,2780,Open Space,Open Space,Open Space,1,2,10,11,639400,27800,2023,Baridhara Diplomatic Zone,Fire alarm,YES,	Office Space,Furnished,Commercial,30,NA,NA,NORTH,YES,Open Space,Open Space
CDL Molla Capital Centre,4400,Open Space,Open Space,Open Space,2,2,6,8,528000,79200,2012,Baridhara Diplomatic Zone,Fire alarm,YES,	Office Space,Un -Furnished,Commercial,50,NA,NA,EAST,YES,Open Space,Open Space
Autograph ToWESTr 10A,11500,Open Space,Open Space,Open Space,4,5,11,20,2300000,172500,2019,Baridhara Diplomatic Zone,Fire alarm,YES,	Office Space,Un -Furnished,Commercial,50,NA,NA,NORTH,NA,Open Space,Open Space
Nur Empori,6000,Open Space,Open Space,Open Space,3,2,8,13,720000,60000,2017,Baridhara Diplomatic Zone,Fire alarm,YES,	Office Space,Un -Furnished,Commercial,50,NA,NA,SOUTH,YES,Open Space,Open Space
Sheltech Ayaan,2905,Open Space,Open Space,Open Space,1,2,10,13,348600,43575,2022,Baridhara Diplomatic Zone,Fire alarm,YES,	Office Space,Un -Furnished,Commercial,50,NA,NA,NORTH,YES,Open Space,Open Space
Uday ToWESTr,12000,Open Space,Open Space,Open Space,5,4,15,21,1560000,120000,2010,Baridhara Diplomatic Zone,Fire alarm,YES,	Office Space,Un -Furnished,Commercial,50,NA,NA,EAST,YES,Open Space,Open Space
impetus Centre,4000,Open Space,Open Space,Open Space,2,3,8,13,440000,80000,2017,Baridhara Diplomatic Zone,Fire alarm,YES,	Office Space, Furnished,Commercial,50,NA,NA,NORTH,YES,Open Space,Open Space
jolchobi toWESTr,2914,Open Space,Open Space,Open Space,1,2,10,15,874200,29140,2016,Baridhara Diplomatic Zone,Fire alarm,YES,	Office Space, Furnished,Commercial,50,NA,NA,SOUTH,YES,Open Space,Open Space
conco niharika toWESTr,3950,Open Space,Open Space,Open Space,2,2,15,15,671500,59250,2022,Baridhara Diplomatic Zone,Fire alarm,YES,	Office Space,Un -Furnished,Commercial,50,NA,NA,NORTH,YES,Open Space,Open Space
genetic baro bhuiyan,6400,Open Space,Open Space,Open Space,2,3,12,15,1280000,64000,2010,Baridhara Diplomatic Zone,Fire alarm,YES,	Office Space,Un -Furnished,Commercial,50,NA,NA,NORTH,NA,Open Space,Open Space
Taj   merriot,5800,Open Space,Open Space,Open Space,2,1,5,7,696000,58000,2009,Baridhara Diplomatic Zone,Fire alarm,YES,	Office Space,Un -Furnished,Commercial,50,NA,NA,EAST,YES,Open Space,Open Space
SOUTH Breeze Centre 5 floor,3512,Open Space,Open Space,Open Space,1,3,6,13,456560,47000,2018,Baridhara Diplomatic Zone,Fire alarm,YES,	Office Space,Un -Furnished,Commercial,50,NA,NA,SOUTH,YES,Open Space,Open Space
InNORTH M a S House,4300,Open Space,Open Space,Open Space,2,2,10,14,645000,107500,2024,Baridhara Diplomatic Zone,Fire alarm,YES,	Office Space,Un -Furnished,Commercial,50,NA,NA,SOUTH,NA,Open Space,Open Space
Alison ToWESTr,2500,Open Space,Open Space,Open Space,1,2,11,15,350000,30000,2024,Baridhara Diplomatic Zone,Fire alarm,YES,	Office Space,Un -Furnished,Commercial,50,NA,NA,SOUTH,YES,Open Space,Open Space
EASTern oversEASTs,1000,Open Space,Open Space,Open Space,NA,2,9,11,140000,10000,2005,Baridhara Diplomatic Zone,Fire alarm,YES,	Office Space, Furnished,Commercial,24,NA,NA,SOUTH,YES,Open Space,Open Space
Conco MB ToWESTr,3625,Open Space,Open Space,Open Space,1,2,14,17,616250,54375,2024,Baridhara Diplomatic Zone,Fire alarm,YES,	Office Space,Un -Furnished,Commercial,50,NA,NA,SOUTH,YES,Open Space,Open Space
Prasad trEASTd centre,3700,Open Space,Open Space,Open Space,1,3,12,16,444000,37000,2008,Baridhara Diplomatic Zone,Fire alarm,YES,	Office Space,Un -Furnished,Commercial,50,NA,NA,NORTH,YES,Open Space,Open Space
Symphony toWESTr 5a,3961,Open Space,Open Space,Open Space,2,3,4,8,396100,39610,2007,Baridhara Diplomatic Zone,Fire alarm,YES,	Office Space,Un -Furnished,Commercial,50,NA,YES,SOUTH,YES,Open Space,Open Space
ANZ Haque Eleven Square 9A,3900,Open Space,Open Space,Open Space,2,2,10,13,546000,39000,2016,Baridhara Diplomatic Zone,Fire alarm,YES,	Office Space,Un -Furnished,Commercial,50,NA,NA,NORTH,YES,Open Space,Open Space
SMC ToWESTr,6129,Open Space,Open Space,Open Space,2,3,4,9,796770,0,2012,Baridhara Diplomatic Zone,Fire alarm,YES,	Office Space,Un -Furnished,Commercial,24,NA,NA,NORTH,YES,Open Space,Open Space
erectors house,4500,Open Space,Open Space,Open Space,NA,2,17,23,450000,22500,2005,Baridhara Diplomatic Zone,Fire alarm,YES,	Office Space,Un -Furnished,Commercial,50,NA,NA,NORTH,YES,Open Space,Open Space
Conco IK ToWESTr,5200,Open Space,Open Space,Open Space,2,3,10,13,1560000,52000,2018,Baridhara Diplomatic Zone,Fire alarm,YES,	Office Space,Un -Furnished,Commercial,50,NA,NA,SOUTH,NA,Open Space,Open Space
Simpletree Attalika,8300,Open Space,Open Space,Open Space,3,4,12,21,1660000,166000,2023,Baridhara Diplomatic Zone,Fire alarm,YES,	Office Space,Un -Furnished,Commercial,50,NA,NA,NORTH,NA,Open Space,Open Space
jabbar toWESTr,5700,Open Space,Open Space,Open Space,2,2,19,23,684000,45600,2006,Baridhara Diplomatic Zone,Fire alarm,YES,	Office Space, Furnished,Commercial,50,NA,NA,EAST,YES,Open Space,Open Space
bay galleria 5A,5000,Open Space,Open Space,Open Space,2,2,4,9,1000000,90000,2008,Baridhara Diplomatic Zone,Fire alarm,YES,	Office Space,Un -Furnished,Commercial,50,NA,NA,EAST,YES,Open Space,Open Space
lanka bangla fiNAnce square 9A,9368,Open Space,Open Space,Open Space,5,5,5,12,1498880,193360,2023,Baridhara Diplomatic Zone,Fire alarm,YES,	Office Space,Un -Furnished,Commercial,40,NA,NA,SOUTH,NA,Open Space,Open Space
Sheltech NORTHern ar 1A,2600,Open Space,Open Space,Open Space,1,2,9,11,910000,39000,2023,Baridhara Diplomatic Zone,Fire alarm,YES,	Office Space,Un -Furnished,Commercial,50,NA,NA,SOUTH,YES,Open Space,Open Space
BTI Lamark 5A,3413,Open Space,Open Space,Open Space,2,5,11,13,648470,68280,2019,Baridhara Diplomatic Zone,Fire alarm,YES,	Office Space,Un -Furnished,Commercial,50,NA,NA,WEST,YES,Open Space,Open Space
Conco Modhumoti ToWESTr,3350,Open Space,Open Space,Open Space,1,2,11,13,485750,33500,2012,Baridhara Diplomatic Zone,Fire alarm,YES,	Office Space,Un -Furnished,Commercial,50,NA,NA,NORTH,YES,Open Space,Open Space
NAfi toWESTr,6000,Open Space,Open Space,Open Space,2,3,11,20,840000,60000,2008,Baridhara Diplomatic Zone,Fire alarm,YES,	Office Space,Un -Furnished,Commercial,50,NA,NA,EAST,YES,Open Space,Open Space
Amin mohammad green meher toWESTr,5200,Open Space,Open Space,Open Space,2,2,12,13,8580000,78000,2023,Baridhara Diplomatic Zone,Fire alarm,YES,	Office Space,Un -Furnished,Commercial,50,NA,NA,WEST,YES,Open Space,Open Space
suvau muskan ToWESTr 13A,4000,Open Space,Open Space,Open Space,1,3,12,22,560000,60000,2023,Baridhara Diplomatic Zone,Fire alarm,YES,	Office Space,Un -Furnished,Commercial,50,NA,NA,EAST,YES,Open Space,Open Space
priine pavilion 13A,6995,Open Space,Open Space,Open Space,3,4,12,16,1189150,125910,2019,Baridhara Diplomatic Zone,Fire alarm,YES,	Office Space,Un -Furnished,Commercial,50,NA,NA,WEST,YES,Open Space,Open Space
ventura angibeeNA,2100,Open Space,Open Space,Open Space,1,2,9,10,283500,28000,2022,Baridhara Diplomatic Zone,Fire alarm,YES,	Office Space,Un -Furnished,Commercial,40,NA,NA,WEST,YES,Open Space,Open Space
rashid toWESTr,6120,Open Space,Open Space,Open Space,1,2,9,17,734400,61200,2001,Baridhara Diplomatic Zone,Fire alarm,YES,	Office Space,Un -Furnished,Commercial,50,NA,NA,NORTH,YES,Open Space,Open Space
johora assure square,3955,Open Space,Open Space,Open Space,1,1,9,13,791000,39550,2012,Baridhara Diplomatic Zone,Fire alarm,YES,	Office Space,Un -Furnished,Commercial,50,NA,NA,NORTH,YES,Open Space,Open Space
venture avenue 4A,4000,Open Space,Open Space,Open Space,2,2,4,8,600000,72000,2010,Baridhara Diplomatic Zone,Fire alarm,YES,	Office Space,Un -Furnished,Commercial,60,NA,NA,EAST,YES,Open Space,Open Space
nilufar heights,4630,Open Space,Open Space,Open Space,3,4,4,16,763950,115750,2017,Baridhara Diplomatic Zone,Fire alarm,YES,	Office Space,Un -Furnished,Commercial,60,NA,NA,SOUTH,NA,Open Space,Open Space
fiNAnce square 18A,3950,Open Space,Open Space,Open Space,2,2,4,20,987500,98750,2017,Baridhara Diplomatic Zone,Fire alarm,YES,	Office Space,Un -Furnished,Commercial,30,NA,NA,SOUTH,NA,Open Space,Open Space
assurance NAzir toWESTr,5900,Open Space,Open Space,Open Space,2,2,4,9,944000,118000,2012,Baridhara Diplomatic Zone,Fire alarm,YES,	Office Space, Furnished,Commercial,50,NA,NA,SOUTH,YES,Open Space,Open Space
RM CENTRE,6700,Open Space,Open Space,Open Space,2,2,6,7,871000,67000,2000,Baridhara Diplomatic Zone,Fire alarm,YES,	Office Space,Un -Furnished,Commercial,50,NA,NA,WEST,YES,Open Space,Open Space
MMK Aakash Avenue 13A,3372,Open Space,Open Space,Open Space,1,2,6,18,573240,50580,2022,Baridhara Diplomatic Zone,Fire alarm,YES,	Office Space,Un -Furnished,Commercial,50,NA,NA,NORTH,YES,Open Space,Open Space
ventura avenue,4000,Open Space,Open Space,Open Space,2,2,6,6,660000,72000,2010,Baridhara Diplomatic Zone,Fire alarm,YES,	Office Space,Un -Furnished,Commercial,50,NA,NA,EAST,YES,Open Space,Open Space
suvau imam square,7000,Open Space,Open Space,Open Space,2,1,6,9,910000,70000,2018,Baridhara Diplomatic Zone,Fire alarm,YES,	Office Space,Furnished,Commercial,50,NA,NA,NORTH,YES,Open Space,Open Space
taher mension,4000,Open Space,Open Space,Open Space,NA,1,6,8,440000,40000,2000,Baridhara Diplomatic Zone,Fire alarm,YES,	Office Space,Un -Furnished,Commercial,50,NA,NA,NORTH,YES,Open Space,Open Space
laila toWESTr 7A,3000,Open Space,Open Space,Open Space,1,3,6,14,600000,60000,2012,Baridhara Diplomatic Zone,Fire alarm,YES,	Office Space,Un -Furnished,Commercial,50,NA,NA,NORTH,YES,Open Space,Open Space
khaokar toWESTr 10A,14000,Open Space,Open Space,Open Space,2,3,6,15,2240000,210000,2018,Baridhara Diplomatic Zone,Fire alarm,YES,	Office Space,Un -Furnished,Commercial,50,NA,NA,EAST,NA,Open Space,Open Space
MCC CDL 4a,8200,Open Space,Open Space,Open Space,4,3,8,8,1312000,147600,2010,Baridhara Diplomatic Zone,Fire alarm,YES,	Office Space,Un -Furnished,Commercial,50,NA,NA,WEST,YES,Open Space,Open Space
FiNAnce Square,3950,Open Space,Open Space,Open Space,2,2,8,20,987500,98750,2017,Baridhara Diplomatic Zone,Fire alarm,YES,	Office Space,Un -Furnished,Commercial,30,NA,NA,SOUTH,YES,Open Space,Open Space
Point Eleven A11,2365,Open Space,Open Space,Open Space,1,2,8,15,210000,10000,2010,Baridhara Diplomatic Zone,Fire alarm,YES,	Office Space,Un -Furnished,Commercial,50,NA,NA,NORTH,YES,Open Space,Open Space
suvau jahaNORTHa square 6a,2188,Open Space,Open Space,Open Space,1,1,8,11,284440,21880,2015,Baridhara Diplomatic Zone,Fire alarm,YES,	Office Space,Un -Furnished,Commercial,50,NA,NA,NORTH,YES,Open Space,Open Space
ahsan toWESTr,3460,Open Space,Open Space,Open Space,NA,1,3,7,220000,34600,2001,Baridhara Diplomatic Zone,Fire alarm,YES,	Office Space,Un -Furnished,Commercial,30,NA,NA,NORTH,NA,Open Space,Open Space
makbul cuve invenger,2400,Open Space,Open Space,Open Space,1,2,3,15,210000,20000,2017,Baridhara Diplomatic Zone,Fire alarm,YES,	Office Space,Un -Furnished,Commercial,30,NA,NA,NORTH,YES,Open Space,Open Space
prasad trEASTd centre 9a,3700,Open Space,Open Space,Open Space,1,4,3,15,518000,25000,2008,Baridhara Diplomatic Zone,Fire alarm,YES,	Office Space, Furnished,Commercial,50,NA,NA,NORTH,YES,Open Space,Open Space
Baro Bhuiyan 11A,3200,Open Space,Open Space,Open Space,1,2,3,15,448000,32000,2010,Baridhara Diplomatic Zone,Fire alarm,YES,	Office Space,Un -Furnished,Commercial,50,NA,NA,NORTH,YES,Open Space,Open Space
simpletree litehouse,5600,Open Space,Open Space,Open Space,2,3,3,14,1064000,140000,2016,Baridhara Diplomatic Zone,Fire alarm,YES,	Office Space,Un -Furnished,Commercial,50,NA,NA,SOUTH,NA,Open Space,Open Space
Sher ToWESTr,3500,Open Space,Open Space,Open Space,1,2,3,15,280000,35000,2005,Baridhara Diplomatic Zone,Fire alarm,YES,	Office Space,Un -Furnished,Commercial,30,NA,NA,NORTH,YES,Open Space,Open Space
Rangs Paramount,3865,Open Space,Open Space,Open Space,1,2,3,15,483125,42515,2002,Baridhara Diplomatic Zone,Fire alarm,YES,	Office Space,Un -Furnished,Commercial,30,NA,NA,NORTH,YES,Open Space,Open Space
nur empori 7A,6000,Open Space,Open Space,Open Space,3,2,3,11,720000,0,2017,Baridhara Diplomatic Zone,Fire alarm,YES,	Office Space,Un -Furnished,Commercial,50,NA,NA,SOUTH,NA,Open Space,Open Space
bay bellavia,950,Open Space,Open Space,Open Space,1,2,3,10,152000,9500,2015,Baridhara Diplomatic Zone,Fire alarm,YES,	Office Space,Un -Furnished,Commercial,50,NA,NA,SOUTH,YES,Open Space,Open Space
circle aztec obaid gra palace,4000,Open Space,Open Space,Open Space,26,2,12,13,6400000,60000,2023,Baridhara Diplomatic Zone,Fire alarm,YES,	Office Space,Un -Furnished,Commercial,50,NA,NA,SOUTH,YES,Open Space,Open Space
sheltech NORTHern ar 6A,2595,Open Space,Open Space,Open Space,1,2,4,11,389250,38925,2022,Baridhara Diplomatic Zone,Fire alarm,YES,	Office Space,Un -Furnished,Commercial,50,NA,NA,SOUTH,NA,Open Space,Open Space
abidin toWESTr,3800,Open Space,Open Space,Open Space,1,2,3,16,494000,38000,2015,Baridhara Diplomatic Zone,Fire alarm,YES,	Office Space,Un -Furnished,Commercial,50,NA,NA,NORTH,NA,Open Space,Open Space
hosNA centre,2084,Open Space,Open Space,Open Space,2,2,2,7,281340,14588,2017,Baridhara Diplomatic Zone,Fire alarm,YES,	Office Space,Un -Furnished,Commercial,50,NA,NA,NORTH,NA,Open Space,Open Space
jahed toWESTr,9500,Open Space,Open Space,Open Space,NA,3,1,16,950000,95000,2010,Baridhara Diplomatic Zone,Fire alarm,YES,	Office Space,Un -Furnished,Commercial,50,NA,NA,WEST,NA,Open Space,Open Space
gulsancentre point,14000,Open Space,Open Space,Open Space,11,6,11,12,2590000,350000,2021,Baridhara Diplomatic Zone,Fire alarm,YES,	Office Space,Un -Furnished,Commercial,24,NA,NA,NORTH,YES,Open Space,Open Space
ar centre,2300,Open Space,Open Space,Open Space,1,1,4,6,230000,20000,2000,Baridhara Diplomatic Zone,Fire alarm,YES,	Office Space,Un -Furnished,Commercial,50,NA,NA,WEST,NA,Open Space,Open Space
aziz 0p 1A,1600,Open Space,Open Space,Open Space,NA,1,4,6,192000,16000,2021,Baridhara Diplomatic Zone,Fire alarm,YES,	Office Space,Furnished,Commercial,50,NA,NA,SOUTH,YES,Open Space,Open Space
belvia,9000,Open Space,Open Space,Open Space,4,2,4,7,1440000,90000,2010,Baridhara Diplomatic Zone,Fire alarm,YES,	Office Space,Un -Furnished,Commercial,50,NA,NA,EAST,YES,Open Space,Open Space
rsr toWESTr 13a,2950,Open Space,Open Space,Open Space,1,2,4,14,354000,29500,2010,Baridhara Diplomatic Zone,Fire alarm,YES,	Office Space,Un -Furnished,Commercial,50,NA,NA,NORTH,YES,Open Space,Open Space
ventura iconia,2200,Open Space,Open Space,Open Space,1,2,4,11,264000,40000,2006,Baridhara Diplomatic Zone,Fire alarm,YES,	Office Space,Un -Furnished,Commercial,50,NA,NA,NORTH,YES,Open Space,Open Space
cryal palace 12a,5600,Open Space,Open Space,Open Space,2,3,4,14,840000,84000,2019,Baridhara Diplomatic Zone,Fire alarm,YES,	Office Space,Un -Furnished,Commercial,50,NA,NA,SOUTH,YES,Open Space,Open Space
amanullah trade centre,3700,Open Space,Open Space,Open Space,2,2,4,16,555000,37000,2022,Baridhara Diplomatic Zone,Fire alarm,YES,	Office Space,Un -Furnished,Commercial,50,NA,NA,WEST,YES,Open Space,Open Space
mmk aakash Avenue ,3373,Open Space,Open Space,Open Space,1,2,4,18,539680,50595,2022,Baridhara Diplomatic Zone,Fire alarm,YES,	Office Space,Un -Furnished,Commercial,50,NA,NA,NORTH,YES,Open Space,Open Space
lotus kamal toWESTr,6067,Open Space,Open Space,Open Space,2,3,4,14,849380,0,2018,Baridhara Diplomatic Zone,Fire alarm,YES,	Office Space,Un -Furnished,Commercial,50,NA,NA,NORTH,NA,Open Space,Open Space
rahman galleria 9A,2965,Open Space,Open Space,Open Space,1,2,4,11,415100,29650,2022,Baridhara Diplomatic Zone,Fire alarm,YES,	Office Space,Un -Furnished,Commercial,50,NA,NA,NORTH,YES,Open Space,Open Space
Simpletree aNORTHkoli,4088,Open Space,Open Space,Open Space,2,3,12,14,2125760,81760,2017,Baridhara Diplomatic Zone,Fire alarm,YES,	Office Space,Un -Furnished,Commercial,50,NA,NA,NORTH,YES,Open Space,Open Space
EHL Lokman Hossain ToWESTr 10A,5059,Open Space,Open Space,Open Space,3,3,9,19,910620,86003,2018,Baridhara Diplomatic Zone,Fire alarm,YES,	Office Space,Un -Furnished,Commercial,50,NA,NA,NORTH,YES,Open Space,Open Space
Ahmed ToWESTr,1710,Open Space,Open Space,Open Space,1,3,19,24,153900,0,2010,Baridhara Diplomatic Zone,Fire alarm,YES,	Office Space,Un -Furnished,Commercial,50,NA,NA,NORTH,YES,Open Space,Open Space
skylark,2000,Open Space,Open Space,Open Space,1,2,6,11,220000,20000,2010,Baridhara Diplomatic Zone,Fire alarm,YES,	Office Space,Un -Furnished,Commercial,50,NA,NA,NORTH,YES,Open Space,Open Space
sheltech ayaan 3A,1452,Open Space,Open Space,Open Space,1,2,6,15,261360,21780,2021,Baridhara Diplomatic Zone,Fire alarm,YES,	Office Space,Un -Furnished,Commercial,50,NA,NA,SOUTH,YES,Open Space,Open Space
ANZ Haque Eleven Square ,2000,Open Space,Open Space,Open Space,1,2,6,15,260000,30000,2010,Baridhara Diplomatic Zone,Fire alarm,YES,	Office Space,Un -Furnished,Commercial,50,NA,NA,SOUTH,YES,Open Space,Open Space
artisan ,3285,Open Space,Open Space,Open Space,1,2,6,13,295650,49275,2017,Baridhara Diplomatic Zone,Fire alarm,YES,	Office Space,Un -Furnished,Commercial,50,NA,NA,NORTH,YES,Open Space,Open Space
Delta Dahlia ToWESTr,5500,Open Space,Open Space,Open Space,NA,2,6,16,1375000,15000,2000,Baridhara Diplomatic Zone,Fire alarm,YES,	Office Space,Un -Furnished,Commercial,50,NA,NA,NORTH,YES,Open Space,Open Space
Green Graer,4300,Open Space,Open Space,Open Space,2,2,6,14,516000,51600,2015,Baridhara Diplomatic Zone,Fire alarm,YES,	Office Space,Un -Furnished,Commercial,50,NA,NA,NORTH,YES,Open Space,Open Space
ToWESTr Hamlet,2200,Open Space,Open Space,Open Space,1,2,6,13,198000,15400,2008,Baridhara Diplomatic Zone,Fire alarm,YES,	Office Space,Un -Furnished,Commercial,50,NA,NA,NORTH,YES,Open Space,Open Space
Shanta Sofura ToWESTr,2215,Open Space,Open Space, NA,1,2,6,17,287950,22150,2019,Baridhara Diplomatic Zone,Fire alarm,YES,	Office Space, Furnished,Commercial,50,NA,NA,NORTH,YES,Open Space,Open Space
Edison Prime 8A,3455,Open Space,Open Space,Open Space,1,3,6,10,449150,31095,2023,Baridhara Diplomatic Zone,Fire alarm,YES,	Office Space,Un -Furnished,Commercial,50,NA,NA,NORTH,YES,Open Space,Open Space
Hamid ToWESTr,3600,Open Space,Open Space,Open Space,NA,2,6,15,550000,43200,2006,Baridhara Diplomatic Zone,Fire alarm,YES,	Office Space,Un -Furnished,Commercial,50,NA,NA,EAST,YES,Open Space,Open Space
suvaa muskan toWESTr,1174,Open Space,Open Space,Open Space,1,3,20,24,704400,17610,2022,Baridhara Diplomatic Zone,Fire alarm,YES,	Office Space,Un -Furnished,Commercial,50,NA,NA,EAST,YES,Open Space,Open Space
SOUTH Breeze Centre ,2716,Open Space,Open Space,Open Space,1,2,8,9,624680,25000,2000,Baridhara Diplomatic Zone,Fire alarm,YES,	Office Space,Un -Furnished,Commercial,50,NA,NA,NORTH,YES,Open Space,Open Space
Sheltech NORTHern ar 9A,2595,Open Space,Open Space,Open Space,1,2,8,10,441150,38925,2022,Baridhara Diplomatic Zone,Fire alarm,YES,	Office Space,Un -Furnished,Commercial,50,NA,NA,SOUTH,YES,Open Space,Open Space
Shanta Forum,11000,Open Space,Open Space,Open Space,4,4,8,23,1760000,187000,2022,Baridhara Diplomatic Zone,Fire alarm,YES,	Office Space,Un -Furnished,Commercial,60,NA,NA,SOUTH,YES,Open Space,Open Space
Edison Prime(0 Floor),2145,Open Space,Open Space,Open Space,1,3,8,10,536250,19305,2023,Baridhara Diplomatic Zone,Fire alarm,YES,	Office Space,Un -Furnished,Commercial,50,NA,NA,NORTH,YES,Open Space,Open Space
Rangs FC Square,5671,Open Space,Open Space,Open Space,3,3,8,16,1077490,102078,2017,Baridhara Diplomatic Zone,Fire alarm,YES,	Office Space,Un -Furnished,Commercial,50,NA,NA,EAST,YES,Open Space,Open Space
amanullah trade centre,3700,Open Space,Open Space,Open Space,2,2,8,16,555000,37000,2022,Baridhara Diplomatic Zone,Fire alarm,YES,	Office Space,Un -Furnished,Commercial,50,NA,NA,WEST,YES,Open Space,Open Space
Cryal palace ,5600,Open Space,Open Space,Open Space,2,3,8,15,840000,84000,2020,Baridhara Diplomatic Zone,Fire alarm,YES,	Office Space,Un -Furnished,Commercial,50,NA,NA,WEST,YES,Open Space,Open Space
giasuddin toWESTr,6000,Open Space,Open Space,Open Space,1,2,8,10,600000,60000,2022,Baridhara Diplomatic Zone,Fire alarm,YES,	Office Space,Un -Furnished,Commercial,50,NA,NA,SOUTH,YES,Open Space,Open Space
laila toWESTr ,3000,Open Space,Open Space,Open Space,1,3,8,14,600000,60000,2013,Baridhara Diplomatic Zone,Fire alarm,YES,	Office Space,Un -Furnished,Commercial,50,NA,NA,WEST,YES,Open Space,Open Space
Aziz 0p ,7500,Open Space,Open Space,Open Space,2,1,4,6,1125000,75000,2021,Baridhara Diplomatic Zone,Fire alarm,YES,	Office Space,Un -Furnished,Commercial,50,NA,NA,SOUTH,YES,Open Space,Open Space
Haque ToWESTr,3500,Open Space,Open Space,Open Space,1,1,4,11,245000,17500,2003,Baridhara Diplomatic Zone,Fire alarm,YES,	Office Space,Un -Furnished,Commercial,50,NA,NA,NORTH,YES,Open Space,Open Space
NAsrin ToWESTr,20000,Open Space,Open Space,Open Space,9,4,4,12,2000000,200000,2003,Baridhara Diplomatic Zone,Fire alarm,YES,	Office Space,Un -Furnished,Commercial,50,NA,NA,EAST,YES,Open Space,Open Space
NAvaNA osman link,4100,Open Space,Open Space,Open Space,2,2,4,10,410000,32800,2012,Baridhara Diplomatic Zone,Fire alarm,YES,	Office Space,Un -Furnished,Commercial,50,NA,NA,SOUTH,YES,Open Space,Open Space
Rahmans Regnum,8500,Open Space,Open Space,Open Space,6,3,4,35,1062500,85000,2022,Baridhara Diplomatic Zone,Fire alarm,YES,	Office Space,Un -Furnished,Commercial,50,NA,NA,EAST,YES,Open Space,Open Space
Rangs Babilonia,5000,Open Space,Open Space,Open Space,2,4,4,12,800000,75000,2010,Baridhara Diplomatic Zone,Fire alarm,YES,	Office Space,Un -Furnished,Commercial,50,NA,NA,SOUTH,YES,Open Space,Open Space
SeNA Kalyan,7000,Open Space,Open Space,Open Space,2,2,4,11,700000,70000,2016,Baridhara Diplomatic Zone,Fire alarm,YES,	Office Space,Un -Furnished,Commercial,60,NA,NA,SOUTH,YES,Open Space,Open Space
Prasad Trade Center,7400,Open Space,3,Open Space,2,4,4,16,1110000,60000,2012,Baridhara Diplomatic Zone,Fire alarm,YES,	Office Space,Furnished,Commercial,50,NA,NA,SOUTH,YES,Open Space,Open Space
EHL Lokman Hossain ToWESTr,5059,Open Space,Open Space,Open Space,3,3,8,13,910620,101180,2013,Baridhara Diplomatic Zone,Fire alarm,NA,	Office Space,Un -Furnished,Commercial,50,NA,NA,SOUTH,YES,Open Space,Open Space
ANZ Haque Eleven Square,2000,Open Space,Open Space,Open Space,1,2,12,14,260000,30000,2010,Baridhara Diplomatic Zone,Fire alarm,NA,	Office Space,Un -Furnished,Commercial,50,NA,NA,SOUTH,YES,Open Space,Open Space
Point 11,2367,Open Space,Open Space,Open Space,1,2,12,15,260000,23670,2010,Baridhara Diplomatic Zone,Fire alarm,NA,	Office Space,Un -Furnished,Commercial,50,NA,NA,NORTH,YES,Open Space,Open Space
Sheltech Ayan,2905,Open Space,Open Space,Open Space,1,2,12,15,522900,43575,2022,Baridhara Diplomatic Zone,Fire alarm,NA,	Office Space,Un -Furnished,Commercial,50,NA,NA,NORTH,YES,Open Space,Open Space
Nur Empori,6000,Open Space,Open Space,Open Space,3,2,12,13,720000,60000,2017,Baridhara Diplomatic Zone,Fire alarm, NA,	Office Space,Un -Furnished,Commercial,50,NA,NA,SOUTH,YES,Open Space,Open Space
Sheltech NORTHern ar,2595,Open Space,Open Space,Open Space,1,2,10,11,467100,38925,2022,Baridhara Diplomatic Zone,Fire alarm, NA,	Office Space,Un -Furnished,Commercial,50,NA,NA,NORTH,YES,Open Space,Open Space
Suvau JahaNORTHa square ,2188,Open Space,Open Space,Open Space,1,1,10,11,306320,21880,2017,Baridhara Diplomatic Zone,Fire alarm,NA,	Office Space,Un -Furnished,Commercial,50,NA,NA,NORTH,YES,Open Space,Open Space
Baro Bhuiyan ,3200,Open Space,Open Space,Open Space,1,2,10,15,480000,32000,2012,Baridhara Diplomatic Zone,Fire alarm, NA,	Office Space,Un -Furnished,Commercial,50,NA,NA,NORTH,YES,Open Space,Open Space
Autograph,9000,Open Space,Open Space,Open Space,2,5,10,20,1620000,135000,2017,Baridhara Diplomatic Zone,Fire alarm,NA,	Office Space,Un -Furnished,Commercial,50,NA,NA,SOUTH,NA,Open Space,Open Space
Shezad Palace,5500,Open Space,Open Space,Open Space,2,2,10,11,660000,55000,2015,Baridhara Diplomatic Zone,Fire alarm, NA,	Office Space,Un -Furnished,Commercial,50,NA,NA,WEST,YES,Open Space,Open Space
Priine pavilion A5,2500,Open Space,Open Space,Open Space,2,4,10,16,412500,45000,2020,Baridhara Diplomatic Zone,Fire alarm, NA,	Office Space,Un -Furnished,Commercial,50,NA,NA,WEST,YES,Open Space,Open Space
Khaokar toWESTr ,14000,Open Space,Open Space,Open Space,5,3,9,15,2380000,252000,2018,Baridhara Diplomatic Zone,Fire alarm,NA,	Office Space,Un -Furnished,Commercial,50,NA,NA,EAST,NA,Open Space,Open Space
Rahmans Dom -InNA Vanille,2540,4,4,3,1,2,9,13,160000,14000,2010,Baridhara Diplomatic Zone,Fire alarm,NA,Furnished apartment,Furnished,Residential,16,GOVT,YES,NORTH,YES,YES,YES
Charulata 3B,2100,3,3,2,1,1,2,6,200000,12000,2006,Baridhara Diplomatic Zone,Fire alarm,NA,Furnished apartment,Furnished,Residential,24,GOVT,YES,NORTH,YES,YES,YES
Faizur House,2500,3,4,2,1,1,2,6,180000,15000,2006,Baridhara Diplomatic Zone,Fire alarm,NA,Furnished apartment,Furnished,Residential,24,GOVT,YES,SOUTH,YES,YES,YES
Alamin Tonmoy(Bra New),3500,4,4,4,3,2,2,10,320000,25000,2024,Baridhara Diplomatic Zone,Fire alarm,NA,Furnished apartment,Furnished,Residential,24,LPG,YES,NORTH,YES,YES,YES
ShimaNA,2300,3,3,2,1,1,3,6,140000,1000,2015,Baridhara Diplomatic Zone,Fire alarm,NA,Furnished apartment,Furnished,Residential,24,LPG,YES,NORTH,YES,YES,YES
Rangs Hai Legacy 10A,2200,3,3,2,1,2,3,14,150000,8000,2016,Baridhara Diplomatic Zone,Fire alarm,NA,Furnished apartment,Furnished,Residential,24,LPG,YES,NORTH,YES,YES,YES
Summer,3500,4,4,3,2,2,3,11,260000,18000,2020,Baridhara Diplomatic Zone,Fire alarm,NA,Furnished apartment,Furnished,Residential,16,LPG,YES,SOUTH,YES,YES,YES
Charulata,2699,3,3,3,1,1,3,6,190000,12000,2018,Baridhara Diplomatic Zone,Fire alarm,NA,Furnished apartment,Furnished,Residential,24,LPG,YES,NORTH,YES,YES,YES
EHL Moriyum Residence,4000,4,3,3,2,2,4,11,500000,45000,2015,Baridhara Diplomatic Zone,Fire alarm,NA,Furnished apartment,Furnished,Residential,24,LPG,YES,SOUTH,YES,YES,YES
Apan Shurjo Sharoi,4000,4,4,4,2,2,4,10,550000,30000,2023,Baridhara Diplomatic Zone,Fire alarm,NA,Furnished apartment,Furnished,Residential,24,LPG,YES,NORTH,YES,YES,YES
Assurance Marzuk House 6B,2200,3,3,3,1,2,4,11,180000,8000,2021,Baridhara Diplomatic Zone,Fire alarm,NA,Furnished apartment,Furnished,Residential,16,LPG,YES,NORTH,YES,YES,YES
Impetus Centre,3012,Open Space,Open Space,Open Space,3,3,8,10,"4,51,800",60240,2018,"Link Road, Tejgaon","Fire alarm, CCTV",YES,Office Space,full Furnished,Commercial,60,NA,NA,NORTH,YES,Open Space,Open Space
Shanta WESTern ToWESTr,5900,Open Space,Open Space,Open Space,3,6,10,23,"9,44,000",88500,20118,"Link Road, Tejgaon","Fire alarm, CCTV",YES,office space,Furnished,Commercial,60,L.P.G,NA,NORTH,YES,Open Space,Open Space
Shanta PinNAcle,14560,Open Space,Open Space,Open Space,8,7,"12, 30, 31",41,"2,620,800",0,2025,"Link Road, Tejgaon","Fire alarm, CCTV",YES,office space,Un-Furnished,Commercial,60,NA,NA,NORTH-SOUTH,NA,Open Space,Open Space
Shanta Forum,11000,Open Space,Open Space,Open Space,4,4,12,24,1760000,187000,2022,"Tejgaon Link Road, Tejgaon","Fire alarm, CCTV",YES,office space,"Un-Furnished, Open floor",Commercial,60,NA,NA,SOUTH,NA,Open Space,Open Space
Rangs Centre,7973,Open Space,Open Space,Open Space,2,3,4,9,"7,97,300",63784,2023,"Tejgaon Iurial ArEAST, Tejgaon","Fire alarm, CCTV",YES,office space,Un-Furnished,Commercial,50,NA,NA,SOUTH,YES,Open Space,Open Space
InNORTH Intercontinental,12000,Open Space,Open Space,Open Space,5,6,20,32,1800000,0,2024,Tejgaon Iurial ArEAST,"Fire alarm, CCTV",YES,office space,"Un-Furnished, Open floor",Commercial,50,NA,NA,WEST,YES,Open Space,Open Space
NiNA Kabbo,15200,Open Space,Open Space,Open Space,7,3,4,16,1976000,456000,2020,Tejgaon Iurial ArEAST,"Fire alarm, CCTV",YES,office space,"Un-Furnished, Open floor",Commercial,50,NA,NA,SOUTH,NA,Open Space,Open Space
Imprtus Centre,4000,Open Space,Open Space,Open Space,2,3,8,13,440000,80000,2017,"Bir Uttam Mir Shakhawat Sarak, Tejgaon","Fire alarm, CCTV",YES,office space,Furnished,Commercial,50,NA,NA,NORTH,YES,Open Space,Open Space
Lanka Bangla FiNAnce Square 9A,9368,Open Space,Open Space,Open Space,5,5,9,12,1498880,187360,2023,"Bir Uttam Mir Shakhawat Sarak, Tejgaon","Fire alarm, CCTV",YES,office space,Un-Furnished,Commercial,40,NA,NA,SOUTH,NA,Open Space,Open Space
Lanka Bangla FiNAnce Square 10A,8861,Open Space,Open Space,Open Space,5,5,11,12,1417760,177220,2023,"Bir Uttam Mir Shakhawat Sarak, Tejgaon","Fire alarm, CCTV",YES,office space,"Un-Furnished,office space",Commercial,40,NA,NA,SOUTH,NA,Open Space,Open Space
Aziz 0p 1A,1600,Open Space,Open Space,Open Space,NA,1,1,6,192000,16000,2021,"Tejgaon Link Road, Tejgaon","Fire alarm, CCTV",YES,office space,Furnished,Commercial,50,NA,NA,SOUTH,YES,Open Space,Open Space
Edison Prime 8A,3455,Open Space,Open Space,Open Space,1,3,9,10,449150,31095,2023,"Tejgaon Link Road, Tejgaon","Fire alarm, CCTV",YES,office space,"Un-Furnished, Open Space",Commercial,50,NA,NA,NORTH,YES,Open Space,Open Space
Shanta Forum,11000,Open Space,Open Space,Open Space,4,4,14,24,1760000,187000,2022,"Tejgaon Link Road, Tejgaon","Fire alarm, CCTV",YES,office space,"Un-Furnished, Open floor",Commercial,60,NA,NA,SOUTH,NA,Open Space,Open Space
Edison Prime (0 floor),2145,Open Space,Open Space,Open Space,1,3,1,10,536250,19305,2023,"Tejgaon Link Road, Tejgaon","Li,Parking",NA,office space,"Un-Furnished, Open floor",Commercial,50,NA,NA,NORTH,YES,Open Space,Open Space
Edison Prime,9500,Open Space,Open Space,Open Space,4,3,7,10,1235000,85500,2023,"Tejgaon Link Road, Tejgaon","Li,Parking",NA,office space,"Un-Furnished, Open floor",Commercial,50,NA,NA,NORTH,YES,Open Space,Open Space
Aziz 0p,7500,Open Space,Open Space,Open Space,2,1,5,6,1125000,75000,2021,"Tejgaon Link Road, Tejgaon","Li,Parking",NA,office space,"Un-Furnished, Open floor",Commercial,50,NA,NA,SOUTH,YES,Open Space,Open Space
Haque ToWESTr,3500,Open Space,Open Space,Open Space,1,1,6,11,245000,17500,2003,"Tejgaon Link Road, Tejgaon","Li,Parking",NA,office space,"Un-Furnished, Open floor",Commercial,50,NA,NA,NORTH,YES,Open Space,Open Space
NAsrin ToWESTr,20000,Open Space,Open Space,Open Space,9,4,8,12,2000000,200000,2003,"Tejgaon Link Road, Tejgaon","Li,Parking",NA,office space,"Un-Furnished, Open floor",Commercial,50,NA,NA,EAST,YES,Open Space,Open Space
NAvaNA Osman Link,4100,Open Space,Open Space,Open Space,2,2,5,10,410000,32800,2012,"Tejgaon Link Road, Tejgaon","Li,Parking",NA,office space,"Un-Furnished, Open floor",Commercial,50,NA,NA,SOUTH,YES,Open Space,Open Space
Rahmans Regnum,8500,Open Space,Open Space,Open Space,6,3,7,35,1062500,85000,2022,"Tejgaon Link Road, Tejgaon","Li,Parking",NA,office space,"Un-Furnished, Open floor",Commercial,50,NA,NA,EAST,NA,Open Space,Open Space
Rangs Babilonia,5000,Open Space,Open Space,Open Space,2,4,5,12,800000,75000,2010,"Tejgaon Iurial ArEAST, Tejgaon","Li,Parking",NA,office space,"Un-Furnished, Open floor",Commercial,50,NA,NA,NORTH,NA,Open Space,Open Space
NAvaNA Sambilan,2300,3,3,3,1,2,5,7,240000,15000,2022,"Road: 23, Block: A, BaNAni",Swimming Pool.,NA,Furnished Apartment,Furnished,Commercial,24,L.P.G,YES,WEST,YES,YES,YES
Rangs Gra President Palace,2200,3,3,3,1,2,3,10,160000,9000,2012,"Road: 12, Block: H, BaNAni",NA,NA,Furnished Apartment,Furnished,Residential,16,L.P.G,YES,WEST,YES,YES,YES
BTI Rose Cottage,1750,3,3,3,1,1,5,11,135000,10600,2020,"Road: 4, Block: A, BaNAni",NA,NA,Furnished Apartment,Furnished,Residential,24,L.P.G,YES,WEST,YES,YES,YES
Taher Homes Nur Jahan,1800,3,3,2,1,2,7,11,200000,8000,2009,"Road: 13, Block: C, BaNAni",NA,NA,Furnished Apartment,Furnished,Residential,16,GOVT,YES,WEST,YES,YES,YES
Urban Lily Cottage,2300,4,4,3,1,2,8,13,140000,10000,2010,"Road: 23, Block: B, BaNAni",NA,NA,Furnished Apartment,Furnished,Residential,16,L.P.G,YES,SOUTH,YES,YES,YES
Urban DrEASTm,2300,3,3,3,1,2,4,11,160000,12000,2022,"Road: 14, Block: B, BaNAni",NA,NA,Furnished Apartment,Furnished,Residential,24,L.P.G,YES,WEST,YES,YES,YES
Shanta DeboNAir,1800,3,3,2,1,2,2,12,140000,15000,2020,"Road: 18, Block: B, BaNAni",GYM,NA,Residential Apartment,Un-Furnished,Residential,16,L.P.G,YES,SOUTH,YES,YES,YES
BTI Rose Cottage A5,1750,3,3,3,1,1,5,8,130000,12000,2023,"Road: 6, Block: A, BaNAni",NA,NA,Residential Apartment,Un-Furnished,Residential,16,L.P.G,YES,WEST,YES,YES,YES
Anwar Lamark Monsoon Blue,2000,3,3,3,1,2,3,11,120000,10000,2023,"Road: 13, Block: E, BaNAni",NA,NA,Residential Apartment,Un-Furnished,Residential,16,L.P.G,YES,EAST,YES,YES,YES
Urban DrEASTm 4A,2300,3,3,3,1,2,4,14,145000,13000,2022,"Road: 14, Block: B, BaNAni",NA,NA,Residential Apartment,Un-Furnished,Residential,16,L.P.G,YES,WEST,YES,YES,YES
Assurance Meherunnesa Villa,2050,3,3,3,1,2,5,10,140000,12000,2023,"Road: 15, Block: B, BaNAni",NA,NA,Residential Apartment,Un-Furnished,Residential,24,L.P.G,YES,EAST,YES,YES,YES
NAvaNA Boryoman,2400,3,3,3,1,1,3,11,135000,12000,2023,"Road: 15, Block: B, BaNAni",NA,NA,Residential Apartment,Un-Furnished,Residential,16,L.P.G,YES,EAST,YES,YES,YES
Basic Nigar Palace A4,2400,3,3,3,1,2,4,10,140000,12000,2023,"Road: 12, Block: H, BaNAni",NA,NA,Residential Apartment,Un-Furnished,Residential,24,L.P.G,YES,WEST,YES,YES,YES
"Basic Nigar Palace, 8A",2430,3,3,3,1,2,7,10,150000,12000,2023,"Road: 12, Block: H, BaNAni",NA,NA,Residential Apartment,Un-Furnished,Residential,16,L.P.G,YES,SOUTH,YES,YES,YES
Shanta Akashprodip,2400,3,3,3,1,2,5,9,150000,12000,2015,"Road: 23, Block: A, BaNAni",NA,NA,Residential Apartment,Un-Furnished,Residential,16,L.P.G,YES,EAST,YES,YES,YES
BTI Golden Cascade,3150,4,4,4,2,2,6,9,160000,12000,2015,"Road: 4, Block: A, BaNAni",NA,NA,Residential Apartment,Un-Furnished,Residential,24,L.P.G,YES,EAST,YES,YES,YES
Sheltech Carcade,2550,3,3,2,1,1,2,6,150000,9000,2008,"Road: 23, Block: B, BaNAni",NA,NA,Furnished Apartment,Furnished,Residential,16,GOVT,YES,EAST,YES,YES,YES
Autograph,9000,Open Space,Open Space,Open Space,2,5,18,20,1620000,135000,2017,"Road: Kemal Ataturk Avenue, BaNAni",NA,NA,Office Space,Un-Furnished,Commercial,50,NA,NA,SOUTH,NA,NA,NA
Baro Bhuiyan,3200,Open Space,Open Space,Open Space,1,2,10,15,480000,32000,2012,"Road: Kemal Ataturk Avenue, BaNAni",NA,NA,Office Space,Un-Furnished,Commercial,50,L.P.G,NA,NORTH,YES,NA,NA
Suvau JahaNORTHa Square,2188,Open Space,Open Space,Open Space,1,1,4,11,306320,21880,2017,"Road: 11, BaNAni",NA,NA,Office Space,Un-Furnished,Commercial,50,NA,NA,NORTH,YES,NA,NA
Sheltech NORTHern ar,2595,	Open Space,Open Space,Open Space,1,2,8,11,467100,38925,2022,"Road: 11, BaNAni",NA,NA,Office Space,Un-Furnished,Commercial,50,NA,NA,NORTH,NA,NA,NA
NAvaNA Sambilan,2300,3,3,3,1,2,4,7,230000,15000,2022,"Road: 23, Block: A, BaNAni",Swimming Pool.,NA,Furnished Apartment,Furnished,Commercial,24,L.P.G,YES,WEST,YES,YES,YES
Rangs Gra President Palace,2200,3,3,3,1,2,4,10,160000,9000,2012,"Road: 12, Block: H, BaNAni",NA,NA,Furnished Apartment,Furnished,Residential,16,L.P.G,YES,WEST,YES,YES,YES
BTI Rose Cottage,1750,3,3,3,1,1,6,11,135000,10600,2020,"Road: 4, Block: A, BaNAni",NA,NA,Furnished Apartment,Furnished,Residential,24,L.P.G,YES,WEST,YES,YES,YES
Taher Homes Nur Jahan,1800,3,3,2,1,2,8,11,200000,8000,2009,"Road: 13, Block: C, BaNAni",NA,NA,Furnished Apartment,Furnished,Residential,16,GOVT,YES,WEST,YES,YES,YES
Urban Lily Cottage,2300,4,4,3,1,2,9,13,140000,10000,2010,"Road: 23, Block: B, BaNAni",NA,NA,Furnished Apartment,Furnished,Residential,16,L.P.G,YES,SOUTH,YES,YES,YES
Urban DrEASTm,2300,3,3,3,1,2,6,11,160000,12000,2022,"Road: 14, Block: B, BaNAni",NA,NA,Furnished Apartment,Furnished,Residential,24,L.P.G,YES,WEST,YES,YES,YES
Shanta DeboNAir,1800,3,3,2,1,2,3,12,140000,15000,2020,"Road: 18, Block: B, BaNAni",GYM,NA,Residential Apartment,Un-Furnished,Residential,16,L.P.G,YES,SOUTH,YES,YES,YES
BTI Rose Cottage A5,1750,3,3,3,1,1,6,8,130000,12000,2023,"Road: 6, Block: A, BaNAni",NA,NA,Residential Apartment,Un-Furnished,Residential,16,L.P.G,YES,WEST,YES,YES,YES
Anwar Lamark Monsoon Blue,2000,3,3,3,1,2,4,11,120000,10000,2023,"Road: 13, Block: E, BaNAni",NA,NA,Residential Apartment,Un-Furnished,Residential,16,L.P.G,YES,EAST,YES,YES,YES
Urban DrEASTm 4A,2300,3,3,3,1,2,5,14,145000,13000,2022,"Road: 14, Block: B, BaNAni",NA,NA,Residential Apartment,Un-Furnished,Residential,16,L.P.G,YES,WEST,YES,YES,YES
Assurance Meherunnesa Villa,2050,3,3,3,1,2,6,10,140000,12000,2023,"Road: 15, Block: B, BaNAni",NA,NA,Residential Apartment,Un-Furnished,Residential,24,L.P.G,YES,EAST,YES,YES,YES
NAvaNA Boryoman,2400,3,3,3,1,1,4,11,135000,12000,2023,"Road: 15, Block: B, BaNAni",NA,NA,Residential Apartment,Un-Furnished,Residential,16,L.P.G,YES,EAST,YES,YES,YES
Basic Nigar Palace A4,2400,3,3,3,1,2,5,10,140000,12000,2023,"Road: 12, Block: H, BaNAni",NA,NA,Residential Apartment,Un-Furnished,Residential,24,L.P.G,YES,WEST,YES,YES,YES
"Basic Nigar Palace, 8A",2430,3,3,3,1,2,6,10,150000,12000,2023,"Road: 12, Block: H, BaNAni",NA,NA,Residential Apartment,Un-Furnished,Residential,16,L.P.G,YES,SOUTH,YES,YES,YES
Shanta Akashprodip,2400,3,3,3,1,2,6,9,150000,12000,2015,"Road: 23, Block: A, BaNAni",NA,NA,Residential Apartment,Un-Furnished,Residential,16,L.P.G,YES,EAST,YES,YES,YES
BTI Golden Cascade,3150,4,4,4,2,2,7,9,160000,12000,2015,"Road: 4, Block: A, BaNAni",NA,NA,Residential Apartment,Un-Furnished,Residential,24,L.P.G,YES,EAST,YES,YES,YES
Sheltech Carcade,2550,3,3,2,1,1,3,6,150000,9000,2008,"Road: 23, Block: B, BaNAni",NA,NA,Furnished Apartment,Furnished,Residential,16,GOVT,YES,EAST,YES,YES,YES
Autograph,9000,Open Space,Open Space,Open Space,2,5,16,20,1620000,135000,2017,"Road: Kemal Ataturk Avenue, BaNAni",NA,NA,Office Space,Un-Furnished,Commercial,50,NA,NA,SOUTH,NA,NA,NA
Baro Bhuiyan,3200,Open Space,Open Space,Open Space,1,2,9,15,480000,32000,2012,"Road: Kemal Ataturk Avenue, BaNAni",NA,NA,Office Space,Un-Furnished,Commercial,50,L.P.G,NA,NORTH,YES,NA,NA
Suvau JahaNORTHa Square,2188,Open Space,Open Space,Open Space,1,1,5,11,306320,21880,2017,"Road: 11, BaNAni",NA,NA,Office Space,Un-Furnished,Commercial,50,NA,NA,NORTH,YES,NA,NA
Sheltech NORTHern ar,2595,	Open Space,Open Space,Open Space,1,2,7,11,467100,38925,2022,"Road: 11, BaNAni",NA,NA,Office Space,Un-Furnished,Commercial,50,NA,NA,NORTH,NA,NA,NA
Charulata,2600,3,3,3,1,1,5,6,190000,12000,2018,"Road: Park Road,Baridhara Diplomatic Zone",NA,NA,Furnished Apartment,Furnished,Commercial,24,L.P.G,YES,NORTH,YES,YES,YES
Borak Park Valley,3500,3,3,3,2,2,6,11,300000,25000,2021,"Road: Park Road,Baridhara Diplomatic Zone","Swimming Pool,GYM",NA,Luxury Apartment,Furnished,Commercial,24,L.P.G,YES,SOUTH,YES,YES,YES
ABC Park Five,3700,4,4,3,2,1,5,11,250000,15000,2017,"Road: Park Road,Baridhara Diplomatic Zone",NA,NA,Residential Apartment,Un-Furnished,Residential,16,L.P.G,YES,NORTH,YES,YES,YES
Akash Atrai,4900,4,5,3,2,2,6,11,550000,30000,2023,"Road: Park Road,Baridhara Diplomatic Zone","Swimming Pool,GYM",NA,Luxury Apartment,Un-Furnished,Residential,24,L.P.G,YES,	SOUTH,YES,YES,YES
Summer,3500,4,4,3,2,2,7,11,260000,18000,2020,"Road: Park Road,Baridhara Diplomatic Zone",NA,NA,Furnished Apartment,Furnished,Residential,16,L.P.G,YES,SOUTH,YES,YES,YES
C A ToWESTrs,2600,3,3,3,2,1,5,11,150000,9000,2020,"Road: 4,Baridhara Diplomatic Zone",NA,NA,Residential Apartment,Un-Furnished,Residential,16,L.P.G,YES,NORTH,YES,YES,YES
NAhid Complex,3200,4,4,3,1,1,6,11,260000,20000,2014,"Road: 4,Baridhara Diplomatic Zone",NA,NA,Residential Apartment,Semi- Furnished,Residential,16,L.P.G,YES,SOUTH,YES,YES,YES
Yasmi Alian,3900,4,4,3,2,2,5,11,260000,20000,2017,"Road: 5,Baridhara Diplomatic Zone",NA,NA,Furnished Apartment,Furnished,Residential,16,L.P.G,YES,NORTH,YES,YES,YES
Priyo Prangon,2900,4,4,3,2,2,5,8,250000,15000,2012,"Road: 9,Baridhara Diplomatic Zone",NA,NA,Furnished Apartment,Furnished,Residential,24,L.P.G,YES,SOUTH,YES,YES,YES
BTI Wi FloWESTr,3500,4,4,3,2,2,5,11,350000,25000,2022,"Road: 11,Baridhara Diplomatic Zone",NA,NA,Furnished Apartment,Furnished,Residential,16,L.P.G,YES,SOUTH,YES,YES,YES
Assurance Marzuk House,2200,3,3,3,1,2,5,8,180000,8000,2021,"Road: 11,Baridhara Diplomatic Zone",NA,NA,Furnished Apartment,Furnished,Residential,16,L.P.G,YES,WEST,YES,YES,YES
Masuk ToWESTr,3000,3,3,3,1,2,5,11,280000,21000,2020,"Road: 7,Baridhara Diplomatic Zone",NA,NA,Furnished Apartment,Furnished,Residential,16,L.P.G,YES,NORTH,YES,YES,YES
NAvaNA,4300,4,4,3,2,2,5,11,280000,21000,2015,"Road: UN Road,Baridhara Diplomatic Zone",NA,NA,Furnished Apartment,Furnished,Residential,16,L.P.G,YES,SOUTH,YES,YES,YES
NAvaNA FarNAz Monteceillo,3550,4,4,4,2,2,4,11,325000,15000,2023,"Road: 4,Baridhara Diplomatic Zone",NA,NA,Residential Apartment,Un-Furnished,Residential,16,L.P.G,YES,SOUTH,YES,YES,YES
Anwar Lamark Rainfore,3600,4,4,3,2,2,8,11,400000,15000,2022,"Road: 4,Baridhara Diplomatic Zone",NA,NA,Residential Apartment,Un-Furnished,Residential,16,L.P.G,YES,NORTH,YES,YES,YES
Conco Tribhuban,2600,3,3,3,1,2,7,11,250000,25000,2023,"Road: 4,Baridhara Diplomatic Zone",NA,NA,Residential Apartment,Un-Furnished,Residential,16,L.P.G,YES,WEST,YES,YES,YES
BTI Wi FloWESTr 6A,3300,4,4,3,2,2,7,11,300000,20000,2022,"Road: 4,Baridhara Diplomatic Zone",NA,NA,Residential Apartment,Un-Furnished,Residential,16,L.P.G,YES,WEST,YES,YES,YES
Apan Razia,4200,4,4,3,3,2,6,11,350000,20000,2017,"Road: 4,Baridhara Diplomatic Zone",NA,NA,Residential Apartment,Un-Furnished,Residential,16,L.P.G,YES,SOUTH,YES,YES,YES
NAvaNA BEASTufort,4200,4,4,4,2,2,8,11,300000,15000,2012,"Road: 4,Baridhara Diplomatic Zone",NA,NA,Residential Apartment,Un-Furnished,Residential,16,L.P.G,YES,NORTH,YES,YES,YES
BTI e Supreme,2100,3,3,3,1,1,5,11,160000,15000,2017,"Road: 4,Baridhara Diplomatic Zone",NA,NA,Residential Apartment,Un-Furnished,Residential,16,L.P.G,YES,SOUTH,YES,YES,YES
BTI Wi FloWESTr 3A,3500,4,4,4,2,2,5,11,350000,25000,2022,"Road: 4,Baridhara Diplomatic Zone",Swimming Pool,NA,Luxury Apartment,Un-Furnished,Residential,24,L.P.G,NA,SOUTH,YES,YES,YES
Charulata,2600,3,3,3,1,1,4,6,190000,12000,2018,"Road: Park Road,Baridhara Diplomatic Zone",NA,NA,Furnished Apartment,Furnished,Residential,24,L.P.G,YES,NORTH,YES,YES,YES
Borak Park Valley,3500,3,3,3,2,2,4,11,300000,25000,2021,"Road: Park Road,Baridhara Diplomatic Zone","Swimming Pool,GYM",NA,Luxury Apartment,Furnished,Residential,24,L.P.G,YES,SOUTH,YES,YES,YES
ABC Park Five,3700,4,4,3,2,1,1,11,250000,15000,2017,"Road: Park Road,Baridhara Diplomatic Zone",NA,NA,Residential Apartment,Un-Furnished,Residential,16,L.P.G,YES,NORTH,YES,YES,YES
Akash Atrai,4900,4,5,3,2,2,5,11,550000,30000,2023,"Road: Park Road,Baridhara Diplomatic Zone","Swimming Pool,GYM",NA,Luxury Apartment,Un-Furnished,Residential,24,L.P.G,YES,	SOUTH,YES,YES,YES
Summer,3500,4,4,3,2,2,6,11,260000,18000,2020,"Road: Park Road,Baridhara Diplomatic Zone",NA,NA,Furnished Apartment,Furnished,Residential,16,L.P.G,YES,SOUTH,YES,YES,YES
C A ToWESTrs,2600,3,3,3,2,1,4,11,150000,9000,2020,"Road: 4,Baridhara Diplomatic Zone",NA,NA,Residential Apartment,Un-Furnished,Residential,16,L.P.G,YES,NORTH,YES,YES,YES
NAhid Complex,3200,4,4,3,1,1,5,11,260000,20000,2014,"Road: 4,Baridhara Diplomatic Zone",NA,NA,Residential Apartment,Semi- Furnished,Residential,16,L.P.G,YES,SOUTH,YES,YES,YES
Yasmi Alian,3900,4,4,3,2,2,3,11,260000,20000,2017,"Road: 5,Baridhara Diplomatic Zone",NA,NA,Furnished Apartment,Furnished,Residential,16,L.P.G,YES,NORTH,YES,YES,YES
Priyo Prangon,2900,4,4,3,2,2,4,8,250000,15000,2012,"Road: 9,Baridhara Diplomatic Zone",NA,NA,Furnished Apartment,Furnished,Residential,24,L.P.G,YES,SOUTH,YES,YES,YES
BTI Wi FloWESTr,3500,4,4,3,2,2,3,11,350000,25000,2022,"Road: 11,Baridhara Diplomatic Zone",NA,NA,Furnished Apartment,Furnished,Residential,16,L.P.G,YES,SOUTH,YES,YES,YES
Assurance Marzuk House,2200,3,3,3,1,2,6,8,180000,8000,2021,"Road: 11,Baridhara Diplomatic Zone",NA,NA,Furnished Apartment,Furnished,Residential,16,L.P.G,YES,WEST,YES,YES,YES
Masuk ToWESTr,3000,3,3,3,1,2,4,11,280000,21000,2020,"Road: 7,Baridhara Diplomatic Zone",NA,NA,Furnished Apartment,Furnished,Residential,16,L.P.G,YES,NORTH,YES,YES,YES
NAvaNA,4300,4,4,3,2,2,2,11,280000,21000,2015,"Road: UN Road,Baridhara Diplomatic Zone",NA,NA,Furnished Apartment,Furnished,Residential,16,L.P.G,YES,SOUTH,YES,YES,YES
NAvaNA FarNAz Monteceillo,3550,4,4,4,2,2,5,11,325000,15000,2023,"Road: 4,Baridhara Diplomatic Zone",NA,NA,Residential Apartment,Un-Furnished,Residential,16,L.P.G,YES,SOUTH,YES,YES,YES
Anwar Lamark Rainfore,3600,4,4,3,2,2,7,11,400000,15000,2022,"Road: 4,Baridhara Diplomatic Zone",NA,NA,Residential Apartment,Un-Furnished,Residential,16,L.P.G,YES,NORTH,YES,YES,YES
Conco Tribhuban,2600,3,3,3,1,2,5,11,250000,25000,2023,"Road: 4,Baridhara Diplomatic Zone",NA,NA,Residential Apartment,Un-Furnished,Residential,16,L.P.G,YES,WEST,YES,YES,YES
BTI Wi FloWESTr 6A,3300,4,4,3,2,2,6,11,300000,20000,2022,"Road: 4,Baridhara Diplomatic Zone",NA,NA,Residential Apartment,Un-Furnished,Residential,16,L.P.G,YES,WEST,YES,YES,YES
Apan Razia,4200,4,4,3,3,2,4,11,350000,20000,2017,"Road: 4,Baridhara Diplomatic Zone",NA,NA,Residential Apartment,Un-Furnished,Residential,16,L.P.G,YES,SOUTH,YES,YES,YES
NAvaNA BEASTufort,4200,4,4,4,2,2,6,11,300000,15000,2012,"Road: 4,Baridhara Diplomatic Zone",NA,NA,Residential Apartment,Un-Furnished,Residential,16,L.P.G,YES,NORTH,YES,YES,YES
BTI e Supreme,2100,3,3,3,1,1,3,11,160000,15000,2017,"Road: 4,Baridhara Diplomatic Zone",NA,NA,Residential Apartment,Un-Furnished,Residential,16,L.P.G,YES,SOUTH,YES,YES,YES
BTI Wi FloWESTr 3A,3500,4,4,4,2,2,3,11,350000,25000,2022,"Road: 4,Baridhara Diplomatic Zone",Swimming Pool,NA,Luxury Apartment,Un-Furnished,Residential,24,L.P.G,NA,SOUTH,YES,YES,YES
RIDGE PARK,3360 Sq ,4,4,4,2,2,5,13,300000,25000,2023,"Road: 36, Gulshan",GYM,NA,Luxury Apartment,Furnished,Residential,24,L.P.G,YES,WEST,YES,YES,YES
Dhansiri,3700,4,4,3,2,2,7,12,310000,20000,2022,"Road: 88, Gulshan","Swimming Pool ,GYM",NA,Luxury Apartment,Furnished,Residential,24,L.P.G,YES,EAST,YES,YES,YES
Bay Brook Wood A8,2450 Sq ,3,3,3,1,1,7,12,180000,15000,2019,"Road: 135, Gulshan","Swimming Pool ,GYM",NA,Furnished Apartment,Furnished,Residential,24,L.P.G,YES,WEST,YES,YES,YES
AZ AN,2600,4,4,4,1,1,3,13,270000,0,2022,"Road: 32, Gulshan",NA,NA,Furnished Apartment,Furnished,regiered,24,L.P.G,YES,EAST,YES,YES,YES
Shanta e Regal,6500 Sq ,4,4,4,2,2,3,13,700000,50000,2022,"Road: 84, Gulshan","Swimming Pool ,GYM",NA,Luxury Apartment,Un-Furnished,Residential,24,L.P.G,YES,	EAST,YES,YES,YES
Rangs SABRA,4200 Sq ,4,4,4,2,2,2,11,350000,40000,2023,"Road: 136, Gulshan","Swimming Pool ,GYM",NA,Luxury Apartment,Furnished,Residential,24,L.P.G,YES,EAST,YES,YES,YES
Shanta e Laing,3741 Sq ,3,4,3,2,2,2,13,200000,15000,2020,"Road: 138, Gulshan","Swimming Pool ,GYM",NA,Luxury Apartment,Un-Furnished,Residential,24,L.P.G,YES,WEST,YES,YES,YES
NAvaNA e Platinum Residence,3200,3,3,3,1,4,3,6,260000,24000,2012,"Road: 71, Gulshan","Swimming Pool ,GYM",NA,Luxury Apartment,Furnished,regiered,24,L.P.G,YES,SOUTH,YES,YES,YES
Suvau Rahman Heights,4100,4,4,3,2,2,3,10,250000,15000,2018,"Road: 86, Gulshan",NA,NA,Furnished Apartment,Furnished,regiered,24,L.P.G,YES,WEST,YES,YES,YES
Charubii 2B,2000,2,2,1,1,2,3,13,190000,0,2024,"Road: 115, Gulshan, Dhaka 1212",NA,NA,Furnished Apartment,full-Furnished,Residential,24,L.P.G,YES,WEST,YES,YES,YES
Rancon Icon ToWESTr,2200,3,3,2,1,2,2,14,220000,15000,2022,"Road: 130,Gulshan, Dhaka 1212","GYM,Swimming Pool",NA,	Luxury Apartment,Un-Furnished,Residential,24,L.P.G,YES,WEST,YES,YES,YES
Charubii,1700,2,2,1,1,2,2,9,175000,20000,2023," Road: 115,Gulshan, Dhaka 1212",NA,NA,	Furnished Apartment,full-Furnished,Residential,50,	L.P.G,	YES,	NORTH,YES,YES,YES
BTI e Savil,2150,3,3,2,1,1,5,9,190000,12000,2017," Road: 34,Gulshan, Dhaka 1212",NA,NA,Furnished Apartment,Furnished,Residential,24,GOVT,YES,EAST,YES,YES,YES
Conco Badal Heights A4,4200,4,4,3,2,2,5,13,280000,30000,2015," Road: 56,Gulshan, Dhaka 1212",NA,NA,Furnished Apartment,Furnished,Residential,24,	GOVT,	YES,WEST,YES,YES,YES
Sky Touch Amir's DrEASTm 12B,2600,4,4,3,1,2,11,14,220000,12000,2022," Road: 106,Gulshan, Dhaka 1212","Bed, Bed side table, Cabinets, udy table , chair, Almira, Sofa, Smart TV , TV trolley, Dining table , chairs, Iron, Clo dryer hanger, Refrigerator, Microwave Oven, Washing machine, Shoe rack, Cookeries items.",NA,	Furnished Apartment,	Furnished,Residential,24,	L.P.G,	YES,	NORTH,YES,YES,YES
Rizbi House,3700,3,3,2,2,1,4,6,320000,20000,2023,"Road: 53A, Gulshan, Dhaka 1212","Bed, Bed side table, Cabinets, udy table , chair, Almira, Sofa, Smart TV , TV trolley, Dining table , chairs, Iron, Clo dryer hanger, Refrigerator, Microwave Oven, Washing machine, Shoe rack, Cookeries items.",NA,	Furnished Apartment,	Furnished,Residential,25,	L.P.G,	YES,	WEST,YES,YES,YES
Shanta Angan A1,3300,4,4,1,2,2,2,12,250000,20000,2013,"Road: 33, Gulshan,Dhaka,1212","Bed, udy table , chair, Smart TV , TV trolley, Clo dryer hanger, Washing machine, Bed side table, Almira, Dining table , chairs, Refrigerator, Shoe rack, Cabinets, Sofa, Iron, Microwave Oven, Cookeries items.",NA,	Furnished Apartment,	Furnished,Residential,24,	GOVT,	YES,	EAST,YES,YES,YES
Park Avilya,2200,3,3,2,1,1,5,6,100000,100000,2005,"	Road: 87, Gulshan, Dhaka 1212","Bed, udy table , chair, Smart TV , TV trolley, Clo dryer hanger, Washing machine, Bed side table, Almira, Dining table , chairs, Refrigerator, Shoe rack, Cabinets, Sofa, Iron, Microwave Oven, Cookeries items.",NA,	Furnished Apartment,	Furnished,	Residential,24,GOVT,YES,WEST,YES,YES,YES
InNORTH Zen 7B,3300,4,4,3,2,2,6,7,250000,0,2025,"Road: 117, Gulshan, Dhaka 1212","Bed, udy table , chair, Smart TV , TV trolley, Clo dryer hanger, Washing machine, Bed side table, Almira, Dining table , chairs, Refrigerator, Shoe rack, Cabinets, Sofa, Iron, Microwave Oven, Cookeries items.",NA,Furnished Apartment,	Semi Furnished,	Residential,24,	L.P.G,	YES,WEST,YES,YES,YES
Delviaa Erjaan,2250,3,3,1,1,2,5,9,200000,15000,2015,"Road: 97, Gulshan,Dhaka 1212","Bed, udy table , chair, Smart TV , TV trolley, Clo dryer hanger, Washing machine, Bed side table, Almira, Dining table , chairs, Refrigerator, Shoe rack, Cabinets, Sofa, Iron, Microwave Oven, Cookeries items.",NA,	Furnished Apartment,Furnished,	Residential,24,GOVT,	YES,	NORTH,YES,YES,YES
Bay Selee 5A,4000,4,5,2,2,2,6,11,300000,0,2024,"        Road: 40, Gulshan,Dhaka 1212","Bed, udy table , chair, Smart TV , TV trolley, Clo dryer hanger, Washing machine, Bed side table, Almira, Dining table , chairs, Refrigerator, Shoe rack, Cabinets, Sofa, Iron, Microwave Oven, Cookeries items.",NA,	Furnished Apartment,Furnished,	Residential,24,	L.P.G,	YES,	NORTH,YES,YES,YES
NAvaNA Miru Arimidale 6A,2000,3,3,2,1,2,7,11,140000,11000,2012,"Road: 94, Gulshan,Dhaka 1212","Bed, Bed side table, Cabinets, udy table , chair, Almira, Sofa, Smart TV , TV trolley, Dining table , chairs, Iron, Clo dryer hanger, Refrigerator, Microwave Oven, Washing machine, Shoe rack, Cookeries items.",NA,Furnished Apartment,Furnished,	Residential,24,GOVT,	YES,WEST,YES,YES,YES
Edison Anika Heights 12A,4500,4,5,3,2,2,11,13,400000,0,2024,"Road: NORTH Gulshan Avenue,Dhaka 1212","Bed, Bedside Table, Cabinets, udy Table , Chair, Almira, Sofa, Smart TV , TV Trolley, Dining Table , Chairs, Iron, Clo Dryer Hanger, Refrigerator, Microwave Oven, Washing Machine, Shoe Rack, Cookery Items.",NA,Furnished Apartment,	full-Furnished,	Residential,24,L.P.G,	YES,EAST,YES,YES,YES
Shanta Sanctum 5A (Furnished),4000,3,4,3,2,2,6,13,400000,30000,2024,"        Road: 83, Gulshan,Dhaka 1212","GYM, Swimming Pool, Bed, Bedside Table, Cabinets, udy Table , Chair, Almira, Sofa, Smart TV , TV Trolley, Dining Table , Chairs, Iron, Clo Dryer Hanger, Refrigerator, Microwave Oven, Washing Machine, Shoe Rack, Cookery Items.",NA,Furnished Apartment / Luxury Apartment,Furnished,	Residential,24,L.P.G,	YES,EAST,YES,YES,YES
NAvaNA Bra New Apartment A1,2240,3,3,2,1,1,2,11,170000,0,2024,"Road: 67, Gulshan,Dhaka 1212","Bed, Bedside Table, Cabinets, udy Table , Chair, Almira, Sofa, Smart TV , TV Trolley, Dining Table , Chairs, Iron, Clo Dryer Hanger, Refrigerator, Microwave Oven, Washing Machine, Shoe Rack, Cookery Items.",NA,Furnished Apartment,Furnished,	Residential,24,L.P.G,	YES,SOUTH,YES,YES,YES
Urban Shishir KoNA B2,2750,4,5,3,1,2,3,14,200000,15000,2025,"Road: 113, Gulshan,Dhaka 1212","Bed, Bedside Table, Cabinets, udy Table , Chair, Almira, Sofa, Smart TV , TV Trolley, Dining Table , Chairs, Iron, Clo Dryer Hanger, Refrigerator, Microwave Oven, Washing Machine, Shoe Rack, Cookery Items.",NA,Furnished Apartment,Furnished,	Residential,24,L.P.G,	YES,EAST,YES,YES,YES
Bra New Luxury Apartment,4000,3,4,3,2,2,7,11,350000,0,2024,"Road: 36, Gulshan,Dhaka 1212","3 Beds, 4 Bas, Kitchen Hood, Cabinets, Parking, Li, GYM, Swimming Pool, AC",NA,Furnished Apartment / Luxury Apartment,full-Furnished,	Residential,24,L.P.G,	YES,SOUTH,YES,YES,YES
Memento Conco,3000,4,4,2,1,1,3,6,260000,15000,2006,"Road: 75, Gulshan,Dhaka 1212","Bed, Bedside Table, Cabinets, udy Table , Chair, Almira, Sofa, Smart TV , TV Trolley, Dining Table , Chairs, Iron, Clo Dryer Hanger, Refrigerator, Microwave Oven, Washing Machine, Shoe Rack, Cookery Items.",NA,Furnished Apartment,Furnished,	Residential,24,GOVT,	YES,EAST,YES,YES,YES
WEST Wings,2500,3,4,3,1,1,4,6,150000,8500,2005,"Road: 61, Gulshan,Dhaka 1212","Bed, Bedside Table, Cabinets, udy Table , Chair, Almira, Sofa, Smart TV , TV Trolley, Dining Table , Chairs, Iron, Clo Dryer Hanger, Refrigerator, Microwave Oven, Washing Machine, Shoe Rack, Cookery Items.",NA,Furnished Apartment,Furnished,	Residential,16,GOVT,	YES,EAST,YES,YES,YES
Gaenia,3300,3,4,1,2,1,1,6,270000,15000,2007,"Road: 71, Gulshan,Dhaka 1212","Bed, Bedside Table, Cabinets, udy Table , Chair, Almira, Sofa, Smart TV , TV Trolley, Dining Table , Chairs, Iron, Clo Dryer Hanger, Refrigerator, Microwave Oven, Washing Machine, Shoe Rack, Cookery Items.",NA,Furnished Apartment,Furnished,	Residential,24,GOVT,	YES,	NORTH,YES,YES,YES
MajEAST,5009,4,5,4,2,2,5,11,470000,30000,2022,"Road: 79, Gulshan,Dhaka 1212","GYM, Swimming Pool, Bed, Bedside Table, Cabinets, udy Table , Chair, Almira, Sofa, Smart TV , TV Trolley, Dining Table , Chairs, Iron, Clo Dryer Hanger, Refrigerator, Microwave Oven, Washing Machine, Shoe Rack, Cookery Items.",NA,Furnished Apartment / Luxury Apartment,Furnished,	Residential,24,L.P.G,	YES,WEST,YES,YES,YES
NAvaNA Shangshaptak A1 (udio Apartment),1450,1,2,NA,1,2,3,11,130000,0,2024,"Road: 67, Gulshan,Dhaka 1212","Swimming Pool, 1 Bed, 2 Bas, Cabinets, AC, Kitchen Hood, 24 Hours Security Service.",NA,Furnished Apartment,Furnished,	Residential,24,L.P.G,NA,SOUTH,YES,YES,YES
Assurance Mallicks,2200,3,3,2,1,2,2,11,150000,10000,2022,"        Road: 137, Gulshan,Dhaka 1212","Bed, Bedside Table, Cabinets, udy Table , Chair, Almira, Sofa, Smart TV , TV Trolley, Dining Table , Chairs, Iron, Clo Dryer Hanger, Refrigerator, Microwave Oven, Washing Machine, Shoe Rack, Cookery Items.",NA,Furnished Apartment,Furnished,	Residential,24,L.P.G,	YES,NORTH,YES,YES,YES
Urban Shishir KoNA,2785,4,4,3,2,2,6,8,200000,15000,2024,"Road: 113, Gulshan,Dhaka 1212","Bed, Bedside Table, Cabinets, udy Table , Chair, Almira, Sofa, Smart TV , TV Trolley, Dining Table , Chairs, Iron, Clo Dryer Hanger, Refrigerator, Microwave Oven, Washing Machine, Shoe Rack, Cookery Items.",NA,	Furnished Apartment,Furnished,	Residential,24,L.P.G,	YES,EAST,YES,YES,YES
Shanta Charalok A5,2600,3,4,2,1,2,4,10,150000,15000,2008,"	Road:21, BaNAni,Dhaka",NA,NA,	Furnished Apartment,	Furnished,Residential,24,        GOVT,YES,EAST,YES,YES,YES
Gra President Palace,2300,3,3,2,1,2,5,10,150000,10000,2012,"Road:09, BaNAni,Dhaka",NA,NA,	Furnished Apartment,	Furnished,Residential,24,        GOVT,YES,EAST,YES,YES,YES
Basic Sapphire,2350,4,4,3,1,2,6,9,120000,8000,2021,"Road:16, BaNAni,Dhaka",NA,NA,Residential Apartment,Un-Furnished,Residential,24,        L.P.G,YES,EAST,YES,YES,YES
Kamal's Residence,4000,4,4,3,1,2,1,10,220000,0,2025,"	Road:11, BaNAni,Dhaka","GYM,Swimming Pool,24 hours security service",NA,	Residential Apartment,	Un-Furnished,Residential,24,        L.P.G,YES,EAST,YES,YES,YES
Evas Priyoprangon,4200,4,4,3,1,1,2,9,160000,20000,2023,"	Road:11, BaNAni,Dhaka",NA,NA,Residential Apartment,Un-Furnished,Residential,24,        L.P.G,YES,EAST,YES,YES,YES
e Sovereign,2450,3,3,2,1,2,3,10,110000,10000,2006,"	Road:16, BaNAni,Dhaka",NA,NA,Residential Apartment,	Un-Furnished,Residential,24,        GOVT,YES,EAST,YES,YES,YES
Masqubaneer,2150,3,3,2,1,1,4,10,100000,10000,2022,"	Road:26, BaNAni,Dhaka ",NA,NA,	Residential Apartment,	Un-Furnished,Residential,24,        L.P.G,YES,EAST,YES,YES,YES
FortuNA,2400,3,3,2,1,1,5,9,130000,10000,2018,"Road:06, BaNAni,Dhaka",NA,NA,	Residential Apartment,	Furnished,Residential,24,GOVT,YES,EAST,YES,YES,YES
"InNORTH M,S House 8A",4200,	Open Space,Open Space,Open Space,1,2,7,13,"6,30,000",0,2024,"	Road:13, BaNAni,Dhaka","24 hours CC TV coverage, Automatic Fire alarm syem",YES,Office Space,Un-Furnished,Commercial,50,NA,NA,EAST,YES,Open Space,NA
Prasad TrEASTd Center,7500,Open Space,Open Space,Open Space,1,4,15,20,"	9,00,000",75000,2010,"	Road:Kamal Ataturk Avenue, BaNAni,Dhaka","24 hours CC TV coverage,Automatic Fire alarm syem",YES,	Office Space,Un-Furnished,Commercial,60,NA,YES,EAST,YES,   Open Space,NA
Conco Colosseum,2780,	Open Space,	Open Space,	Open Space,2,2,6,13,330000,26500,2015,"	Road: Kamai Ataturk Avenue, BaNAni,Dhaka","24 hours CC TV coverage,Automatic Fire alarm syem",YES,	Office Space,	Un-Furnished,Commercial,60,        L.P.G,YES,NORTH,YES,Open Space,NA
Conco MB ToWESTr,3625,Open Space,Open Space,Open Space,2,2,11,17,616550,54375,2024,"Road: 11, BaNAni,Dhaka","24 hours CC TV coverage,Automatic Fire alarm syem",YES,	Office Space,	Un-Furnished,Commercial,50,NA,NA,SOUTH,YES,NA,NA
Bra New Commercial Space,3100,        Open Space,	Open Space,	Open Space,2,2,6,10,"        3,42,000",31000,2025,"	Road:09, BaNAni,Dhaka","24 hours CC TV coverage,Automatic Fire alarm syem",YES,	Office Space,	Un-Furnished,Commercial,30,NA,NA,WEST,YES,NA,NA
Autograph ToWESTr 17 Floor,11500,        Open Space,        Open Space,        Open Space,2,5,18,21,"2,070,000",172500,2014,"	Road: Kamai Ataturk Avenue, BaNAni,Dhaka","24 hours CC TV coverage,Automatic Fire alarm syem",YES,	Office Space,	Un-Furnished,Commercial,60,NA,NA,SOUTH,NA,NA,NA
Artisan 2 Floor,3282,        Open Space,	Open Space,	Open Space,2,2,1,11,"426,660",49230,2015,"	Road:13, BaNAni,Dhaka","24 hours CC TV coverage,Automatic Fire alarm syem",YES,	Office Space,	Un-Furnished,Commercial,50,NA,NA,	SOUTH,NA,NA,NA
Conco Niharika,1975,        Open Space,        Open Space,        Open Space,2,2,5,14,306225,29625,2023,"Road: 11, BaNAni,Dhaka","24 hours CC TV coverage,Automatic Fire alarm syem",YES,	Office Space,	Un-Furnished,Commercial,50,NA,NA,NORTH,YES,NA,NA
Caersis ToWESTr,3300,        Open Space,        Open Space,        Open Space,2,2,"        4 , 11",14,439000,33000,2023,"Road: 12, BaNAni,Dhaka","24 hours CC TV coverage,Automatic Fire alarm syem",YES,Office Space,	Furnished,Commercial,40,NA,NA,	EAST,YES,NA,NA
Momen Bari Heights,526,	Open Space,	Open Space,	Open Space,0,2,1,16,290000,5260,2023,"	Road: 11, BaNAni,Dhaka","24 hours CC TV coverage,Automatic Fire alarm syem",YES,Office Space,	Un-Furnished,Commercial,24,	L.P.G,NA,EAST,YES,NA,NA
NAbil House,2780,Open Space,Open Space,Open Space,1,2,8,11,639500,27800,2023,"	Road: 11, BaNAni,Dhaka","24 hours CC TV coverage,Automatic Fire alarm syem",YES,Office Space,	Furnished,Commercial,30,NA,NA,	NORTH,YES,NA,NA
Nur Empori,6000,	Open Space,	Open Space,	Open Space,3,2,7,13,730000,60000,2017,"	Road: 11, BaNAni,Dhaka",NA,NA,	Office Space,	Un-Furnished,Commercial,50,NA,NA,	SOUTH,YES,NA,NA
Conco Niharika ToWESTr,3950,	Open Space,	Open Space,	Open Space,2,2,7,15,672500,59250,2022,"	Road: Kemal Ataturk Avenue, BaNAni,Dhaka","24 hours CC TV coverage,Automatic Fire alarm syem",YES,	Office Space,	Un-Furnished,Commercial,50,NA,NA,NORTH,YES,NA,NA
SOUTH Breeze Centre 5 floor,3512,Open Space,Open Space,Open Space,1,3,6,13,456560,47000,2018,"Road: 11, BaNAni,Dhaka","24 hours CC TV coverage,Automatic Fire alarm syem",YES,Office Space,	Un-Furnished,Commercial,50,NA,NA,	SOUTH,YES,NA,NA
"InNORTH M,S House",4300,	Open Space,	Open Space,	Open Space,2,2,6,14,646000,107500,2024,"	Road: 11, BaNAni,Dhaka","24 hours CC TV coverage,Automatic Fire alarm syem",YES,	Office Space,	Un-Furnished,Commercial,50,NA,NA,SOUTH,NA,NA,NA
Prasad Trade Center,7400,Open Space,3,Open Space,2,4,8,16,1110000,60000,2012,"	Road: 11, BaNAni,Dhaka",NA,NA NA,Office Space,Furnished,Commercial,50,NA,NA,SOUTH,YES,NA,NA
EHL Lokman Hossain ToWESTr,5059,	Open Space,	Open Space,	Open Space,3,3,10,13,910720,101180,2013,"	Road: 11, BaNAni,Dhaka",NA,NA,	Office Space,	Un-Furnished,Commercial,50,NA,NA,	SOUTH,YES,NA,NA
Maisura,2600,3,3,3,1,1,6,11,170000,14000,2012,"	Road:8/A, BaNAni,Dhaka",NA,NA,	Furnished Apartment,	Furnished,Residential,24,	GOVT,YES,	WEST,YES,YES,YES
Urban DrEASTm 9B (Furnished),2600,3,3,3,1,2,8,14,190000,12000,2022,"Road:13, BaNAni,Dhaka",NA,NA,Furnished Apartment,	Furnished,Residential,24,	L.P.G,YES,SOUTH,YES,YES,YES
SigNAture Gulger 11,2500,3,4,2,1,2,4,11,195000,0,2023,"Road: 23, BaNAni,Dhaka",NA,NA,Furnished Apartment,	Furnished,Residential,24,	L.P.G,YES,EAST,YES,YES,YES
Simpletree Shanur,2400,4,4,3,1,2,6,9,150000,17000,2019,"Road: 10, Block: H, BaNAni,Dhaka",NA,NA,	Furnished Apartment,	Furnished,Residential,16,	L.P.G,YES,	SOUTH,YES,YES,YES
Bti Silver Creek A1,1603,3,3,2,1,1,2,11,130000,10000,2023,"	Road: 10, BaNAni,Dhaka",NA,NA,Furnished Apartment,	Furnished,Residential,24,L.P.G,YES,	SOUTH,YES,YES ,YES
Conco NAyeem,2222,3,3,3,1,2,5,11,140000,10000,2020,"	Road: 25, BaNAni,Dhaka",NA,NA,	Furnished Apartment,	Furnished,Residential,24,	L.P.G,YES,NORTH,YES,YES,YES
PaNAche,1750,3,3,3,1,1,2,7,90000,10000,2010,"	Road: 12, BaNAni,Dhaka",NA,NA,Furnished Apartment,	Furnished,Residential,16,	GOVT,YES,	SOUTH,YES,YES,YES
Asset MaNORTH Manihar A4,2550,4,4,3,1,1,5,6,140000,18000,2010,"	Road: 7, Block: C, BaNAni,Dhaka",NA,NA,Furnished Apartment,        Furnished,Residential,16,	L.P.G,YES,NORTH,YES,YES,YES
Rangs Matin's Royal Residence,2200,3,3,2,1,2,3,9,140000,8000,2015,"	Road: 09, Block: G, BaNAni,Dhaka",NA,NA,Furnished Apartment,        Furnished,Residential,16,	L.P.G,YES,	WEST,YES,YES,YES 
BTI Plam Gorve,2400,3,3,2,1,2,6,10,180000,0,2022,"Road: 6, Block: A, BaNAni,Dhaka",NA,NA,Furnished Apartment,	Furnished,Residential,16,	L.P.G,YES,	EAST,YES,YES,YES
Shanta CoNApus 9A,2650,3,3,2,1,2,8,11,250000,18000,2022,"	Road: 17, Block: A, BaNAni,Dhaka",NA,NA,Furnished Apartment,	Furnished,Residential,24,	L.P.G,YES,EAST,YES,YES,YES
Taher Homes Nur Jahan MaNORTH A7,1800,3,3,2,1,1,6,9,200000,8000,2008,"	Road: 13, Block: D, BaNAni,Dhaka",NA,NA,Furnished Apartment,	Furnished,Residential,16,	L.P.G,YES,	SOUTH,YES,YES,YES
Asset Touch one,1500,3,3,2,1,1,4,6,80000,6500,2002,"Road: 08, Block: C, BaNAni,Dhaka",NA,NA,Furnished Apartment,	Furnished,	Residential,16,	GOVT,NA,	NORTH,YES,YES,YES
Suvau Ghofur Riz Gaen 9B,2500,3,4,3,1,1,8,13,150000,12000,2019,"Road: 18, Block: A, BaNAni,Dhaka",NA,NA,Furnished Apartment,	Furnished,	Residential,16,	L.P.G,YES,	NORTH,YES,YES,YES
ShuchaNA,2250,3,4,4,1,1,7,11,150000,0,2016,"Road: 13, Block: D, BaNAni,Dhaka",NA,NA,Furnished Apartment,	Furnished,Residential,24,	L.P.G,YES,NORTH,YES,YES,YES
Sheltech Carcade A2,2550,3,3,2,1,1,1,6,90000,7000,2003,"	Road: 18, Block: A, BaNAni,Dhaka",NA,NA,Furnished Apartment,	Furnished,Residential,16,	GOVT,YES,	EAST,YES,YES,YES
Urban Lily Cottage 9A,2300,4,4,2,1,2,8,11,140000,9500,2010,"	Road: 23, Block: D, BaNAni,Dhaka",NA,NA,Furnished Apartment,	Furnished,Residential,16,	L.P.G,YES,	SOUTH,YES,YES,YES
Shanta Charalok,3000,3,3,3,1,2,8,10,180000,12000,2010,"Road: 23, Block: B, BaNAni,Dhaka",NA,NA,Furnished Apartment,	Furnished,Residential,16,L.P.G,YES,	EAST,YES,YES,YES
Urban BoNAnza 13B,2300,3,3,3,1,2,12,14,170000,9000,2010,"	Road: 13, Block: B, BaNAni,Dhaka",NA,NA,Furnished Apartment,	Furnished,Residential,16,	L.P.G,YES,	SOUTH,YES,YES,YES
Marquis Villa A3,2000,3,3,3,1,1,4,8,120000,8500,2010,"	Road: 6, Block: F, BaNAni,Dhaka",NA,NA,	Furnished Apartment,	Furnished,Residential,16,	L.P.G,YES,NORTH,YES,YES,YES
Building For Future,1000,3,3,2,1,1,2,8,90000,7000,2010,"	Road: 7, Block: H, BaNAni,Dhaka",NA,NA,Furnished Apartment,	Furnished,Residential,16,	L.P.G,NA,	NORTH,YES,YES,YES
Simpletree Shanur,2400,4,4,3,1,2,6,9,150000,17000,2019,"	Road: 10, Block: H, BaNAni,Dhaka",NA,NA,Furnished Apartment,        Furnished,Residential,16,	L.P.G,YES,	SOUTH,YES,YES,YES
Assurance Raisa,2500,3,3,3,1,2,3,11,150000,12000,2015,"	Road: 23, Block: B, BaNAni,Dhaka",NA,NA,Furnished Apartment,        Furnished,Residential,16,	L.P.G,YES,WEST,YES,YES,YES
Urban Lily Cottage 9B,2300,4,4,2,1,2,8,11,150000,9500,2010,"	Road: 23, Block: B, BaNAni,Dhaka",NA,NA,Furnished Apartment,	Furnished,Residential,16,	L.P.G,YES,	SOUTH,YES,YES,YES
Rangs Gra President Palace 3B,2200,3,3,2,1,2,4,10,180000,9000,2021,"Road: 10, Block: H, BaNAni,Dhaka",NA,NA,	Furnished Apartment,	Furnished,Residential,16,	L.P.G,YES,NORTH,YES,YES,YES
Pahela Boishakh 8B,2400,3,3,3,1,2,7,11,210000,16000,2022,"	Road: 23, Block: B, BaNAni,Dhaka",NA,NA,	Furnished Apartment ,Furnished,Residential,16,        L.P.G,YES,	EAST,YES,YES,YES
Sheltech Carcade,2550,3,3,2,1,1,1,6,160000,9000,2008,"Road: 23, Block: B, BaNAni,Dhaka",NA,NA,	Furnished Apartment,	Furnished,Residential,16,	GOVT,YES,	EAST,YES,YES,YES
Urban DrEASTm,2300,3,3,3,1,2,5,11,170000,12000,2022,"	Road: 14, Block: B, BaNAni,Dhaka",NA,NA,Furnished Apartment,	Furnished,Residential,24,	L.P.G,YES,WEST,YES,YES,YES
Bay Bellevue 6A,3500,3,3,3,1,1,7,10,200000,20000,2023,"	Road: 23, BaNAni,Dhaka"," Swimming Pool, GYM",NA,	Luxury Apartment,	Un-Furnished,Residential,24,	L.P.G,YES,	SOUTH,YES,YES,YES
Bay Bellevue,3000,3,4,3,1,1,4,9,200000,20000,2022,"	Road: 27, Block: G, BaNAni,Dhaka","24 hours security service,  Swimming Pool, GYM",NA,Luxury Apartment,	Un-Furnished,Residential,24,        L.P.G,YES,NORTH,YES,YES,YES
Rangs Miraa,3800,4,4,3,1,2,5,13,300000,20000,2023,"	Road: 23, Block: B, BaNAni,Dhaka",NA,NA,	Luxury Apartment,	Un-Furnished,Residential,24,        L.P.G,YES,	EAST,YES,YES,YES
Surja Doy 3A,2800,3,3,3,1,1,2,8,230000,15000,2023,"	Road: 13, Block: D, BaNAni,Dhaka"," Swimming Pool, GYM",NA,Luxury Apartment,	Un-Furnished,Residential,16,        L.P.G,YES,	NORTH,YES,YES ,YES
NAvaNA Sambilan 6A,2300,3,3,3,1,2,7,11,250000,15000,2023,"	Road: 23, Block: B, BaNAni,Dhaka",Swimming Pool,NA,	Luxury Apartment,	Furnished,Residential,16,L.P.G,YES,	SOUTH,YES,YES,YES
Asset Blue Ridge,4000,4,4,4,1,2,9,12,200000,25000,2023,"	Road: 25, BaNAni,Dhaka",Swimming Pool,NA,	Luxury Apartment,	Un-Furnished,Residential,24,	L.P.G,YES,	EAST,YES,YES,YES
Shanta Celeial 11A,2000,2,2,3,1,2,10,12,150000,20000,2025,"Road:16, BaNAni,Dhaka",NA,NA,	Residential Apartment,	Un-Furnished,Residential,24,	L.P.G,YES,	EAST,YES,YES,YES
Shanchari Irving Properties,2250,2,3,1,1,1,3,6,140000,14000,2007,"Road:20, BaNAni,Dhaka",NA,NA,        Residential Apartment,	Un-Furnished,Residential,24,	GOVT,YES,	EAST,YES,YES,YES
e NirvaNA Residence,2800,3,3,1,1,2,7,11,200000,15000,2023,"	Road:18, BaNAni,Dhaka",Swimming Pool,NA,        Residential Apartment,Un-Furnished,Residential,24,	L.P.G,YES,	WEST,YES,YES,YES
Basic Nigar Palace 7B,2400,3,3,3,1,2,8,11,140000,10000,2022,"	Road:10, BaNAni,Dhaka",24 hours security service,NA,Residential Apartment,	Un-Furnished,Residential,24,	L.P.G,YES,	NORTH,YES,YES,YES
Aakash Onupom,2485,4,4,3,1,1,8,10,140000,0,2025,"Road:15, BaNAni,Dhaka",24 hours security service,NA,Residential Apartment,	Un-Furnished,Residential,24,	L.P.G,YES,	NORTH,YES,YES,YES
e NAvaNA Residence,3000,3,3,2,1,1,3,11,160000,15000,2022,"	Road:13, BaNAni,Dhaka"," Swimming Pool, GYM",NA,Residential Apartment,	Un-Furnished,Residential,24,	L.P.G,YES,	NORTH,YES,YES,YES
ARC SigNAture,2150,3,3,3,1,2,3,10,130000,0,2025,"	Road:13, BaNAni,Dhaka",NA,NA,        Residential Apartment,	Un-Furnished,Residential,24,	L.P.G,YES,EAST,YES,YES,YES
SigNAture 11 (Bra New),4200,5,6,3,1,2,6,11,230000,0,2025,"	Road: 12, BaNAni,Dhaka",NA,NA,        Residential Apartment,	Un-Furnished,Residential,24,	L.P.G,YES,        EAST,YES,YES,YES
Sheltech Rebecca,1824,3,3,2,1,2,8,10,130000,0,2025,"	Road: 5, BaNAni,Dhaka",NA,NA,        Residential Apartment,	Un-Furnished,Residential,24,L.P.G,YES,	NORTH,YES,YES,YES
NAfisa Cressida,1970,3,3,3,1,1,6,8,90000,8000,2024,"	Road: 02, BaNAni,Dhaka",NA,NA,        Residential Apartment,	Un-Furnished,Residential,24,	L.P.G,YES,        EAST,YES,YES,YES
Rangs Merisa,2700,3,3,1,1,1,6,9,160000,20000,2024,"	Road: 18, BaNAni,Dhaka","Swimming Pool,24 hours security service",NA,        Residential Apartment,	Un-Furnished,Residential,24,L.P.G,YES,        EAST,YES,YES,YES
Anwar Lamark Whiling Woods,2616,3,3,2,1,2,6,10,175000,0,2024,"Road: 18, BaNAni,Dhaka","Swimming Pool, GYM",NA,	Residential Apartment,Semi Furnished,Residential,24,L.P.G,YES,        SOUTH,YES,YES,YES
Asset Der Rahman,1700,3,3,3,1,1,5,10,140000,15000,2023,"	Road: 9, BaNAni,Dhaka","Swimming Pool,24 hours security service",NA,        Residential Apartment,Un-Furnished,Residential,24,	L.P.G,YES,        SOUTH,YES,YES,YES
Silva House,1800,3,3,2,1,2,2,10,90000,8000,2010,"	Road: 2, BaNAni,Dhaka",NA,NA,        Residential Apartment,	Un-Furnished,Residential,24,	GOVT,YES,SOUTH,YES,YES,YES
Bti Silver Creek,2750,4,4,3,1,1,9,11,135000,0,2024,"Road: 11, BaNAni,Dhaka",24 hours security service,NA,Residential Apartment,	Un-Furnished,Residential,24,        L.P.G,YES,EAST,YES,YES,YES
BTI WEST E 7A,2000,3,3,3,1,1,6,10,120000,12000,2024,"Road: 12, BaNAni,Dhaka",NA,NA,Residential Apartment,un-Furnished,Residential,24,        L.P.G,YES,	EAST,YES,YES,YES
Sheltech Nurjahan,2009,3,3,3,1,2,3,9,110000,10000,2024,"	Road: 6, BaNAni,Dhaka",NA,NA,Residential Apartment,un-Furnished,Residential,24,        L.P.G,YES,	NORTH,YES,YES,YES
Bti Plam Grove 5A,2450,3,3,3,1,2,4,6,140000,15000,2023,"Road: 6, BaNAni,Dhaka",NA,NA,Residential Apartment,un-Furnished,Residential,24,        L.P.G,YES,	WEST,YES,YES,YES
Sel Khair Palace,2000,3,3,3,1,1,5,9,80000,8000,2015,"	Road: 06, BaNAni,Dhaka",NA,NA,Residential Apartment,un-Furnished,Residential,16,        L.P.G,YES,EAST,YES,YES,YES
Asset Blueridge 13A,4200,4,4,4,1,2,12,14,180000,20000,2023,"Road: 24, BaNAni,Dhaka",24 hours security service,NA,Residential Apartment,un-Furnished,Residential,24,        L.P.G,YES,	EAST,YES,YES,YES
Momen's Shah,1910,3,3,2,1,2,"4,6,7",11,100000,14000,2024,"Road: 11, BaNAni,Dhaka",NA,NA,Residential Apartment,un-Furnished,Residential,24,        L.P.G,YES,	NORTH,YES,YES,YES
BTI WEST E,2200,3,3,2,1,1,7,10,140000,10000,2024,"	Road: 12, BaNAni,Dhaka",NA,NA,Residential Apartment,un-Furnished,Residential,24,	L.P.G,YES,	EAST,YES,YES,YES
Basic Feous,3200,4,5,3,1,2,8,10,150000,12000,2015,"	Road: 23, BaNAni,Dhaka",24 hours security service,NA,Residential Apartment,un-Furnished,Residential,16,	L.P.G,YES,	WEST,YES,YES,YES
Asset Blueridge,3455,4,4,3,1,2,10,13,160000,20000,2023,"	Road: 23, BaNAni,Dhaka",24 hours security service,NA,Residential Apartment,un-Furnished,Residential,24,	L.P.G,YES,	WEST,YES,YES,YES
NHL Karim Valencia,2260,3,3,3,1,1,6,9,110000,11000,2014,"Road: 23, Block: A, BaNAni,Dhaka",NA,NA,Residential Apartment,un-Furnished,Residential,24,	L.P.G,YES,	EAST,YES,YES,YES
ARE,2200,3,4,3,1,1,7,10,80000,9000,2015,"Road: 13, Block: A, BaNAni,Dhaka",NA,NA,Residential Apartment,un-Furnished,Residential,24,	L.P.G,YES,	SOUTH,YES,YES,YES
Bti Bellagio,2300,3,3,3,1,1,6,9,100000,15000,2013,"Road: 14, Block: B, BaNAni,Dhaka",NA,NA,Residential Apartment,	Semi Furnished,Residential,16,L.P.G,YES,	EAST,YES,YES,YES
Asset Archone,2300,3,4,3,1,1,2,6,90000,10000,2006,"	Road: 15, Block: A, BaNAni,Dhaka",NA,NA,Residential Apartment,Semi Furnished,Residential,16,	GOVT,YES,	WEST,YES,YES,YES
Assurance Red Wood,2300,3,3,3,1,2,4,13,80000,11000,2012,"	Road: 27, Block: A, BaNAni,Dhaka",NA,NA,Residential Apartment,Un-Furnished,Residential,24,	L.P.G,YES,	WEST,YES,YES,YES
Simpletree NAzma A1,2500,3,4,3,1,1,3,11,120000,15000,2023,"	Road: 19, Block: G, BaNAni,Dhaka",24 hours security service,NA,Residential Apartment,Un-Furnished,Residential,16,	L.P.G,YES,EAST,YES,YES,YES
Simpletree NAzma,2500,3,3,2,1,1,7,9,130000,15000,2023,"	Road: 19, Block: E, BaNAni,Dhaka",NA,NA,Residential Apartment,Un-Furnished,Residential,16,	L.P.G,YES,	EAST,YES,YES,YES
Shanta CoNApus,3200,3,3,2,2,2,7,11,150000,20000,2022,"	Road: 17, Block: A, BaNAni,Dhaka",GYM,NA,Residential Apartment,Semi Furnished,Residential,24,	L.P.G,YES,	EAST,YES,YES,YES
SigNAture Pahela Boishakh A3,2450,3,4,3,2,2,2,11,170000,20000,2022,"Road: 18, Block: B, BaNAni,Dhaka", GYM,NA,Residential Apartment,Un-Furnished,Residential,16,	L.P.G,YES,	NORTH,YES,YES,YES
Conco Reflection,2650,3,3,3,1,2,11,13,130000,15000,2018,"	Road: 25, Block: A, BaNAni,Dhaka", GYM,NA,Residential Apartment,Un-Furnished,Residential,24,	L.P.G,YES,NORTH,YES,YES,YES
Wahab Fatima FortuNA,2200,3,3,2,1,2,6,8,80000,10000,2019,"Road: 04, Block: C, BaNAni,Dhaka",NA,NA,Residential Apartment,Un-Furnished,Residential,16,	L.P.G,YES,	EAST,YES,YES,YES
Mutual Rawshan Heights 3B,2200,3,3,2,1,2,4,9,90000,8500,2022,"	Road: 06, Block: D, BaNAni,Dhaka",NA,NA,Residential Apartment,Un-Furnished,Residential,16,	L.P.G,YES,	NORTH,YES,YES,YES
Asset MaNORTH Manihar,2550,4,4,3,2,1,5,6,100000,18000,2010,"Road: 4, Block: C, BaNAni,Dhaka",24 hours security service,NA,Residential Apartment,Un-Furnished,Residential,16,	GOVT,YES,	NORTH,YES,YES,YES
Conco Rafat Kamar,1900,3,3,3,1,2,8,10,90000,12000,2022,"	Road: 06, Block: A, BaNAni,Dhaka",NA,NA,Residential Apartment,Un-Furnished,Residential,24,	L.P.G,YES,WEST,YES,YES,YES
Shanchari,2200,3,3,2,1,1,2,6,100000,9000,2009,"Road: 18, Block: D, BaNAni,Dhaka",NA,NA,Residential Apartment,Semi Furnished,Residential,16,	GOVT,YES,	SOUTH,YES,YES,YES
QHAILIZ VILLA,2700,3,3,3,1,1,5,7,85000,10000,2015,"	Road: 13, Block: D, BaNAni,Dhaka",NA,NA,Residential Apartment,Un-Furnished,Residential,16,	L.P.G,YES,	WEST,YES,YES,YES
Assurance Meherunnesa Villa,2050,3,3,3,1,2,5,10,140000,12000,2023,"	Road: 15, Block: B, BaNAni,Dhaka",NA,NA,Residential Apartment,Un-Furnished,Residential,24,	L.P.G,YES,	EAST,YES,YES,YES
Sheltech Ayan,2905,Ope space,Open Space,Open Space,1,2,7,15,522900,"43,575",2022,"	Road: 11, BaNAni,Dhaka",NA,NA,Office Space,Un-Furnished,Commercial,50,NA,NA,NORTH,YES,NA,NA
Sheltech NORTHern ar,2595,Ope space,Open Space,Open Space,1,2,8,11,467100,"38,925",2022,"Road: 11, BaNAni,Dhaka",NA,NA,Office Space,Un-Furnished,Commercial,50,NA,NA,	NORTH,NA,NA,NA
Suvau JahaNORTHa Square,2188,Ope space,Open Space,Open Space,1,1,6,11,306320,"21,880",2017,"	Road: 11, BaNAni,Dhaka",NA,NA,Office Space,Un-Furnished,Commercial,50,NA,NA,NORTH,YES,NA,NA
Baro Bhuiyan,3200,Ope space,Open Space,Open Space,1,2,10,15,480000,"32,000",2012,"Road: Kemal Ataturk Avenue, BaNAni,Dhaka",NA,NA,Office Space,Un-Furnished,Commercial,50,	L.P.G,NA,NORTH,YES,NA,NA
Abidin ToWESTr,3800,Ope space,Open Space,Open Space,1,2,5,16,494000,"38,000",2015,"	Road: 17, Block: D, BaNAni,Dhaka","24 hours CC TV coverage,Automatic Fire alarm syem",YES,Office Space,Un-Furnished,Commercial,50,NA,NA,	NORTH,YES,NA,NA
RSR ToWESTr 13A,2950,	Open Space,	Open Space,	Open Space,1,2,12,14,354000,"29,500",2010,"	Road: 11, BaNAni,Dhaka","24 hours CC TV coverage,Automatic Fire alarm syem",YES,	Office Space,Un-Furnished,Commercial,50,NA,NA,NORTH,YES,NA,NA
Ventura Iconia,2200,	Open Space,	Open Space,	Open Space,1,2,7,11,264000,40000,2006,"	Road: 11, BaNAni,Dhaka","24 hours CC TV coverage,Automatic Fire alarm syem",YES,	Office Space,	Un-Furnished,Commercial,50,NA,NA,	NORTH,YES,NA,NA
Ahmed ToWESTr,1710,	Open Space,	Open Space,	Open Space,1,3,16,24,153900,0,2010,"Road: Kemal Ataturk Avenue, BaNAni,Dhaka","24 hours CC TV coverage,Automatic Fire alarm syem",YES,	Office Space,Un-Furnished,Commercial,50,NA,NA,	NORTH,YES,NA,NA
Skylark,2000,Ope space,Open Space,Open Space,1,2,8,11,220000,20000,2010,"	Road: 11, BaNAni,Dhaka","24 hours CC TV coverage,Automatic Fire alarm syem",YES,Office Space,Un-Furnished,Commercial,50,NA,NA,	NORTH,YES,NA,NA
Sheltech Ayaan 3A,1452,Ope space,Open Space,Open Space,1,2,2,15,261360,"21,780",2021,"	Road: 11, Block: C, BaNAni,Dhaka","24 hours CC TV coverage,Automatic Fire alarm syem",YES,Office Space,Un-Furnished,Commercial,50,NA,NA,	SOUTH,YES,NA,NA
Artisan,3285,Ope space,Open Space,Open Space,1,2,5,13,295650,"49,275",2017,"	Road: 11, Block: F, BaNAni,Dhaka","24 hours CC TV coverage,Automatic Fire alarm syem",YES,Office Space,Un-Furnished,Commercial,50,NA,YES,	NORTH,YES,NA,NA
"Delta Dahlia ToWESTr",5500,Ope space,Open Space,Open Space,0,2,2,16,1375000,"15,000",2000,"Road: Kemal Ataturk Avenue, BaNAni,Dhaka","24 hours CC TV coverage,Automatic Fire alarm syem",YES,Office Space,	Un-Furnished,Commercial,50,NA,NA,	NORTH,YES,NA,NA
Green Graer,4300,Ope space,Open Space,Open Space,2,2,9,14,516000,"51,600",2015,"Road: Kemal Ataturk Avenue, BaNAni,Dhaka","24 hours CC TV coverage,Automatic Fire alarm syem",YES,Office Space,Un-Furnished,Commercial,50,NA,NA,NORTH,YES,NA,NA
ToWESTr Hamlet,2200,Ope space,Open Space,Open Space,1,2,9,13,198000,"15,400",2008,"Road: Kemal Ataturk Avenue, BaNAni,Dhaka","24 hours CC TV coverage,Automatic Fire alarm syem",YES,Office Space,Un-Furnished,Commercial,50,NA,NA,	NORTH,YES,NA,NA
Shanta Sofura ToWESTr,2215,Ope space,Open Space,NA,1,2,3,17,287950,"22,150",2019,"Road: Kemal Ataturk Avenue, BaNAni,Dhaka","24 hours CC TV coverage,Automatic Fire alarm syem",YES,Office Space,Furnished,Commercial,50,NA,NA,	NORTH,YES,NA,NA
SOUTH Breeze Centre,2716,Ope space,Open Space,Open Space,1,2,2,9,624680,"25,000",2016,"	Road: 11, BaNAni,Dhaka","24 hours CC TV coverage,Automatic Fire alarm syem",YES,Office Space,Un-Furnished,Commercial,50,NA,NA,	NORTH,YES,NA,NA
Sheltech NORTHern ar 9A,2595,Ope space,Open Space,Open Space,1,2,8,11,441150,"38,925",2022,"	Road: 11, BaNAni,Dhaka","24 hours CC TV coverage,Automatic Fire alarm syem",YES,Office Space,Un-Furnished,Commercial,50,NA,NA,        SOUTH,YES,NA,NA
Prasad Trade Center,7400,Ope space,3,Open Space,2,4,8,16,1110000,"60,000",2012,"	Road: 11, BaNAni,Dhaka",NA,NA,Office Space,Furnished,Commercial,50,NA,NA,	SOUTH,YES,NA,NA
EHL Lokman Hossain ToWESTr,5059,Ope space,Ope space,Open Space,3,3,10,13,910620,"101,180",2013,"	Road: 11, BaNAni,Dhaka",NA,NA,Office Space,Un-Furnished,Commercial,50,NA,NA,        SOUTH,YES,NA,NA
ANZ Haque Eleven Square,2000,Ope space,Ope space,Open Space,1,2,10,15,260000,"30,000",2010,"	Road: 11, BaNAni,Dhaka",NA,NA,Office Space,Un-Furnished,Commercial,50,NA,NA,        SOUTH,YES,NA,NA
Point 11,2367,Ope space,Ope space,Open Space,1,2,12,15,260000,"23,670",2010,"	Road: 11, BaNAni,Dhaka",NA,NA,Office Space,Un-Furnished,Commercial,50,NA,NA,NORTH,YES,NA,NA
Sheltech Ayan,2905,Ope space,Ope space,Open Space,1,2,5,15,522900,"43,575",2022,"	Road: 11, BaNAni,Dhaka",NA,NA,Office Space,Un-Furnished,Commercial,50,NA,NA,	NORTH,YES,NA,NA
Nur Empori,6000,Ope space,Ope space,Open Space,3,2,7,13,725000,"60,000",2017,"	Road: 11, BaNAni,Dhaka",NA,NA,Office Space,Un-Furnished,Commercial,50,NA,NA,        SOUTH,YES,NA,NA
Sheltech NORTHern ar,2595,Ope space,Ope space,Open Space,1,2,8,11,467200,"38,925",2022,"	Road: 11, BaNAni,Dhaka",NA,NA,Office Space,Un-Furnished,Commercial,50,NA,NA,NORTH,YES,NA,NA
Suvau JahaNORTHa Square,2188,Ope space,Ope space,Open Space,1,1,6,11,306320,"21,880",2017,"	Road: 11, BaNAni,Dhaka",NA,NA,Office Space,Un-Furnished,Commercial,50,NA,NA,	NORTH,YES,NA,NA
Baro Bhuiyan,	3200 sqd,Ope space,Ope space,Open Space,1,2,10,15,490000,"32,000",2012,"	Road: Kemal Ataturk Avenue, BaNAni,Dhaka",NA,NA,Office Space,Un-Furnished,Commercial,50,	L.P.G,NA,	NORTH,YES,NA,NA
Autograph,9000,Ope space,Ope space,Open Space,2,5,18,20,1630000,"135,000",2017,"Road: Kemal Ataturk Avenue, BaNAni,Dhaka",NA,NA,Office Space,Un-Furnished,Commercial,50,NA,NA,        SOUTH,YES,NA,NA
Shanta Charalok,3000,3,3,3,1,2,8,10,180000,12000,2010,"Road: 23, Block: B, BaNAni,Dhaka",NA,NA,Furnished Apartment,Furnished,Residential,16,        L.P.G,YES,	EAST,YES,YES,YES
Urban Lily Cottage,2300,4,4,3,1,2,10,13,150000,10000,2010,"	Road: 23, Block: B, BaNAni,Dhaka",NA,NA,Furnished Apartment,Furnished,Residential,16,        L.P.G,YES,	SOUTH,YES,YES,YES
Taher Homes Nur Jahan,1800,3,3,2,1,2,8,11,200000,8000,2009,"Road: 13, Block: C, BaNAni,Dhaka",NA,NA,Furnished Apartment,Furnished,Residential,16,	GOVT,YES,	WEST,YES,YES,YES
BTI Rose Cottage,1750,3,3,3,1,1,3,11,140000,10600,2020,"	Road: 4, Block: A, BaNAni,Dhaka",NA,NA,Furnished Apartment,Furnished,Residential,24,        L.P.G,YES,	WEST,YES,YES,YES
Rangs Gra President Palace,2200,3,3,3,1,2,4,10,165000,9000,2012,"	Road: 12, Block: H, BaNAni,Dhaka",NA,NA,Furnished Apartment,Furnished,Residential,16,        L.P.G,YES,	WEST,YES,YES,YES
NAvaNA Sambilan,2300,3,3,3,1,2,5,7,235000,15000,2022,"	Road: 23, Block: A, BaNAni,Dhaka", Swimming Pool.,NA,Furnished Apartment,Furnished,Residential,24,        L.P.G,YES,	WEST,YES,YES,YES
Shanta Celeial,2635,3,3,2,1,2,"5, 10",12,175000,25000,2025,"	Road:16, BaNAni,Dhaka",NA,NA,Residential Apartment,Un-Furnished,Residential,24,        L.P.G,YES,	EAST,YES,YES,YES
Urban DrEASTm 9 Floor,2600,3,3,3,1,2,8,14,185000,12000,2022,"Road: 18, BaNAni,Dhaka",NA,NA,Residential Apartment,Un-Furnished,Residential,24,        L.P.G,YES,	SOUTH,YES,YES,YES
Urban BoNAnza 6B,2380,3,4,4,1,2,7,14,125000,10000,2015,"	Road: 13, Block: B, BaNAni,Dhaka",NA,NA,Residential Apartment,Un-Furnished,Residential,24,        L.P.G,YES,	EAST,YES,YES,YES
Urban BoNAnza 10A,2380,3,3,3,1,2,9,11,125000,10000,2012,"	Road: 13, Block: B, BaNAni,Dhaka",NA,NA,Residential Apartment,Un-Furnished,Residential,16,        L.P.G,YES,	WEST,YES,YES,YES
SigNAture Pahela Boishakh 4,2700,3,3,2,1,2,5,11,175000,15000,2022,"	Road: 18, Block: B, BaNAni,Dhaka", GYM,NA,Residential Apartment,Un-Furnished,Residential,24,        L.P.G,YES,WEST,YES,YES,YES
SigNAture Pahela Boishakh A4,2450,3,4,3,1,2,3,11,175000,20000,2022,"	Road: 18, Block: B, BaNAni,Dhaka",NA,NA,Residential Apartment,Semi Furnished,Residential,24,        L.P.G,YES,	NORTH,YES,YES,YES
NAvaNA Boryoman 2A,2450,3,3,3,1,1,1,11,100000,15000,2023,"	Road: 13, Block: C, BaNAni,Dhaka",NA,NA,Residential Apartment,Un-Furnished,Residential,24,        L.P.G,YES,SOUTH,YES,YES,YES
Simpletree,2500,3,4,3,1,1,7,11,100000,15000,2023,"	Road: 19, Block: E, BaNAni,Dhaka",NA,NA,Residential Apartment,Semi Furnished,Residential,24,	L.P.G,YES,	WEST,YES,YES,YES
Shanta Akashprodip 4A,2400,3,3,2,1,2,1,9,135000,12000,2010,"	Road: 24, Block: A, BaNAni,Dhaka",NA,NA,Residential Apartment,Un-Furnished,Residential,16,	L.P.G,YES,	EAST,YES,YES,YES
Bay Bailley Heights,3000,4,4,3,1,2,2,11,150000,12000,2023,"Road: 18, Block: H, BaNAni,Dhaka", 24 hours security service,NA,Residential Apartment,Un-Furnished,Residential,16,	L.P.G,YES,	SOUTH,YES,YES,YES
Mutual Rawshan Heights,2200,3,3,2,1,2,4,9,95000,8500,2022,"Road: 4, Block: D, BaNAni,Dhaka",NA,NA,Residential Apartment,Un-Furnished,Residential,16,	L.P.G,YES,	WEST,YES,YES,YES
Asset Kasrey Kabir,2200,3,3,2,2,1,1,6,120000,9000,2008,"	Road: 16, Block: C, BaNAni,Dhaka",NA,NA,Residential Apartment,Un-Furnished,Residential,16,	GOVT,YES,	SOUTH,YES,YES,YES
"Anwar Lamark Monsoon Blue 5A",2000,3,3,3,1,2,4,11,90000,10000,2023,"	Road: 13, Block: D, BaNAni,Dhaka","24 hours CC TV coverage,Automatic Fire alarm syem",YES,Residential Apartment,Un-Furnished,Residential,16,	L.P.G,YES,	NORTH,YES,YES,YES
NAvaNA Boryoman A3,2400,3,3,3,1,1,2,11,125000,10000,2023,"Road: 15, Block: D, BaNAni,Dhaka",NA,NA,Residential Apartment,Un-Furnished,Residential,16,	L.P.G,YES,	SOUTH,YES,YES,YES
Assurance Meherunnesa Villa A5,2050,3,3,3,1,2,6,10,120000,12000,2023,"	Road: 15, Block: B, BaNAni,Dhaka",NA,NA,Residential Apartment,Un-Furnished,Residential,16,	L.P.G,YES,	EAST,YES,YES,YES
BTI Golden Cascade B5,3150,4,4,4,2,2,1,9,115000,12000,2015,"Road: 6, Block: B, BaNAni,Dhaka", 24 hours security service,NA,Residential Apartment,Un-Furnished,Residential,16,	L.P.G,YES,	NORTH,YES,YES,YES
Basic Nigar Palace B2,2400,3,3,2,1,2,1,10,135000,10000,2023,"	Road: 12, Block: H, BaNAni,Dhaka",NA,NA,Residential Apartment,Un-Furnished,Residential,16,	L.P.G,YES,	SOUTH,YES,YES,YES
Shanta Akashprodip A4,2400,3,3,2,1,2,3,9,135000,12000,2010,"Road: 25, BaNAni,Dhaka",NA,NA,Residential Apartment,Un-Furnished,Residential,16,	L.P.G,YES,	NORTH,YES,YES,YES
NAvaNA Aziza Serenity,2000,3,3,3,1,2,5,11,110000,8000,2015,"	Road: 18, Block: B, BaNAni,Dhaka",NA,NA,Residential Apartment,Un-Furnished,Residential,16,	L.P.G,YES,	WEST,YES,YES,YES
Shanta DeboNAir B2,1800,3,3,3,1,2,1,12,130000,14000,2018,"	Road: 18, Block: B, BaNAni,Dhaka", GYM,NA,Residential Apartment,Un-Furnished,Residential,16,	L.P.G,YES,	NORTH,YES,YES,YES
BTI Golden Cascade,3150,4,4,4,2,2,2,9,165000,12000,2015,"	Road: 4, Block: A, BaNAni,Dhaka",NA,NA,Residential Apartment,Un-Furnished,Residential,24,	L.P.G,YES,	EAST,YES,YES,YES
Shanta Akashprodip,2400,3,3,3,1,2,3,9,155000,12000,2015,"	Road: 23, Block: A, BaNAni,Dhaka",NA,NA,Residential Apartment,Un-Furnished,Residential,16,	L.P.G,YES,	EAST,YES,YES,YES
"Basic Nigar Palace, 8A",2430,3,3,3,1,2,7,10,155000,12000,2023,"	Road: 12, Block: H, BaNAni,Dhaka",NA,NA,Residential Apartment,Un-Furnished,Residential,16,	L.P.G,YES,SOUTH,YES,YES,YES
Basic Nigar Palace,2400,3,3,3,1,2,4,10,145000,12000,2023,"	Road: 12, Block: H, BaNAni,Dhaka",NA,NA,Residential Apartment,Un-Furnished,Residential,24,	L.P.G,YES,	WEST,YES,YES,YES
NAvaNA Boryoman,2400,3,3,3,1,1,2,11,140000,12000,2023,"	Road: 15, Block: B, BaNAni,Dhaka",NA,NA,Residential Apartment,Un-Furnished,Residential,16,	L.P.G,YES,	EAST,YES,YES,YES
Urban DrEASTm 4A,2300,3,3,3,1,2,6,14,155000,13000,2022,"	Road: 14, Block: B, BaNAni,Dhaka",NA,NA,Residential Apartment,Un-Furnished,Residential,16,	L.P.G,YES,	WEST,YES,YES,YES
Anwar Lamark Monsoon Blue,2000,3,3,3,1,2,2,11,130000,10000,2023,"	Road: 13, Block: E, BaNAni,Dhaka",NA,NA,Residential Apartment,Un-Furnished,Residential,16,	L.P.G,YES,	EAST,YES,YES,YES
BTI Rose Cottage A5,1750,3,3,3,1,1,4,8,140000,12000,2023,"	Road: 6, Block: A, BaNAni,Dhaka",NA,NA,Residential Apartment,Un-Furnished,Residential,16,	L.P.G,YES,	WEST,YES,YES,YES
Shanta DeboNAir,1800,3,3,2,,2,1,12,150000,15000,2020,"Road: 18, Block: B, BaNAni,Dhaka", GYM,NA,Residential Apartment,Un-Furnished,Residential,16,	L.P.G,YES,	SOUTH,YES,YES,YES
Charubii 2B,2000,2,2,1,1,2,2,13,190000,0,2024,"Road: 115, Gulshan, Dhaka 1212",NA,NA,Furnished Apartment,full-Furnished,Residential,24,L.P.G,YES,WEST,YES,YES,YES
Rancon Icon ToWESTr,2200,3,3,2,1,2,3,14,220000,15000,2022,"Road: 130,Gulshan, Dhaka 1212","GYM,Swimming Pool",NA,Luxury Apartment,Un-Furnished,Residential,24,L.P.G,YES,WEST,YES,YES,YES
Charubii,1700,2,2,1,1,2,1,9,175000,20000,2023,"Road: 115,Gulshan, Dhaka 1212",NA,NA,Furnished Apartment,full-Furnished,Residential,50,L.P.G,YES,NORTH,YES,YES,YES
BTI e Savil,2150,3,3,2,1,1,6,9,190000,12000,2017,"Road: 34,Gulshan, Dhaka 1212",NA,NA,Furnished Apartment,Furnished,Residential,24,GOVT,YES,EAST,YES,YES,YES
Conco Badal Heights A4,4200,4,4,3,2,2,4,13,280000,30000,2015,"Road: 56,Gulshan, Dhaka 1212",NA,NA,Furnished Apartment,Furnished,Residential,24,GOVT,YES,WEST,YES,YES,YES
Sky Touch Amir's DrEASTm 12B,2600,4,4,3,1,2,12,14,220000,12000,2022,"Road: 106,Gulshan, Dhaka 1212","Bed, Bed side table, Cabinets, udy table , chair, Almira, Sofa, Smart TV , TV trolley, Dining table , chairs, Iron, Clo dryer hanger, Refrigerator, Microwave Oven, Washing machine, Shoe rack, Cookeries items.",NA,Furnished Apartment,Furnished,Residential,24,L.P.G,YES,NORTH,YES,YES,YES
Rizbi House,3700,3,3,2,2,1,5,6,320000,20000,2023,"Road: 53A, Gulshan, Dhaka 1212","Bed, Bed side table, Cabinets, udy table , chair, Almira, Sofa, Smart TV , TV trolley, Dining table , chairs, Iron, Clo dryer hanger, Refrigerator, Microwave Oven, Washing machine, Shoe rack, Cookeries items.",NA,Furnished Apartment,Furnished,Residential,25,L.P.G,YES,WEST,YES,YES,YES
Shanta Angan A1,3300,4,4,1,2,2,1,12,250000,20000,2013,"Road: 33, Gulshan,Dhaka,1212","Bed, udy table , chair, Smart TV , TV trolley, Clo dryer hanger, Washing machine, Bed side table, Almira, Dining table , chairs, Refrigerator, Shoe rack, Cabinets, Sofa, Iron, Microwave Oven, Cookeries items.",NA,Furnished Apartment,Furnished,Residential,24,GOVT,YES,EAST,YES,YES,YES
Park Avilya,2200,3,3,2,1,1,6,6,100000,100000,2005,"Road: 87, Gulshan, Dhaka 1212","Bed, udy table , chair, Smart TV , TV trolley, Clo dryer hanger, Washing machine, Bed side table, Almira, Dining table , chairs, Refrigerator, Shoe rack, Cabinets, Sofa, Iron, Microwave Oven, Cookeries items.",NA,Furnished Apartment,Furnished,Residential,24,GOVT,YES,WEST,YES,YES,YES
InNORTH Zen 7B,3300,4,4,3,2,2,7,7,250000,0,2025,"Road: 117, Gulshan, Dhaka 1212","Bed, udy table , chair, Smart TV , TV trolley, Clo dryer hanger, Washing machine, Bed side table, Almira, Dining table , chairs, Refrigerator, Shoe rack, Cabinets, Sofa, Iron, Microwave Oven, Cookeries items.",NA,Furnished Apartment,Semi Furnished,Residential,24,L.P.G,YES,WEST,YES,YES,YES
Delviaa Erjaan,2250,3,3,1,1,2,4,9,200000,15000,2015,"Road: 97, Gulshan,Dhaka 1212","Bed, udy table , chair, Smart TV , TV trolley, Clo dryer hanger, Washing machine, Bed side table, Almira, Dining table , chairs, Refrigerator, Shoe rack, Cabinets, Sofa, Iron, Microwave Oven, Cookeries items.",NA,Furnished Apartment,Furnished,Residential,24,GOVT,YES,NORTH,YES,YES,YES
Bay Selee 5A,4000,4,5,2,2,2,5,11,300000,0,2024,"Road: 40, Gulshan,Dhaka 1212","Bed, udy table , chair, Smart TV , TV trolley, Clo dryer hanger, Washing machine, Bed side table, Almira, Dining table , chairs, Refrigerator, Shoe rack, Cabinets, Sofa, Iron, Microwave Oven, Cookeries items.",NA,Furnished Apartment,Furnished,Residential,24,L.P.G,YES,NORTH,YES,YES,YES
NAvaNA Miru Arimidale 6A,2000,3,3,2,1,2,6,11,140000,11000,2012,"Road: 94, Gulshan,Dhaka 1212","Bed, Bed side table, Cabinets, udy table , chair, Almira, Sofa, Smart TV , TV trolley, Dining table , chairs, Iron, Clo dryer hanger, Refrigerator, Microwave Oven, Washing machine, Shoe rack, Cookeries items.",NA,Furnished Apartment,Furnished,Residential,24,GOVT,YES,WEST,YES,YES,YES
Edison Anika Heights 12A,4500,4,5,3,2,2,12,13,400000,0,2024,"Road: NORTH Gulshan Avenue,Dhaka 1212","Bed, Bedside Table, Cabinets, udy Table , Chair, Almira, Sofa, Smart TV , TV Trolley, Dining Table , Chairs, Iron, Clo Dryer Hanger, Refrigerator, Microwave Oven, Washing Machine, Shoe Rack, Cookery Items.",NA,Furnished Apartment,full-Furnished,Residential,24,L.P.G,YES,EAST,YES,YES,YES
Shanta Sanctum 5A (Furnished),4000,3,4,3,2,2,5,13,400000,30000,2024,"Road: 83, Gulshan,Dhaka 1212","GYM, Swimming Pool, Bed, Bedside Table, Cabinets, udy Table , Chair, Almira, Sofa, Smart TV , TV Trolley, Dining Table , Chairs, Iron, Clo Dryer Hanger, Refrigerator, Microwave Oven, Washing Machine, Shoe Rack, Cookery Items.",NA,Furnished Apartment / Luxury Apartment,Furnished,Residential,24,L.P.G,YES,EAST,YES,YES,YES
NAvaNA Bra New Apartment A1,2240,3,3,2,1,1,1,11,170000,0,2024,"Road: 67, Gulshan,Dhaka 1212","Bed, Bedside Table, Cabinets, udy Table , Chair, Almira, Sofa, Smart TV , TV Trolley, Dining Table , Chairs, Iron, Clo Dryer Hanger, Refrigerator, Microwave Oven, Washing Machine, Shoe Rack, Cookery Items.",NA,Furnished Apartment,Furnished,Residential,24,L.P.G,YES,SOUTH,YES,YES,YES
Urban Shishir KoNA B2,2750,4,5,3,1,2,2,14,200000,15000,2025,"Road: 113, Gulshan,Dhaka 1212","Bed, Bedside Table, Cabinets, udy Table , Chair, Almira, Sofa, Smart TV , TV Trolley, Dining Table , Chairs, Iron, Clo Dryer Hanger, Refrigerator, Microwave Oven, Washing Machine, Shoe Rack, Cookery Items.",NA,Furnished Apartment,Furnished,Residential,24,L.P.G,YES,EAST,YES,YES,YES
Bra New Luxury Apartment,4000,3,4,3,2,2,6,11,350000,0,2024,"Road: 36, Gulshan,Dhaka 1212","3 Beds, 4 Bas, Kitchen Hood, Cabinets, Parking, Li, GYM, Swimming Pool, AC",NA,Furnished Apartment / Luxury Apartment,full-Furnished,Residential,24,L.P.G,YES,SOUTH,YES,YES,YES
Memento Conco,3000,4,4,2,1,1,2,6,260000,15000,2006,"Road: 75, Gulshan,Dhaka 1212","Bed, Bedside Table, Cabinets, udy Table , Chair, Almira, Sofa, Smart TV , TV Trolley, Dining Table , Chairs, Iron, Clo Dryer Hanger, Refrigerator, Microwave Oven, Washing Machine, Shoe Rack, Cookery Items.",NA,Furnished Apartment,Furnished,Residential,24,GOVT,YES,EAST,YES,YES,YES
WEST Wings,2500,3,4,3,1,1,5,6,150000,8500,2005,"Road: 61, Gulshan,Dhaka 1212","Bed, Bedside Table, Cabinets, udy Table , Chair, Almira, Sofa, Smart TV , TV Trolley, Dining Table , Chairs, Iron, Clo Dryer Hanger, Refrigerator, Microwave Oven, Washing Machine, Shoe Rack, Cookery Items.",NA,Furnished Apartment,Furnished,Residential,16,GOVT,YES,EAST,YES,YES,YES
Gaenia,3300,3,4,1,2,1,3,6,270000,15000,2007,"Road: 71, Gulshan,Dhaka 1212","Bed, Bedside Table, Cabinets, udy Table , Chair, Almira, Sofa, Smart TV , TV Trolley, Dining Table , Chairs, Iron, Clo Dryer Hanger, Refrigerator, Microwave Oven, Washing Machine, Shoe Rack, Cookery Items.",NA,Furnished Apartment,Furnished,Residential,24,GOVT,YES,NORTH,YES,YES,YES
MajEAST,5009,4,5,4,2,2,6,11,470000,30000,2022,"Road: 79, Gulshan,Dhaka 1212","GYM, Swimming Pool, Bed, Bedside Table, Cabinets, udy Table , Chair, Almira, Sofa, Smart TV , TV Trolley, Dining Table , Chairs, Iron, Clo Dryer Hanger, Refrigerator, Microwave Oven, Washing Machine, Shoe Rack, Cookery Items.",NA,Furnished Apartment / Luxury Apartment,Furnished,Residential,24,L.P.G,YES,WEST,YES,YES,YES
NAvaNA Shangshaptak A1 (udio Apartment),1450,1,2,NA,1,2,1,11,130000,0,2024,"Road: 67, Gulshan,Dhaka 1212","Swimming Pool, 1 Bed, 2 Bas, Cabinets, AC, Kitchen Hood, 24 Hours Security Service.",NA,Furnished Apartment,Furnished,Residential,24,L.P.G,NA,SOUTH,YES,YES,YES
Assurance Mallicks,2200,3,3,2,1,2,1,11,150000,10000,2022,"Road: 137, Gulshan,Dhaka 1212","Bed, Bedside Table, Cabinets, udy Table , Chair, Almira, Sofa, Smart TV , TV Trolley, Dining Table , Chairs, Iron, Clo Dryer Hanger, Refrigerator, Microwave Oven, Washing Machine, Shoe Rack, Cookery Items.",NA,Furnished Apartment,Furnished,Residential,24,L.P.G,YES,NORTH,YES,YES,YES
Urban Shishir KoNA,2785,4,4,3,2,2,7,8,200000,15000,2024,"Road: 113, Gulshan,Dhaka 1212","Bed, Bedside Table, Cabinets, udy Table , Chair, Almira, Sofa, Smart TV , TV Trolley, Dining Table , Chairs, Iron, Clo Dryer Hanger, Refrigerator, Microwave Oven, Washing Machine, Shoe Rack, Cookery Items.",NA,Furnished Apartment,Furnished,Residential,24,L.P.G,YES,EAST,YES,YES,YES
Genetic NORTHern RetrEASTt,2750,3,4,3,1,1,9,15,350000,25000,2024,"Road: 71, Gulshan,Dhaka 1212","Bed, Bedside Table, Cabinets, udy Table , Chair, Almira, Sofa, Smart TV , TV Trolley, Dining Table , Chairs, Iron, Clo Dryer Hanger, Refrigerator, Microwave Oven, Washing Machine, Shoe Rack, Cookery Items.",NA,Furnished Apartment,Furnished,Residential,24,L.P.G,YES,EAST,YES,YES,YES
Salima Gaen,2600,4,4,3,1,1,5,6,170000,15000,2007,"Road: 67, Gulshan,Dhaka 1212","Bed, Bedside Table, Cabinets, udy Table , Chair, Almira, Sofa, Smart TV , TV Trolley, Dining Table , Chairs, Iron, Clo Dryer Hanger, Refrigerator, Microwave Oven, Washing Machine, Shoe Rack, Cookery Items.",NA,Furnished Apartment,Furnished,Residential,24,GOVT,YES,SOUTH,YES,YES,YES
Mahelaka,1250,1,1,NA,NA,2,9,11,120000,10000,2019,"Road: 37, Gulshan,Dhaka 1212","GYM, Swimming Pool, Bed, Bedside Table, Cabinets, udy Table , Chair, Almira, Sofa, Smart TV , TV Trolley, Dining Table , Chairs, Iron, Clo Dryer Hanger, Refrigerator, Microwave Oven, Washing Machine, Shoe Rack, Cookery Items.",NA,Furnished Apartment,Furnished,Residential,24,L.P.G,NA,EAST,YES,YES,YES
NAvaNA Caderwood 3A,5000,4,5,3,3,2,3,11,450000,30000,2024,"Road: 76, Gulshan,Dhaka 1212","GYM, Swimming Pool, Bed, Bedside Table, Cabinets, udy Table , Chair, Almira, Sofa, Smart TV , TV Trolley, Dining Table , Chairs, Iron, Clo Dryer Hanger, Refrigerator, Microwave Oven, Washing Machine, Shoe Rack, Cookery Items.",NA,Furnished Apartment,Furnished,Residential,24,L.P.G,YES,NORTH,YES,YES,YES
Rangs Diorama 8A,4000,4,5,3,2,2,8,9,320000,30000,2024,"Road: 30, Gulshan,Dhaka 1212","GYM, Bed, Bedside Table, Cabinets, udy Table , Chair, Almira, Sofa, Smart TV , TV Trolley, Dining Table , Chairs, Iron, Clo Dryer Hanger, Refrigerator, Microwave Oven, Washing Machine, Shoe Rack, Cookery Items.",NA,Furnished Apartment,Furnished,Residential,24,L.P.G,YES,SOUTH,YES,YES,YES
NAvaNA Bilkis,2500,3,4,3,1,1,"2 , 5",6,130000,10000,2010,"Road: 35, Gulshan,Dhaka 1212","Bed, Bedside Table, Cabinets, udy Table , Chair, Almira, Sofa, Smart TV , TV Trolley, Dining Table , Chairs, Iron, Clo Dryer Hanger, Refrigerator, Microwave Oven, Washing Machine, Shoe Rack, Cookery Items.",NA,Furnished Apartment,Furnished,Residential,"""24 """,GOVT,YES,EAST,YES,YES,YES
Green Basilica,2600,4,2,2,1,1,5,6,110000,12000,2008,"Road: 122, Gulshan,Dhaka 1212","Bed, Bedside Table, Cabinets, udy Table , Chair, Almira, Sofa, Smart TV , TV Trolley, Dining Table , Chairs, Iron, Clo Dryer Hanger, Refrigerator, Microwave Oven, Washing Machine, Shoe Rack, Cookery Items.",NA,Furnished Apartment,Furnished,Residential,"""24 """,GOVT,YES,EAST,YES,YES,YES
Tranquility,2500,3,3,2,1,1,5,6,100000,8000,2006,"Road: 01, Gulshan,Dhaka 1212","Bed, Bedside Table, Cabinets, udy Table , Chair, Almira, Sofa, Smart TV , TV Trolley, Dining Table , Chairs, Iron, Clo Dryer Hanger, Refrigerator, Microwave Oven, Washing Machine, Shoe Rack, Cookery Items.",NA,Furnished Apartment,Furnished,Residential,"""24 """,GOVT,YES,EAST,YES,YES,YES
EASTern MahaNAa,1900,3,3,2,1,1,4,6,120000,8000,2009,"Road: 41, Gulshan,Dhaka 1212","Bed, Bedside Table, Cabinets, udy Table , Chair, Almira, Sofa, Smart TV , TV Trolley, Dining Table , Chairs, Iron, Clo Dryer Hanger, Refrigerator, Microwave Oven, Washing Machine, Shoe Rack, Cookery Items.",NA,Furnished Apartment,Furnished,Residential,"""24 """,GOVT,YES,EAST,YES,YES,YES
Sham's Tropical Paradise 3A,3850,4,5,3,2,2,3,8,330000,25000,2023,"Road: 57, Gulshan,Dhaka 1212","GYM, Bed, Bedside Table, Cabinets, udy Table , Chair, Almira, Sofa, Smart TV , TV Trolley, Dining Table , Chairs, Iron, Clo Dryer Hanger, Refrigerator, Microwave Oven, Washing Machine, Shoe Rack, Cookery Items.",NA,Furnished Apartment,Furnished,Residential,"""24 """,L.P.G,YES,SOUTH,YES,YES,YES
Sham's Tropical Paradise 7A,3800,4,4,4,2,2,8,8,350000,25000,2023,"Road: 56, Gulshan,Dhaka 1212","Swimming Pool, Bed, Bedside Table, Cabinets, udy Table , Chair, Almira, Sofa, Smart TV , TV Trolley, Dining Table , Chairs, Iron, Clo Dryer Hanger, Refrigerator, Microwave Oven, Washing Machine, Shoe Rack.",NA,Furnished Apartment,Furnished,Residential,"""24 """,L.P.G,YES,SOUTH,YES,YES,YES
NAvaNA Daisy Florensa 7A,2700,3,4,3,1,2,7,9,160000,15000,2010,"Road: 30, Gulshan,Dhaka 1212","Bed, Bedside Table, Cabinets, udy Table , Chair, Almira, Sofa, Smart TV , TV Trolley, Dining Table , Chairs, Iron, Clo Dryer Hanger, Refrigerator, Microwave Oven, Washing Machine, Shoe Rack, Cookery Items.",NA,Furnished Apartment,Furnished,Residential,"""24 """,L.P.G,YES,EAST,YES,YES,YES
Sel Momo 9A,3000,4,4,3,2,2,9,10,240000,20000,2024,"Road: 107, Gulshan,Dhaka 1212","Bed, Bedside Table, Cabinets, udy Table , Chair, Almira, Sofa, Smart TV , TV Trolley, Dining Table , Chairs, Iron, Clo Dryer Hanger, Refrigerator, Microwave Oven, Washing Machine, Shoe Rack, Cookery Items.",NA,Furnished Apartment,Furnished,Residential,"""24 """,L.P.G,YES,SOUTH,YES,YES,YES
JahaNORTHa DyNAy 10A,3700,4,4,3,2,2,10,14,350000,15000,2022,"Road: 103, Gulshan,Dhaka 1212","GYM, Bed, Bedside Table, Cabinets, udy Table , Chair, Almira, Sofa, Smart TV , TV Trolley, Dining Table , Chairs, Iron, Clo Dryer Hanger, Refrigerator, Microwave Oven, Washing Machine, Shoe Rack, Cookery Items.",NA,Furnished Apartment,Furnished,Residential,"""30 """,L.P.G,YES,SOUTH,YES,YES,YES
Rangs Water Front,4100,4,5,4,2,2,11,14,280000,10000,2013,"Road: 17, Gulshan,Dhaka 1212","GYM, Swimming Pool, Bed, Bedside Table, Cabinets, udy Table , Chair, Almira, Sofa, Smart TV , TV Trolley, Dining Table , Chairs, Iron, Clo Dryer Hanger, Refrigerator, Microwave Oven, Washing Machine, Shoe Rack, Cookery Items.",NA,Furnished Apartment,Furnished,Residential,"""24 """,L.P.G,YES,EAST,YES,YES,YES
Inn ar Metropolis 2B,3000,3,4,3,2,3,2,18,300000,25000,2024,"Road: 97, Gulshan,Dhaka 1212","Swimming Pool, Bed, Bedside Table, Cabinets, udy Table , Chair, Almira, Sofa, Smart TV , TV Trolley, Dining Table , Chairs, Iron, Clo Dryer Hanger, Refrigerator, Microwave Oven, Washing Machine, Shoe Rack, Cookery Items.",NA,Furnished Apartment / Luxury Apartment,Furnished,Residential,"""24 """,L.P.G,YES,NORTH,YES,YES,YES
Rangs Mir Palace,2000,3,3,2,1,2,3,9,110000,8000,2010,"Road: 62, Gulshan,Dhaka 1212","Bed, Bedside Table, Cabinets, udy Table , Chair, Almira, Sofa, Smart TV , TV Trolley, Dining Table , Chairs, Iron, Clo Dryer Hanger, Refrigerator, Microwave Oven, Washing Machine, Shoe Rack, Cookery Items.",NA,Furnished Apartment,Furnished,Residential,"""24 """,GOVT,YES,NORTH,YES,YES,YES
Rahmania Amicus,1500,3,3,2,1,1,1,6,100000,8000,2008,"Road: 137, Gulshan,Dhaka 1212","Bed, Bedside Table, Cabinets, udy Table , Chair, Almira, Sofa, Smart TV , TV Trolley, Dining Table , Chairs, Iron, Clo Dryer Hanger, Refrigerator, Microwave Oven, Washing Machine, Shoe Rack, Cookery Items.",NA,Furnished Apartment,Furnished,Residential,"""24 """,GOVT,YES,SOUTH,YES,YES,YES
Ismail House,3000,4,4,3,1,1,1,6,130000,10000,2008,"Road: 103, Gulshan,Dhaka 1212","Bed, Bedside Table, Cabinets, udy Table , Chair, Almira, Sofa, Smart TV , TV Trolley, Dining Table , Chairs, Iron, Clo Dryer Hanger, Refrigerator, Microwave Oven, Washing Machine, Shoe Rack, Cookery Items.",NA,Furnished Apartment,Furnished,Residential,16,GOVT,YES,SOUTH,YES,YES,YES
Lake House Empori,2600,2,3,3,1,2,3,12,250000,15000,2018,"Road: 63, Gulshan,Dhaka 1212","Bed, Bedside Table, Cabinets, udy Table , Chair, Almira, Sofa, Smart TV , TV Trolley, Dining Table , Chairs, Iron, Clo Dryer Hanger, Refrigerator, Microwave Oven, Washing Machine, Shoe Rack, Cookery Items.",NA,Furnished Apartment,Furnished,Residential,"""24 """,L.P.G,YES,EAST,YES,YES,YES
Shanta Angan,3500,3,4,2,2,2,9,13,260000,20000,2014,"Road: 34, Gulshan,Dhaka 1212","Bed, Bedside Table, Cabinets, udy Table , Chair, Almira, Sofa, Smart TV , TV Trolley, Dining Table , Chairs, Iron, Clo Dryer Hanger, Refrigerator, Microwave Oven, Washing Machine, Shoe Rack, Cookery Items.",NA,Furnished Apartment,Furnished,Residential,"""24 """,L.P.G,YES,EAST,YES,YES,YES
Four SEASTsons,2300,3,4,3,1,1,5,6,100000,10000,2007,"Road: 44, Gulshan,Dhaka 1212","Bed, Bedside Table, Cabinets, udy Table , Chair, Almira, Sofa, Smart TV , TV Trolley, Dining Table , Chairs, Iron, Clo Dryer Hanger, Refrigerator, Microwave Oven, Washing Machine, Shoe Rack, Cookery Items.",NA,Furnished Apartment,Furnished,Residential,"""24 """,GOVT,YES,EAST,YES,YES,YES
Urban OcEASTn 8B,2200,3,3,3,1,2,8,12,150000,10000,2016,"Road: 99, Gulshan,Dhaka 1212","Bed, Bedside Table, Cabinets, udy Table , Chair, Almira, Sofa, Smart TV , TV Trolley, Dining Table , Chairs, Iron, Clo Dryer Hanger, Refrigerator, Microwave Oven, Washing Machine, Shoe Rack, Cookery Items.",NA,Furnished Apartment,Furnished,Residential,16,L.P.G,YES,NORTH,YES,YES,YES
Suvau Asmi NAzeela MaNORTH A5,2200,3,3,3,1,1,5,10,160000,15000,2015,"Road: 73, Gulshan,Dhaka 1212","Bed, Bedside Table, Cabinets, udy Table , Chair, Almira, Sofa, Smart TV , TV Trolley, Dining Table , Chairs, Iron, Clo Dryer Hanger, Refrigerator, Microwave Oven, Washing Machine, Shoe Rack, Cookery Items.",NA,Furnished Apartment,Furnished,Residential,"""24 """,L.P.G,YES,SOUTH,YES,YES,YES
Shanta Zephyr 13B,3500,3,4,2,2,2,13,9,"3,70,000",0,2025,"Road: 105, Gulshan,Dhaka 1212","Swimming Pool, Bed, Bedside Table, Cabinets, udy Table , Chair, Almira, Sofa, Smart TV , TV Trolley, Dining Table , Chairs, Iron, Clo Dryer Hanger, Refrigerator, Microwave Oven, Washing Machine, Shoe Rack, Cookery Items.",NA,Furnished Apartment,Furnished,Residential,40,L.P.G,YES,SOUTH,YES,YES,YES
Tritoma Empori,4000,4,5,3,2,1,2,6,250000,20000,2009,"Road: 53, Gulshan,Dhaka 1212","Bed, Bedside Table, Cabinets, udy Table , Chair, Almira, Sofa, Smart TV , TV Trolley, Dining Table , Chairs, Iron, Clo Dryer Hanger, Refrigerator, Microwave Oven, Washing Machine, Shoe Rack, Cookery Items.",NA,Furnished Apartment,Furnished,Residential,"""24 """,GOVT,YES,SOUTH,YES,YES,YES
Ventura Wieria,4000,4,4,4,2,2,6,10,370000,25000,2017,"Road: 54, Gulshan,Dhaka 1212","GYM, Swimming Pool, Bed, Bedside Table, Cabinets, udy Table , Chair, Almira, Sofa, Smart TV , TV Trolley, Dining Table , Chairs, Iron, Clo Dryer Hanger, Refrigerator, Microwave Oven, Washing Machine, Shoe Rack, Cookery Items.",NA,Furnished Apartment / Luxury Apartment,Furnished,Residential,"""24 """,L.P.G,YES,WEST,YES,YES,YES
Wiaria,1900,3,3,2,1,1,2,6,100000,8500,2002,"Road: 95, Gulshan,Dhaka 1212","Bed, Bedside Table, Cabinets, udy Table , Chair, Almira, Sofa, Smart TV , TV Trolley, Dining Table , Chairs, Iron, Clo Dryer Hanger, Refrigerator, Microwave Oven, Washing Machine, Shoe Rack, Cookery Items.",NA,Furnished Apartment,Furnished,Residential,"""24 """,GOVT,YES,EAST,YES,YES,YES
Conco RegiNA,3000,3,3,2,1,1,5,6,180000,15000,2003,"Road: 60, Gulshan,Dhaka 1212","Bed, Bedside Table, Cabinets, udy Table , Chair, Almira, Sofa, Smart TV , TV Trolley, Dining Table , Chairs, Iron, Clo Dryer Hanger, Refrigerator, Microwave Oven, Washing Machine, Shoe Rack, Cookery Items.",NA,Furnished Apartment,Furnished,Residential,"""24 """,GOVT,YES,SOUTH,YES,YES,YES
Conco Sanchayita,3100,3,3,3,1,1,3,6,170000,15000,2007,"Road: 63, Gulshan,Dhaka 1212","Bed, Bedside Table, Cabinets, udy Table , Chair, Almira, Sofa, Smart TV , TV Trolley, Dining Table , Chairs, Iron, Clo Dryer Hanger, Refrigerator, Microwave Oven, Washing Machine, Shoe Rack, Cookery Items.",NA,Furnished Apartment,Furnished,Residential,"""24 """,GOVT,YES,NORTH,YES,YES,YES
Conco Gra President (503),3200,3,3,2,1,1,5,6,175000,10000,2000,"Road: 60, Gulshan,Dhaka 1212","Bed, Bedside Table, Cabinets, udy Table , Chair, Almira, Sofa, Smart TV , TV Trolley, Dining Table , Chairs, Iron, Clo Dryer Hanger, Refrigerator, Microwave Oven, Washing Machine, Shoe Rack, Cookery Items.",NA,Furnished Apartment,Furnished,Residential,"""24 """,GOVT,YES,SOUTH,YES,YES,YES
Urban Light,2250,3,3,3,1,1,1,5,200000,15000,2015,"Road: 118, Gulshan,Dhaka 1212","Bed, Bedside Table, Cabinets, udy Table , Chair, Almira, Sofa, Smart TV , TV Trolley, Dining Table , Chairs, Iron, Clo Dryer Hanger, Refrigerator, Microwave Oven, Washing Machine, Shoe Rack, Cookery Items.",NA,Furnished Apartment,Furnished,Residential,16,L.P.G,YES,EAST,YES,YES,YES
Delvia Erjaan 4B,2400,3,3,2,1,2,4,9,180000,12000,2016,"Road: 100, Gulshan,Dhaka 1212","Bed, Bedside Table, Cabinets, udy Table , Chair, Almira, Sofa, Smart TV , TV Trolley, Dining Table , Chairs, Iron, Clo Dryer Hanger, Refrigerator, Microwave Oven, Washing Machine, Shoe Rack, Cookery Items.",NA,Furnished Apartment,Furnished,Residential,16,L.P.G,YES,NORTH,YES,YES,YES
Urban OcEASTn B7,2400,3,3,2,1,2,7,12,150000,8000,2015,"Road: 99, Gulshan,Dhaka 1212","Bed, Bedside Table, Cabinets, udy Table , Chair, Almira, Sofa, Smart TV , TV Trolley, Dining Table , Chairs, Iron, Clo Dryer Hanger, Refrigerator, Microwave Oven, Washing Machine, Shoe Rack, Cookery Items.",NA,Furnished Apartment,Furnished,Residential,16,L.P.G,YES,NORTH,YES,YES,YES
Assurance Khushi 12C,2400,3,3,3,1,2,12,14,140000,10000,2015,"Road: 118, Gulshan,Dhaka 1212","Bed, Bedside Table, Cabinets, udy Table , Chair, Almira, Sofa, Smart TV , TV Trolley, Dining Table , Chairs, Iron, Clo Dryer Hanger, Refrigerator, Microwave Oven, Washing Machine, Shoe Rack, Cookery Items.",NA,Furnished Apartment,Furnished,Residential,16,L.P.G,YES,NORTH,YES,YES,YES
ANZ Park Shore C6,2800,4,4,2,1,2,6,11,170000,14000,2015,"Road: 34, Gulshan,Dhaka 1212","Bed, Bedside Table, Cabinets, udy Table , Chair, Almira, Sofa, Smart TV , TV Trolley, Dining Table , Chairs, Iron, Clo Dryer Hanger, Refrigerator, Microwave Oven, Washing Machine, Shoe Rack, Cookery Items.",NA,Furnished Apartment,Furnished,Residential,"""24 """,L.P.G,YES,SOUTH,YES,YES,YES
Shalizar Shamk B4,2250,3,3,2,1,1,4,8,160000,9000,2012,"Road: 86, Gulshan,Dhaka 1212","Bed, Bedside Table, Cabinets, udy Table , Chair, Almira, Sofa, Smart TV , TV Trolley, Dining Table , Chairs, Iron, Clo Dryer Hanger, Refrigerator, Microwave Oven, Washing Machine, Shoe Rack, Cookery Items.",NA,Furnished Apartment,Furnished,Residential,"""24 """,L.P.G,YES,WEST,YES,YES,YES
Spring BEASTuty 3B,1700,3,3,2,1,1,3,6,120000,10000,2000,"Road: 75, Gulshan,Dhaka 1212","Bed, Bedside Table, Cabinets, udy Table , Chair, Almira, Sofa, Smart TV , TV Trolley, Dining Table , Chairs, Iron, Clo Dryer Hanger, Refrigerator, Microwave Oven, Washing Machine, Shoe Rack, Cookery Items.",NA,Furnished Apartment,Furnished,Residential,"""24 """,GOVT,YES,NORTH,YES,YES,YES
Rancon Icon ToWESTr 11B,2100,3,3,2,1,2,11,13,220000,20000,2022,"Road: 126, Gulshan,Dhaka 1212","GYM, Swimming Pool, Bed, Bedside Table, Cabinets, udy Table , Chair, Almira, Sofa, Smart TV , TV Trolley, Dining Table , Chairs, Iron, Clo Dryer Hanger, Refrigerator, Microwave Oven, Washing Machine, Shoe Rack, Cookery Items.",NA,Furnished Apartment,Furnished,Residential,"""24 """,L.P.G,YES,SOUTH,YES,YES,YES
Iramoti B3,2600,3,3,2,1,2,3,9,180000,10000,2023,"Road: 25, Gulshan,Dhaka 1212","Bed, Bedside Table, Cabinets, udy Table , Chair, Almira, Sofa, Smart TV , TV Trolley, Dining Table , Chairs, Iron, Clo Dryer Hanger, Refrigerator, Microwave Oven, Washing Machine, Shoe Rack, Cookery Items.",NA,Furnished Apartment,Furnished,Residential,16,L.P.G,YES,NORTH,YES,YES,YES
Anwar Lamark BEG Park View C3,2400,3,3,2,1,2,3,13,250000,15000,2015,"Road: 84, Gulshan,Dhaka 1212","GYM, Swimming Pool, Bed, Bedside Table, Cabinets, udy Table , Chair, Almira, Sofa, Smart TV , TV Trolley, Dining Table , Chairs, Iron, Clo Dryer Hanger, Refrigerator, Microwave Oven, Washing Machine, Shoe Rack, Cookery Items.",NA,Furnished Apartment / Luxury Apartment,Furnished,Residential,"""24 """,L.P.G,YES,EAST,YES,YES,YES
Assurance Cymbidium 12A,2450,3,3,3,1,2,12,14,160000,12000,2015,"Road: 139, Gulshan,Dhaka 1212","GYM, Bed, Bedside Table, Cabinets, udy Table , Chair, Almira, Sofa, Smart TV , TV Trolley, Dining Table , Chairs, Iron, Clo Dryer Hanger, Refrigerator, Microwave Oven, Washing Machine, Shoe Rack, Cookery Items.",NA,Furnished Apartment,Furnished,Residential,"""24 """,L.P.G,YES,SOUTH,YES,YES,YES
Suvau Setara A3,2800,2,2,2,1,2,3,11,140000,15000,2009,"Road: 78, Gulshan,Dhaka 1212","Bed, Bedside Table, Cabinets, udy Table , Chair, Almira, Sofa, Smart TV , TV Trolley, Dining Table , Chairs, Iron, Clo Dryer Hanger, Refrigerator, Microwave Oven, Washing Machine, Shoe Rack, Cookery Items.",NA,Furnished Apartment,Furnished,Residential,16,L.P.G,YES,WEST,YES,YES,YES
SOUTH Breeze Harmony B7,3500,4,4,2,1,2,7,10,160000,14000,2015,"Road: 135, Gulshan,Dhaka 1212","Bed, Bedside Table, Cabinets, udy Table , Chair, Almira, Sofa, Smart TV , TV Trolley, Dining Table , Chairs, Iron, Clo Dryer Hanger, Refrigerator, Microwave Oven, Washing Machine, Shoe Rack, Cookery Items.",NA,Furnished Apartment,Furnished,Residential,16,L.P.G,YES,SOUTH,YES,YES,YES
Laila Bhaban 3A,2100,3,3,2,1,1,3,10,160000,10000,2021,"Road: 44, Gulshan,Dhaka 1212","Bed, Bedside Table, Cabinets, udy Table , Chair, Almira, Sofa, Smart TV , TV Trolley, Dining Table , Chairs, Iron, Clo Dryer Hanger, Refrigerator, Microwave Oven, Washing Machine, Shoe Rack, Cookery Items.",NA,Furnished Apartment,Furnished,Residential,"""24 """,L.P.G,YES,NORTH,YES,YES,YES
EASTern Chitra,1500,2,2,1,1,1,3,6,85000,7000,2000,"Road: 25, Gulshan,Dhaka 1212","Bed, Bedside Table, Cabinets, udy Table , Chair, Almira, Sofa, Smart TV , TV Trolley, Dining Table , Chairs, Iron, Clo Dryer Hanger, Refrigerator, Microwave Oven, Washing Machine, Shoe Rack, Cookery Items.",NA,Furnished Apartment,Furnished,Residential,16,GOVT,NA,EAST,YES,YES,YES
Spring BEASTuty,1700,3,3,3,1,1,2,6,150000,9000,2009,"Road: 74, Gulshan,Dhaka 1212","Bed, Bedside Table, Cabinets, udy Table , Chair, Almira, Sofa, Smart TV , TV Trolley, Dining Table , Chairs, Iron, Clo Dryer Hanger, Refrigerator, Microwave Oven, Washing Machine, Shoe Rack, Cookery Items.",NA,Furnished Apartment,Furnished,Residential,"""24 """,GOVT,YES,NORTH,YES,YES,YES
Assurance Saleha Gaen 9B,2400,3,3,2,1,2,9,11,90000,12000,2010,"Road: 14, Gulshan,Dhaka 1212","Bed, Bedside Table, Cabinets, udy Table , Chair, Almira, Sofa, Smart TV , TV Trolley, Dining Table , Chairs, Iron, Clo Dryer Hanger, Refrigerator, Microwave Oven, Washing Machine, Shoe Rack, Cookery Items.",NA,Furnished Apartment,Furnished,Residential,16,L.P.G,YES,SOUTH,YES,YES,YES
Assurance Saleha Gaen,2400,3,3,3,1,2,3,10,100000,12000,2010,"Road: 14, Gulshan,Dhaka 1212","Bed, Bedside Table, Cabinets, udy Table , Chair, Almira, Sofa, Smart TV , TV Trolley, Dining Table , Chairs, Iron, Clo Dryer Hanger, Refrigerator, Microwave Oven, Washing Machine, Shoe Rack, Cookery Items.",NA,Furnished Apartment,Furnished,Residential,16,L.P.G,YES,SOUTH,YES,YES,YES
Bay Brook Wood 8A,2450,3,4,3,1,2,8,11,170000,15000,2022,"Road: 135, Gulshan,Dhaka 1212","GYM, Swimming Pool, Bed, Bedside Table, Cabinets, udy Table , Chair, Almira, Sofa, Smart TV , TV Trolley, Dining Table , Chairs, Iron, Clo Dryer Hanger, Refrigerator, Microwave Oven, Washing Machine, Shoe Rack, Cookery Items.",NA,Furnished Apartment,Furnished,Residential,16,L.P.G,YES,SOUTH,YES,YES,YES
Daliya Recency,2200,3,3,2,1,1,3,6,160000,10000,2018,"Road: 35, Gulshan,Dhaka 1212","Bed, Bedside Table, Cabinets, udy Table , Chair, Almira, Sofa, Smart TV , TV Trolley, Dining Table , Chairs, Iron, Clo Dryer Hanger, Refrigerator, Microwave Oven, Washing Machine, Shoe Rack, Cookery Items.",NA,Furnished Apartment,Furnished,Residential,16,L.P.G,YES,SOUTH,YES,YES,YES
BTI e Classique,2700,3,3,2,1,1,1,8,110000,10000,2010,"Road: 95, Gulshan,Dhaka 1212","Bed, Bedside Table, Cabinets, udy Table , Chair, Almira, Sofa, Smart TV , TV Trolley, Dining Table , Chairs, Iron, Clo Dryer Hanger, Refrigerator, Microwave Oven, Washing Machine, Shoe Rack, Cookery Items.",NA,Furnished Apartment,Furnished,Residential,"""24 """,GOVT,YES,NORTH,YES,YES,YES
Asset Del Evasiya,2000,3,3,2,1,1,3,6,100000,7000,2005,"Road: 100, Gulshan,Dhaka 1212","Bed, Bedside Table, Cabinets, udy Table , Chair, Almira, Sofa, Smart TV , TV Trolley, Dining Table , Chairs, Iron, Clo Dryer Hanger, Refrigerator, Microwave Oven, Washing Machine, Shoe Rack, Cookery Items.",NA,Furnished Apartment,Furnished,Residential,16,GOVT,YES,SOUTH,YES,YES,YES
Conco Feroza De Palace A7,2400,3,3,3,1,2,7,11,160000,11000,2019,"Road: 135, Gulshan,Dhaka 1212","Bed, Bedside Table, Cabinets, udy Table , Chair, Almira, Sofa, Smart TV , TV Trolley, Dining Table , Chairs, Iron, Clo Dryer Hanger, Refrigerator, Microwave Oven, Washing Machine, Shoe Rack,Swimming Pool, Cookery Items.",NA,Furnished Apartment,Furnished,Residential,16,L.P.G,YES,NORTH,YES,YES,YES
Iramoti 5B,2200,3,3,3,1,2,5,9,250000,0,2023,"Road: 31, Gulshan,Dhaka 1212","Bed, Bedside Table, Cabinets, udy Table , Chair, Almira, Sofa, Smart TV , TV Trolley, Dining Table , Chairs, Iron, Clo Dryer Hanger, Refrigerator, Microwave Oven, Washing Machine, Shoe Rack, Cookery Items.",NA,Furnished Apartment,Furnished,Residential,16,L.P.G,YES,NORTH,YES,YES,YES
Apurba,3000,4,4,3,1,1,1,5,160000,10000,2002,"Road: 105, Gulshan,Dhaka 1212","Bed, Bedside Table, Cabinets, udy Table , Chair, Almira, Sofa, Smart TV , TV Trolley, Dining Table , Chairs, Iron, Clo Dryer Hanger, Refrigerator, Microwave Oven, Washing Machine, Shoe Rack, Cookery Items.",NA,Furnished Apartment,Furnished,Residential,"""24 """,GOVT,YES,NORTH,YES,YES,YES
Anwar Lamark BEG Park View D1,2400,3,3,2,1,2,1,13,220000,12000,2018,"Road: 82, Gulshan,Dhaka 1212","GYM, Swimming Pool, Bed, Bedside Table, Cabinets, udy Table , Chair, Almira, Sofa, Smart TV , TV Trolley, Dining Table , Chairs, Iron, Clo Dryer Hanger, Refrigerator, Microwave Oven, Washing Machine, Shoe Rack, Cookery Items.",NA,Furnished Apartment,Furnished,Residential,"""24 """,L.P.G,YES,EAST,YES,YES,YES
Anwar Lamark BEG Park View A7,2450,3,3,3,2,3,7,14,190000,15000,2015,"Road: 82, Gulshan,Dhaka 1212","GYM, Swimming Pool, Bed, Bedside Table, Cabinets, udy Table , Chair, Almira, Sofa, Smart TV , TV Trolley, Dining Table , Chairs, Iron, Clo Dryer Hanger, Refrigerator, Microwave Oven, Washing Machine, Shoe Rack, Cookery Items.",NA,Furnished Apartment,Furnished,Residential,"""24 """,L.P.G,YES,WEST,YES,YES,YES
Delvia MoNAtaara A7,3700,4,4,3,2,2,7,11,250000,15000,2015,"Road: 103, Gulshan,Dhaka 1212","Bed, Bedside Table, Cabinets, udy Table , Chair, Almira, Sofa, Smart TV , TV Trolley, Dining Table , Chairs, Iron, Clo Dryer Hanger, Refrigerator, Microwave Oven, Washing Machine, Shoe Rack, Cookery Items.",NA,Furnished Apartment,Furnished,Residential,16,L.P.G,YES,SOUTH,YES,YES,YES
InNORTH Elements,3256,4,4,3,2,2,11,12,285000,25000,2025,"Road: 113, Gulshan,Dhaka 1212",NA,NA,Residential Apartment,Semi Furnished,Residential,30,L.P.G,YES,SOUTH,YES,YES,YES
Urban ShishirkoNA 13A,3000,4,4,3,2,2,13,14,170000,15000,2025,"Road: 117, Gulshan,Dhaka 1212",NA,NA,Residential Apartment,Un-Furnished,Residential,30,L.P.G,YES,WEST,YES,YES,YES
Biborton,2200,3,3,3,1,2,2,9,120000,0,2025,"Road: 41, Gulshan,Dhaka 1212",NA,NA,Residential Apartment,Un-Furnished,Residential,24,L.P.G,YES,EAST,YES,YES,YES
Anwar Lamark,2350,3,4,3,1,3,8,13,200000,15000,2010,"Road: 85, Gulshan,Dhaka 1212",NA,NA,Residential Apartment,Semi Furnished,Residential,"""24 """,GOVT,YES,EAST,YES,YES,YES
Asmit Mansion 3A,2800,3,3,2,2,2,3,25,280000,42000,2022,"Road: 58, Gulshan,Dhaka 1212",NA,NA,Residential Apartment,Un-Furnished,Residential,"""24 """,L.P.G,YES,NORTH,YES,YES,YES
Labaid Spring Rose,2950,3,3,3,2,2,9,11,170000,0,2025,"Road: 06, Gulshan,Dhaka 1212",Swimming Pool,NA,Residential Apartment,Un-Furnished,Residential,30,L.P.G,YES,NORTH,YES,YES,YES
Urban ShishirkoNA 10B,3000,4,4,2,2,2,10,13,190000,0,2024,"Road: 117, Gulshan,Dhaka 1212",NA,NA,Residential Apartment,Un-Furnished,Residential,40,L.P.G,YES,EAST-WEST,YES,YES,YES
EASTern Seventynine,2600,3,4,2,2,1,1,6,110000,0,2004,"Road: 81, Gulshan,Dhaka 1212",NA,NA,Residential Apartment,Un-Furnished,Residential,"""24 """,GOVT,YES,SOUTH,YES,YES,YES
Conco Feroza De Palace,2800,3,3,3,1,2,3,13,170000,12000,2020,"Road: 134, Gulshan,Dhaka 1212",NA,NA,Residential Apartment,Un-Furnished,Residential,"""24 """,L.P.G,YES,SOUTH,YES,YES,YES
Conco SheNAoah,3440,4,4,3,1,2,4,9,200000,20000,2025,"Road: 04, Gulshan,Dhaka 1212","GYM,Swimming Pool",NA,Residential Apartment,Un-Furnished,Residential,40,L.P.G,YES,WEST,YES,YES,YES
Gemcon Nilakash,4000,4,5,4,2,2,6,11,220000,20000,2025,"Road: 131, Gulshan,Dhaka 1212",NA,NA,Residential Apartment,Un-Furnished,Residential,30,L.P.G,YES,SOUTH,YES,YES,YES
Bay Villa Laila,6500,3,5,3,3,2,9,10,"4,20,000",0,2017,"Road: 43, Gulshan,Dhaka 1212",NA,NA,Residential Apartment,Un-Furnished,Residential,30,L.P.G,YES,NORTH,YES,YES,YES
Suvau ANAolok 2A,3200,3,4,3,2,2,2,13,180000,15000,2023,"Road: 116, Gulshan,Dhaka 1212",NA,NA,Residential Apartment,Un-Furnished,Residential,30,L.P.G,YES,EAST,YES,YES,YES
SOUTH Breeze Serenity,3200,3,3,2,2,2,6,6,200000,20000,2022,"Road: 125, Gulshan,Dhaka 1212",NA,NA,Residential Apartment,Un-Furnished,Commercial,30,L.P.G,YES,SOUTH,YES,NA,NA
Urban ShishirkoNA 10A,3000,4,4,3,2,2,10,14,260000,15000,2025,"Road: 117, Gulshan,Dhaka 1212",NA,NA,Residential Apartment,Un-Furnished,Residential,30,L.P.G,YES,EAST-WEST,YES,YES,YES
Bay's WESTlake,4500,4,5,4,2,2,8,9,450000,0,2020,"Road: 52, Gulshan,Dhaka 1212","GYM, Swimming Pool, AC.",NA,Residential Apartment,Semi Furnished,Residential,50,L.P.G,YES,WEST,YES,YES,YES
Asmit Mansion,4500,4,5,4,2,2,6,8,420000,60000,2020,"Road: 64, Gulshan,Dhaka 1212",NA,NA,Residential Apartment,Semi Furnished,Residential,50,L.P.G,YES,NORTH,YES,YES,YES
InNORTH Number 20 - 1A,4700,4,5,4,2,2,1,11,400000,45000,2020,"Road: 58, Gulshan,Dhaka 1212",NA,NA,Residential Apartment,Semi Furnished,Residential,90,L.P.G,YES,WEST,YES,YES,YES
Bra New Apartment 7A,3700,4,4,4,1,1,7,9,270000,20000,2025,"Road: 75, Gulshan,Dhaka 1212",NA,NA,Residential Apartment,Un-Furnished,Residential,30,L.P.G,YES,SOUTH,YES,YES,YES
Shanta Maaya,2425,3,3,3,1,2,6,6,165000,20000,2025,"Road: 15, Gulshan,Dhaka 1212",NA,NA,Residential Apartment,Un-Furnished,Residential,35,L.P.G,YES,EAST-WEST,YES,YES,YES
Sejad Palace,5500,Open Space,Open Space,Open Space,2,2,"4 , 5",11,"7,15,000",55000,2010,"Road: Gulshan Avenue, Gulshan,Dhaka 1212","""24 Hours CCTV Coverage, Automatic Fire alarm Syem""",YES,Office Space,Un-Furnished,Commercial,60,NA,NA,EAST-WEST,YES,NA,NA
"FiNAnce Square 17 , 18 Floor",3700,Open Space,Open Space,Open Space,2,2,"17 , 18",23,"9,25,000","74,000",2020,"Road: 105, Gulshan,Dhaka 1212","""24 Hours CCTV Coverage, Automatic Fire alarm Syem""",YES,Office Space,Un-Furnished,Commercial,30,NA,NA,SOUTH,NA,NA,NA
Suvau Muskan ToWESTr 8 Floor,3995,Open Space,Open Space,Open Space,1,3,8,23,"4,79,400","59,925",2024,"Road: Gulshan Avenue, Gulshan,Dhaka 1212","""24 Hours CCTV Coverage, Automatic Fire alarm Syem""",YES,Office Space,Un-Furnished,Commercial,50,NA,NA,EAST,YES,NA,NA
Commercial Cove,3500,Open Space,Open Space,Open Space,1,2,7,10,"3,85,000",0,2010,"Road: 124, Gulshan,Dhaka 1212","""24 Hours CCTV Coverage, Automatic Fire alarm Syem""",YES,Office Space,Un-Furnished,Commercial,30,NA,NA,WEST,YES,NA,NA
Suvau HeNA Skyline,7500,Open Space,Open Space,Open Space,3,7,25,38,"1,125,000",0,2025,"Road: Gulshan Avenue, Gulshan,Dhaka 1212","""24 Hours CCTV Coverage, Automatic Fire alarm Syem""",YES,Office Space,Un-Furnished,Commercial,60,NA,NA,EAST,YES,NA,NA
Suvau Rahman Galleria,3017,Open Space,Open Space,Open Space,1,2,5,11,"452,550",0,2023,"Road: Gulshan Avenue, Gulshan,Dhaka 1212","""24 Hours CCTV Coverage, Automatic Fire alarm Syem""",YES,Office Space,Un-Furnished,Commercial,50,NA,NA,EAST,YES,NA,NA
iividual House,10000,Open Space,Open Space,Open Space,6,NA,"0,2",3,900000,0,2010,"Road: 53A, Gulshan,Dhaka 1212","""24 Hours CCTV Coverage, Automatic Fire alarm Syem""",YES,Office Space,Un-Furnished,Commercial,24,L.P.G,NA,WEST,YES,NA,NA
Conco Silvy ToWESTr,6500,Open Space,Open Space,Open Space,2,2,8,13,1300000,0,2017,"Road: Gulshan Avenue, Gulshan,Dhaka 1212","""24 Hours CCTV Coverage, Automatic Fire alarm Syem""",YES,Office Space,Un-Furnished,Commercial,50,NA,NA,EAST,YES,NA,NA
AWR U ToWESTr,2200,Open Space,Open Space,Open Space,1,3,2,20,374000,"33,000",2024,"Road: Gulshan Avenue, Gulshan,Dhaka 1212","""24 Hours CCTV Coverage, Automatic Fire alarm Syem""",YES,Office Space,"Un-Furnished, Open floor",Commercial,50,NA,NA,SOUTH,YES,NA,NA
Alauddin ToWESTr,4000,Open Space,Open Space,Open Space,2,2,4,11,480000,"40,000",2010,"Road: 113, Gulshan,Dhaka 1212","""24 Hours CCTV Coverage, Automatic Fire alarm Syem""",YES,Office Space,Un-Furnished,Commercial,24,NA,NA,EAST,YES,NA,NA
Conco IK ToWESTr,5200,Open Space,Open Space,Open Space,2,3,0,13,1560000,"52,000",2018,"Road: Gulshan Avenue, Gulshan,Dhaka 1212","""24 Hours CCTV Coverage, Automatic Fire alarm Syem""",YES,Office Space,Un-Furnished,Commercial,50,NA,NA,SOUTH,YES,NA,NA
Silver ToWESTr,5800,Open Space,Open Space,Open Space,2,3,8,18,638000,"58,000",2018,"Road: Gulshan Avenue, Gulshan,Dhaka 1212","""24 Hours CCTV Coverage, Automatic Fire alarm Syem""",YES,Office Space,"Un-Furnished, Open floor",Commercial,50,NA,NA,NORTH,YES,NA,NA
Rangs Z Square,3700,Open Space,Open Space,Open Space,1,2,14,20,740000,"55,000",2024,"Road: Gulshan Avenue, Gulshan,Dhaka 1212","""24 Hours CCTV Coverage, Automatic Fire alarm Syem""",YES,Office Space,Un-Furnished,Commercial,50,NA,NA,EAST,NA,NA,NA
NAvaNA Trillium,3900,Open Space,Open Space,Open Space,2,2,9,15,585000,"58,500",2024,"Road: Gulshan Avenue, Gulshan,Dhaka 1212","""24 Hours CCTV Coverage, Automatic Fire alarm Syem""",YES,Office Space,"Un-Furnished, Open floor",Commercial,50,NA,NA,NORTH,YES,NA,NA
ANAbil ToWESTr,6692,Open Space,Open Space,Open Space,1,5,16,20,1204560,"133,840",2019,"Road: Gulshan Avenue, Gulshan,Dhaka 1212","""24 Hours CCTV Coverage, Automatic Fire alarm Syem""",YES,Office Space,"Un-Furnished, Open floor",Commercial,50,NA,NA,SOUTH,YES,NA,NA
Reliance ToWESTr,6500,Open Space,Open Space,Open Space,2,4,8,14,845000,"65,000",2024,"Road: Gulshan Avenue, Gulshan,Dhaka 1212","""24 Hours CCTV Coverage, Automatic Fire alarm Syem""",YES,Office Space,"Un-Furnished, Open floor",Commercial,50,NA,NA,SOUTH,YES,NA,NA
Conco Baksh ToWESTr,3800,Open Space,Open Space,Open Space,2,2,1,18,950000,"57,000",2023,"Road: Gulshan Avenue, Gulshan,Dhaka 1212","""24 Hours CCTV Coverage, Automatic Fire alarm Syem""",YES,Office Space,"Un-Furnished, Open floor",Commercial,50,NA,NA,NORTH,YES,NA,NA
Bay Delvia,9000,Open Space,Open Space,Open Space,5,2,7,9,1440000,"45,000",2012,"Road: Gulshan Avenue, Gulshan,Dhaka 1212","""24 Hours CCTV Coverage, Automatic Fire alarm Syem""",YES,Office Space,"Un-Furnished, Open floor",Commercial,50,NA,NA,NORTH,YES,NA,NA
MMK Akash Avenue 8 floor,3372,Open Space,Open Space,Open Space,1,2,8,18,539520,"50,580",2023,"Road: Gulshan Avenue, Gulshan,Dhaka 1212","""24 Hours CCTV Coverage, Automatic Fire alarm Syem""",YES,Office Space,"Un-Furnished, Open floor",Commercial,50,NA,NA,SOUTH,YES,NA,NA
Conco Richmo,7500,Open Space,Open Space,Open Space,3,2,7,9,825000,"75,000",2010,"Road: Gulshan Avenue, Gulshan,Dhaka 1212","""24 Hours CCTV Coverage, Automatic Fire alarm Syem""",YES,Office Space,"Un-Furnished, Open floor",Commercial,50,NA,NA,EAST,YES,NA,NA
CDL Molla Capital Centre,4400,Open Space,Open Space,Open Space,2,2,7,8,528000,"79,200",2012,"Road: Gulshan Avenue, Gulshan,Dhaka 1212","""24 Hours CCTV Coverage, Automatic Fire alarm Syem""",YES,Office Space,"Un-Furnished, Open floor",Commercial,50,NA,NA,EAST,YES,NA,NA
Uday ToWESTr,12000,Open Space,Open Space,Open Space,5,4,17,21,1560000,"120,000",2010,"Road: Gulshan Avenue, Gulshan,Dhaka 1212","""24 Hours CCTV Coverage, Automatic Fire alarm Syem""",YES,Office Space,"Un-Furnished, Open floor",Commercial,50,NA,NA,EAST,YES,NA,NA
Jolchobi ToWESTr,2914,Open Space,Open Space,Open Space,1,2,2,15,874200,"29,140",2016,"Road: Madani Avenue, Gulshan,Dhaka 1212","""24 Hours CCTV Coverage, Automatic Fire alarm Syem""",YES,Office Space,Furnished,Commercial,50,NA,NA,SOUTH,YES,NA,NA
Genetic Baro Bhuiyan,6400,Open Space,Open Space,Open Space,2,3,14,15,1280000,"64,000",2010,"Road: Gulshan Avenue, Gulshan,Dhaka 1212","""24 Hours CCTV Coverage, Automatic Fire alarm Syem""",YES,Office Space,"Un-Furnished, Open floor",Commercial,50,NA,NA,NORTH,YES,NA,NA
Rangs Z Square (9 floor),3700,Open Space,Open Space,Open Space,2,2,9,20,629000,"55,500",2024,"Road: Gulshan Avenue, Gulshan,Dhaka 1212","""24 Hours CCTV Coverage, Automatic Fire alarm Syem""",YES,Office Space,"Un-Furnished, Open floor",Commercial,50,NA,NA,WEST,YES,NA,NA
Taj Merriot,5800,Open Space,Open Space,Open Space,2,1,4,7,696000,"58,000",2009,"Road: Gulshan Avenue, Gulshan,Dhaka 1212","""24 Hours CCTV Coverage, Automatic Fire alarm Syem""",YES,Office Space,"Un-Furnished, Open floor",Commercial,50,NA,NA,EAST,YES,NA,NA
EASTern OversEASTs -7 Floor,1000,Open Space,Open Space,Open Space,NA,2,7,11,140000,"10,000",2005,"Road: 113, Gulshan,Dhaka 1212","""24 Hours CCTV Coverage, Automatic Fire alarm Syem""",YES,Office Space,Furnished,Commercial,24,NA,NA,SOUTH,YES,NA,NA
Symphony ToWESTr 5A,3961,Open Space,Open Space,Open Space,2,3,5,8,396100,"39,610",2007,"Road: Gulshan Avenue, Gulshan,Dhaka 1212","""24 Hours CCTV Coverage, Automatic Fire alarm Syem""",YES,Office Space,Un-Furnished,Commercial,50,NA,YES,SOUTH,YES,NA,NA
Conco IK ToWESTr 3A,4888,Open Space,Open Space,Open Space,2,3,3,13,782080,"58,656",2010,"Road: Gulshan Avenue, Gulshan,Dhaka 1212","""24 Hours CCTV Coverage, Automatic Fire alarm Syem""",YES,Office Space,Un-Furnished,Commercial,50,NA,NA,NORTH,YES,NA,NA
Simpletree Attalika,8300,Open Space,Open Space,Open Space,3,4,13,21,1660000,"166,000",2023,"Road: Gulshan Avenue, Gulshan,Dhaka 1212","""24 Hours CCTV Coverage, Automatic Fire alarm Syem""",YES,Office Space,Un-Furnished,Commercial,50,NA,NA,NORTH,YES,NA,NA
Rangs Z Square (0 floor),1000,Open Space,Open Space,Open Space,NA,2,0,20,700000,"15,000",2024,"Road: Gulshan Avenue, Gulshan,Dhaka 1212","""24 Hours CCTV Coverage, Automatic Fire alarm Syem""",YES,Office Space,Un-Furnished,Commercial,50,NA,NA,EAST,NA,NA,NA
Jabbar ToWESTr,5700,Open Space,Open Space,Open Space,2,2,18,23,684000,"45,600",2006,"Road: Gulshan Avenue, Gulshan,Dhaka 1212","""24 Hours CCTV Coverage, Automatic Fire alarm Syem""",YES,Office Space,Furnished,Commercial,50,NA,NA,EAST,YES,NA,NA
Bay Galleria 5A,5000,Open Space,Open Space,Open Space,2,2,5,9,1000000,"90,000",2008,"Road: Gulshan Avenue, Gulshan,Dhaka 1212","""24 Hours CCTV Coverage, Automatic Fire alarm Syem""",YES,Office Space,Un-Furnished,Commercial,50,NA,NA,EAST,YES,NA,NA
BTI Lamark 5A,3413,Open Space,Open Space,Open Space,2,5,5,13,648470,"68,260",2019,"Road: Gulshan Avenue, Gulshan,Dhaka 1212","""24 Hours CCTV Coverage, Automatic Fire alarm Syem""",YES,Office Space,"Un-Furnished, Open floor",Commercial,"""50 """,NA,NA,WEST,YES,NA,NA
EASTern OversEASTs,1000,Open Space,Open Space,Open Space,1,2,7,11,150000,"8,000",2015,"Road: 113, Gulshan,Dhaka 1212","""24 Hours CCTV Coverage, Automatic Fire alarm Syem""",YES,Office Space,Furnished,Commercial,24,NA,NA,SOUTH,YES,NA,NA
NAfi ToWESTr,6000,Open Space,Open Space,Open Space,2,3,16,20,840000,"60,000",2008,"Road: Gulshan Avenue, Gulshan,Dhaka 1212","""24 Hours CCTV Coverage, Automatic Fire alarm Syem""",YES,Office Space,Furnished,Commercial,"""50 """,NA,NA,EAST,YES,NA,NA
Amin Mohammad Green Meher ToWESTr,5200,Open Space,Open Space,Open Space,2,2,10,13,858000,"78,000",2023,"Road: Gulshan Avenue, Gulshan,Dhaka 1212","""24 Hours CCTV Coverage, Automatic Fire alarm Syem""",YES,Office Space,"Un-Furnished, Open floor",Commercial,"""50 """,NA,NA,WEST,YES,NA,NA
Suvau Muskan ToWESTr 13A,4000,Open Space,Open Space,Open Space,1,3,13,22,560000,"60,000",2023,"Road: Gulshan Avenue, Gulshan,Dhaka 1212,Dhaka 1212","""24 Hours CCTV Coverage, Automatic Fire alarm Syem""",YES,Office Space,"Un-Furnished, Open floor",Commercial,"""50 """,NA,NA,EAST,YES,NA,NA
Priine Pavilion 13A,6995,Open Space,Open Space,Open Space,3,4,13,16,1189150,"125,910",2019,"Road: Gulshan Avenue, Gulshan,Dhaka 1212","""24 Hours CCTV Coverage, Automatic Fire alarm Syem""",YES,Office Space,"Un-Furnished, Open floor",Commercial,"""50 """,NA,NA,WEST,YES,NA,NA
Rashid ToWESTr,6120,Open Space,Open Space,Open Space,1,2,11,17,734400,"61,200",2001,"Road: 21, Gulshan,Dhaka 1212","""24 Hours CCTV Coverage, Automatic Fire alarm Syem""",YES,Office Space,"Un-Furnished, Open floor",Commercial,"""50 """,NA,NA,NORTH,YES,NA,NA
Johora Assure Square,3955,Open Space,Open Space,Open Space,1,1,2,13,791000,"39,550",2012,"Road: 21, Gulshan,Dhaka 1212","""24 Hours CCTV Coverage, Automatic Fire alarm Syem""",YES,Office Space,"Un-Furnished, Open floor",Commercial,"""50 """,NA,NA,NORTH,YES,NA,NA
Ventura Avenue 4A,4000,Open Space,Open Space,Open Space,2,2,4,8,600000,"72,000",2010,"Road: Gulshan Avenue, Gulshan,Dhaka 1212","""24 Hours CCTV Coverage, Automatic Fire alarm Syem""",YES,Office Space,"Un-Furnished, Open floor",Commercial,60,NA,NA,EAST,YES,NA,NA
FiNAnce Square 18A,3950,Open Space,Open Space,Open Space,2,2,18,20,987500,"98,750",2017,"Road: 103, Gulshan,Dhaka 1212","""24 Hours CCTV Coverage, Automatic Fire alarm Syem""",YES,Office Space,Un-Furnished,Commercial,30,NA,NA,SOUTH,YES,NA,NA
Priine Pavilion 5A,2850,Open Space,Open Space,Open Space,2,4,5,16,470250,"51,300",2022,"Road: Gulshan Avenue, Gulshan,Dhaka 1212","""24 Hours CCTV Coverage, Automatic Fire alarm Syem""",YES,Office Space,"Un-Furnished, Open floor",Commercial,"""50 """,NA,NA,EAST,YES,NA,NA
InNORTH Trinity 2A,4758,4,5,3,2,2,2,9,550000,42000,2024,"Road: 65, Gulshan,Dhaka 1212","GYM, Swimming Pool, AC, 24 Hours Security Service.",NA,Luxury Apartment,Semi-Furnished,Residential,30,L.P.G,YES,NORTH,YES,YES,YES
Lamark Jamila Khatun,4100,4,4,3,2,2,3,6,350000,20000,2012,"Road: 56, Gulshan,Dhaka 1212","GYM, Swimming Pool, AC, 24 Hours Security Service.",NA,Luxury Apartment,Semi-Furnished,Residential,24,GOVT,YES,SOUTH,YES,YES,YES
"RahaNA , Juliya A4",4100,4,5,3,2,2,4,11,300000,20000,2024,"Road: 23, Gulshan,Dhaka 1212",GYM,NA,Luxury Apartment,Semi-Furnished,Residential,24,L.P.G,YES,NORTH,YES,YES,YES
SOUTH Breeze Autograph,4385,4,4,3,2,3,14,8,500000,0,2025,"Road: 60, Gulshan,Dhaka 1212","GYM, Swimming Pool, AC, 24 Hours Security Service.",NA,Luxury Apartment,Un-Furnished,Residential,24,L.P.G,YES,SOUTH,YES,YES,YES
Conco Songsaptak,5474,4,5,3,2,2,4,10,420000,0,2025,"Road: 67, Gulshan,Dhaka 1212","GYM, Swimming Pool",NA,Luxury Apartment,Un-Furnished,Residential,"""24 """,L.P.G,YES,SOUTH,YES,YES,YES
Dhansiri 6B,3400,4,4,3,2,2,6,11,300000,22000,2021,"Road: 90, Gulshan,Dhaka 1212","GYM, Swimming Pool, 24 Hours Security Service.",NA,Luxury Apartment,Semi-Furnished,Residential,"""24 """,L.P.G,YES,SOUTH,YES,YES,YES
InNORTH Zen,3300,4,4,3,2,2,"2, 5, 7, 9",10,250000,0,2025,"Road: 113, Gulshan,Dhaka 1212","GYM, Swimming Pool, AC, 24 Hours Security Service.",NA,Luxury Apartment,Semi-Furnished,Residential,"""24 """,L.P.G,YES,WEST,YES,YES,YES
InNORTH Metropolis 6B,3000,3,4,3,2,3,6,17,320000,24000,2024,"Road: 94, Gulshan,Dhaka 1212","GYM, Swimming Pool, AC",NA,Luxury Apartment,Semi-Furnished,Residential,"""24 """,L.P.G,YES,NORTH,YES,YES,YES
SOUTH Breeze Ripple,3660,4,4,3,2,3,8,13,330000,0,2025,"Road: 52, Gulshan,Dhaka 1212","GYM, Swimming Pool, AC, 24 Hours Security Service.",NA,Luxury Apartment,Un-Furnished,Residential,"""24 """,L.P.G,YES,SOUTH,YES,YES,YES
Asset An NAor,3145,4,4,3,2,2,1,15,250000,20000,2024,"Road: 126, Gulshan,Dhaka 1212",24 Hours Security Service.,NA,Residential Apartment,Un-Furnished,Residential,"""24 """,L.P.G,YES,SOUTH,YES,YES,YES
NAvaNA Shangshaptak 2B,3905,3,4,3,2,2,2,11,330000,20000,2024,"Road: 68, Gulshan,Dhaka 1212","GYM, Swimming",NA,Luxury Apartment,Furnished,Residential,"""24 """,L.P.G,YES,NORTH,YES,YES,YES
Shanta Aura 11B,3350,3,4,3,2,4,11,13,350000,0,2025,"Road: 81, Gulshan,Dhaka 1212","GYM, Swimming Pool, 24 Hours Security Service.",NA,Luxury Apartment,Un-Furnished,Residential,"""24 """,L.P.G,YES,EAST,YES,YES,YES
Simpletree Mahbub Plus,5700,4,5,3,3,4,5,12,600000,0,2024,"Road: NORTH Gulshan Avenue,Dhaka 1212","GYM, Swimming Pool, 24 Hours Security Service.",NA,Luxury Apartment,Un-Furnished,Residential,50,L.P.G,YES,EAST,YES,YES,YES
Shanta Zen,3000,3,4,3,2,2,2,18,250000,0,2025,"Road: 136, Gulshan,Dhaka 1212","GYM, 24 Hours Security Service.",NA,Luxury Apartment,Un-Furnished,Residential,"""24 """,L.P.G,YES,EAST,YES,YES,YES
Shanta Sanctum 5A,4000,4,5,4,2,2,5,13,400000,30000,2024,"Road: 83, Gulshan,Dhaka 1212","GYM, Swimming Pool, 24 Hours Security Service.",NA,Luxury Apartment,Un-Furnished,Residential,"""24 """,L.P.G,YES,EAST,YES,YES,YES
SOUTH Breeze Haques La,3720,4,4,4,2,2,4,12,400000,30000,2022,"Road: 35, Gulshan,Dhaka 1212","GYM, Swimming",NA,Luxury Apartment,Furnished,Residential,"""24 """,L.P.G,YES,EAST,YES,YES,YES
InNORTH Trinity,4758,4,5,3,2,2,2,9,550000,42000,2024,"Road: 66, Gulshan,Dhaka 1212","GYM, Swimming",NA,Luxury Apartment,Semi Furnished,Residential,"""24 """,L.P.G,YES,NORTH,YES,YES,YES
SOUTH Breeze Supreme 7A,4000,4,5,4,2,2,7,11,400000,0,2024,"Road: 62, Gulshan,Dhaka 1212","GYM, Swimming Pool,24 Hours Security Service.",NA,Luxury Apartment,Semi Furnished,Residential,"""24 """,L.P.G,YES,EAST,YES,YES,YES
Shanta Luxe 8A,4650,4,4,4,2,2,8,15,370000,0,2023,"Road: 50, Gulshan,Dhaka 1212","GYM, Swimming Pool,24 Hours Security Service.",NA,Luxury Apartment,Semi Furnished,Residential,"""24 """,L.P.G,YES,EAST,YES,YES,YES
Shanta Eyrie,4500,3,4,3,2,2,4,11,420000,0,2024,"Road: 52, Gulshan,Dhaka 1212",GYM,NA,Luxury Apartment,Semi Furnished,Residential,"""24 """,L.P.G,YES,SOUTH,YES,YES,YES
Bay Villa Laila 10A,6800,4,5,3,3,2,10,13,470000,40000,2019,"Road: 42, Gulshan,Dhaka 1212","GYM,Swimming Pool",NA,Luxury Apartment,Furnished,Residential,"""24 """,L.P.G,YES,NORTH,YES,YES,YES
Shanta NORTHern Light,6000,4,5,4,3,2,9,11,650000,50000,2020,"Road: 70, Gulshan,Dhaka 1212","GYM, Swimming Pool,24 Hours Security Service.",NA,Luxury Apartment,Semi Furnished,Residential,"""24 """,L.P.G,YES,SOUTH,YES,YES,YES
"SOUTH Breeze Supreme 11 , 12 Duplex",7750,5,6,6,4,2,"11 , 12 ",13,800000,50000,2024,"Road: 58, Gulshan,Dhaka 1212","GYM, Swimming Pool",NA,Luxury Apartment,Semi Furnished,Residential,"""24 """,L.P.G,YES,EAST,YES,YES,YES
MF Luxury House,3600,4,5,4,2,2,6,10,250000,20000,2018,"Road: 26, Gulshan,Dhaka 1212","GYM, Swimming Pool,24 Hours Security Service.",NA,Luxury Apartment,Semi Furnished,Residential,"""24 """,L.P.G,YES,EAST,YES,YES,YES
Alo,7500,6,7,7,3,2,6,9,600000,40000,2020,"Road: 108, Gulshan,Dhaka 1212","GYM, Swimming Pool",NA,Luxury Apartment,Un-Furnished,Residential,"""24 """,L.P.G,YES,SOUTH,YES,YES,YES
BTI ree,7000,5,6,4,3,2,13,15,750000,50000,2024,"Road: 48, Gulshan,Dhaka 1212","GYM, Swimming Pool",NA,Residential Apartment / Luxury Apartment,Un-Furnished,Residential,"""24 """,L.P.G,YES,EAST,YES,YES,YES
SOUTH Breeze Supreme 10A,4200,4,5,3,2,2,10,11,400000,30000,2024,"Road: 58, Gulshan,Dhaka 1212","GYM, Swimming Pool, 24 Hours Security Service.",NA,Luxury Apartment,Semi Furnished,Residential,"""24 """,L.P.G,YES,EAST,YES,YES,YES
InNORTH Number 20,4850,4,4,4,2,2,3,10,400000,40000,2021,"Road: 55, Gulshan,Dhaka 1212","GYM, 24 Hours Security Service.",NA,Residential Apartment / Luxury Apartment,Un-Furnished,Residential,"""24 """,L.P.G,YES,SOUTH,YES,YES,YES
Shanta e Sanctum,4000,3,4,2,2,2,8,9,400000,30000,2024,"Road: 82, Gulshan,Dhaka 1212",Swimming Pool,NA,Luxury Apartment,Un-Furnished,Residential,"""24 """,L.P.G,YES,EAST,YES,YES,YES
NAvaNA Caderwood,5000,4,5,4,2,2,8,10,380000,25000,2024,"Road: 79, Gulshan,Dhaka 1212","GYM, Swimming Pool, 24 Hours Security Service.",NA,Luxury Apartment,Semi Furnished,Residential,"""24 """,L.P.G,YES,NORTH,YES,YES,YES
Shanta Spleor B3,3600,3,4,3,2,2,3,7,300000,25000,2023,"Road: 48, Gulshan,Dhaka 1212","GYM, Swimming Pool,",NA,Luxury Apartment,Un-Furnished,Residential,"""24 """,L.P.G,YES,NORTH,YES,YES,YES
Shanta Nunita 7B,3800,3,4,5,2,2,7,15,420000,25000,2023,"Road: 54, Gulshan,Dhaka 1212","GYM, Swimming Pool,",NA,Residential Apartment / Luxury Apartment,Semi Furnished,Residential,"""24 """,L.P.G,YES,SOUTH,YES,YES,YES
Suvau Lohori 6A,5100,5,6,4,2,2,6,13,500000,30000,2023,"Road: 84, Gulshan,Dhaka 1212","GYM, Swimming Pool",NA,Residential Apartment / Luxury Apartment,Semi Furnished,Residential,"""24 """,L.P.G,YES,EAST,YES,YES,YES
NAvaNA Esilmon Palace 6B,3900,4,5,4,2,2,6,13,300000,30000,2023,"Road: 52, Gulshan,Dhaka 1212","GYM, Swimming Pool, 24 Hours Security Service.",NA,Residential Apartment / Luxury Apartment,Semi Furnished,Residential,"""24 """,L.P.G,YES,EAST,YES,YES,YES
Shanta Nunita,3800,3,4,5,2,2,2,15,450000,40000,2023,"Road: 55, Gulshan,Dhaka 1212","GYM, Swimming Pool, 24 Hours Security Service.",NA,Residential Apartment / Luxury Apartment,Un-Furnished,Residential,"""24 """,L.P.G,YES,EAST,YES,YES,YES
Inn ar Baitus Salam B2,3400,4,4,3,2,2,2,14,400000,20000,2023,"Road: 53, Gulshan,Dhaka 1212","GYM, Swimming Pool, 24 Hours Security Service.",NA,Residential Apartment / Luxury Apartment,Semi Furnished,Residential,"""24 """,L.P.G,YES,NORTH,YES,YES,YES
RIDGE PARK 4B,3360,4,4,4,2,2,4,12,330000,25000,2023,"Road: 35, Gulshan,Dhaka 1212","GYM, 24 Hours Security Service.",NA,Residential Apartment / Luxury Apartment,Semi Furnished,Residential,"""24 """,L.P.G,YES,NORTH,YES,YES,YES
Bay Miraa,4800,4,4,4,2,2,8,12,350000,20000,2017,"Road: 93, Gulshan,Dhaka 1212",Swimming Pool,NA,Residential Apartment / Luxury Apartment,Semi Furnished,Residential,"""24 """,L.P.G,YES,EAST,YES,YES,YES
NAvaNA Esilmon Palace A6,4000,4,4,4,2,2,6,13,400000,30000,2023,"Road: 49, Gulshan,Dhaka 1212","GYM, Swimming Pool, 24 Hours Security Service.",NA,Residential Apartment / Luxury Apartment,Un-Furnished,Residential,"""24 """,L.P.G,YES,SOUTH,YES,YES,YES
Shanta ar Ville 8B,4000,4,5,4,2,2,8,13,450000,30000,2023,"Road: 49, Gulshan,Dhaka 1212","GYM, 24 Hours Security Service.",NA,Residential Apartment / Luxury Apartment,Semi Furnished,Residential,"""24 """,L.P.G,YES,SOUTH,YES,YES,YES
Amin Mohammad Green Beverly Park 10B,4500,4,5,5,2,2,10,6,450000,30000,2023,"Road: 68, Gulshan,Dhaka 1212","GYM, Swimming Pool, 24 Hours Security Service.",NA,Residential Apartment / Luxury Apartment,Semi Furnished,Residential,30,L.P.G,YES,WEST,YES,YES,YES
Conco Kabir ToWESTr 9A,3400,3,3,3,2,2,9,11,400000,25000,2021,"Road: 100, Gulshan,Dhaka 1212",Swimming Pool,NA,Residential Apartment / Luxury Apartment,Furnished,Residential,16,L.P.G,YES,SOUTH,YES,YES,YES
Suvau Lohori 4A,5100,5,6,7,2,2,4,13,500000,25000,2023,"Road: 64, Gulshan,Dhaka 1212","GYM, Swimming Pool",NA,Residential Apartment / Luxury Apartment,Semi Furnished,Residential,16,L.P.G,YES,NORTH,YES,YES,YES
SOUTH LEASTf B5,3700,4,4,4,2,2,5,11,375000,25000,2023,"Road: 36, Gulshan,Dhaka 1212","GYM, Swimming Pool, 24 Hours Security Service.",NA,Residential Apartment / Luxury Apartment,Un-Furnished,Residential,16,L.P.G,YES,SOUTH,YES,YES,YES
BTI Park PaNORTHoma 10B,3528,4,5,3,2,2,10,11,350000,30000,2023,"Road: 108, Gulshan,Dhaka 1212","GYM, Swimming Pool",NA,Residential Apartment / Luxury Apartment,Un-Furnished,Residential,"""24 """,L.P.G,YES,WEST,YES,YES,YES
SABRA A6,4200,4,4,3,2,2,6,11,350000,25000,2023,"Road: 36, Gulshan,Dhaka 1212",24 Hours Security Service,NA,Residential Apartment / Luxury Apartment,Un-Furnished,Residential,16,L.P.G,YES,SOUTH,YES,YES,YES
Amain Mohammad Green Beverly Park,5000,4,5,5,2,2,10,11,570000,30000,2023,"Road: 69, Gulshan,Dhaka 1212",GYM,NA,Residential Apartment / Luxury Apartment,Un-Furnished,Residential,16,L.P.G,YES,SOUTH,YES,YES,YES
Shanta e Laing 9A,3500,4,4,3,2,2,9,11,300000,20000,2015,"Road: 104, Gulshan,Dhaka 1212",GYM,NA,Furnished Apartment / Luxury Apartment,Furnished,Residential,16,L.P.G,YES,SOUTH,YES,YES,YES
Inn ar Baitus Salam 2B,3400,4,4,3,2,2,2,14,400000,12000,2023,"Road: 53, Gulshan,Dhaka 1212",24 Hours Security Service.,NA,Residential Apartment / Luxury Apartment,Semi Furnished,Residential,"""24 """,L.P.G,YES,NORTH,YES,YES,YES
Bay Miraa 8A,4800,4,4,4,2,2,8,12,350000,20000,2017,"Road: 94, Gulshan,Dhaka 1212","Swimming Pool, 24 Hours Security Service",NA,Luxury Apartment,Semi Furnished,Residential,16,L.P.G,YES,EAST,YES,YES,YES
BTI e Address,3300,3,4,4,2,3,1,14,230000,20000,2016,"Road: 90, Gulshan,Dhaka 1212","GYM, Swimming Pool",NA,Furnished Apartment / Luxury Apartment,Furnished,Residential,"""24 """,L.P.G,YES,NORTH,YES,YES,YES
Shanta Jalalabad A1,3500,4,4,4,2,2,1,12,260000,30000,2017,"Road: 47, Gulshan,Dhaka 1212","GYM, Swimming Pool, 24 Hours Security Service",NA,Residential Apartment / Luxury Apartment,Semi Furnished,Residential,"""24 """,L.P.G,YES,SOUTH,YES,YES,YES
Tropical Homes,3860,4,4,4,2,2,6,15,370000,30000,2023,"Road: 54, Gulshan,Dhaka 1212",GYM,NA,Luxury Apartment,Un-Furnished,Residential,"""24 """,L.P.G,YES,WEST,YES,YES,YES
Shanta e Regal 11B,6100,3,3,3,2,2,11,16,725000,50000,2023,"Road: 84, Gulshan,Dhaka 1212","GYM, Swimming Pool",NA,Luxury Apartment,Semi Furnished,Residential,"""24 """,L.P.G,YES,EAST,YES,YES,YES
NAvaNA e Platinum Residence,3200,3,3,3,1,4,2,6,260000,24000,2012,"Road: 71, Gulshan,Dhaka 1212",Swimming Pool,NA,Furnished Apartment / Luxury Apartment,Furnished,Residential,"""24 """,L.P.G,YES,SOUTH,YES,YES,YES
Shanta e Laing,3741,3,4,3,2,2,7,13,200000,15000,2020,"Road: 138, Gulshan,Dhaka 1212",GYM,NA,Luxury Apartment,Un-Furnished,Residential,"""24 """,L.P.G,YES,WEST,YES,YES,YES
Rangs SABRA,4200,4,4,4,2,2,6,11,350000,40000,2023,"Road: 136, Gulshan,Dhaka 1212",NA,NA,Residential Apartment / Luxury Apartment,Furnished,Residential,"""24 """,L.P.G,YES,EAST,YES,YES,YES
Dhansiri,3700,4,4,3,2,2,6,12,310000,20000,2022,"Road: 88, Gulshan,Dhaka 1212","GYM, Swimming Pool",NA,Luxury Apartment,Furnished,Residential,"""24 """,L.P.G,YES,EAST,YES,YES,YES
Asset Pacifica E2,1800,3,3,2,1,2,2,6,120000,10000,2002,"Road: 117, Gulshan,Dhaka 1212",NA,NA,Furnished Apartment,Furnished,Residential,"""16 """,GOVT,YES,SOUTH,YES,YES,YES
Rangs Qader HEASTven C3,2000,3,3,2,1,2,3,6,100000,9000,2007,"Road: 117, Gulshan,Dhaka 1212",NA,NA,Furnished Apartment,Furnished,Residential,"""16 """,GOVT,YES,NORTH,YES,YES,YES
Suvau Rahman Heights 2A,4100,4,4,3,2,2,2,10,250000,15000,2018,"Road: 86, Gulshan,Dhaka 1212",NA,NA,Furnished Apartment,Furnished,Residential,"""16 """,L.P.G,YES,WEST,YES,YES,YES
Advanced Park Aviliya B2,2200,3,3,3,1,1,2,6,100000,8000,2009,"Road: 85, Gulshan,Dhaka 1212",NA,NA,Furnished Apartment,Furnished,Residential,"""16 """,GOVT,YES,SOUTH,YES,YES,YES
Memory B5,1900,3,3,1,1,1,5,6,180000,9000,2008,"Road: 49, Gulshan,Dhaka 1212",NA,NA,Furnished Apartment,Furnished,Residential,"""16 """,GOVT,YES,SOUTH,YES,YES,YES
Rangs BarNAli C2,3500,4,5,3,2,2,2,6,210000,10000,2002,"Road: 137, Gulshan,Dhaka 1212",NA,NA,Furnished Apartment,Furnished,Residential,"""16 """,GOVT,YES,EAST,YES,YES,YES
Rangs Mir Palace B6,1800,3,3,2,1,2,6,8,130000,10000,2015,"Road: 62, Gulshan,Dhaka 1212",NA,NA,Furnished Apartment,Furnished,Residential,"""16 """,L.P.G,YES,SOUTH,YES,YES,YES
NAvaNA Daisy Florenso A5,2400,3,3,3,1,2,5,10,120000,10000,2018,"Road: 23, Gulshan,Dhaka 1212",NA,NA,Furnished Apartment,Furnished,Residential,"""16 """,L.P.G,YES,EAST,YES,YES,YES
Labaid Palace De Alam 7A,4000,3,5,4,2,1,7,9,320000,20000,2022,"Road: 99, Gulshan,Dhaka 1212",NA,NA,Furnished Apartment,Furnished,Residential,"""16 """,L.P.G,YES,EAST,YES,YES,YES
Rancon Icon ToWESTr 7B,2200,3,3,3,1,2,7,13,275000,15000,2022,"Road: 126, Gulshan,Dhaka 1212","GYM, Swimming Pool",NA,Furnished Apartment,Furnished,Residential,"""16 """,L.P.G,YES,SOUTH,YES,YES,YES
Suvau Asmi NAzeel MaNORTH 3A,2200,3,3,3,1,1,3,11,150000,13000,2018,"Road: 73, Gulshan,Dhaka 1212",NA,NA,Furnished Apartment,Furnished,Residential,"""16 """,L.P.G,YES,NORTH,YES,YES,YES
Villa York A5,1800,3,3,2,1,1,5,6,130000,7500,2002,"Road: 5, Gulshan,Dhaka 1212",NA,NA,Furnished Apartment,Furnished,Residential,"""16 """,L.P.G,YES,NORTH,YES,YES,YES
Royale Salika,2300,3,3,2,1,2,3,11,120000,10000,2019,"Road: 64, Gulshan,Dhaka 1212",NA,NA,Furnished Apartment,Furnished,Residential,"""16 """,L.P.G,YES,SOUTH,YES,YES,YES
Bay Lakewood A4,3400,3,3,3,2,2,4,11,320000,12000,2022,"Road: 55, Gulshan,Dhaka 1212",NA,NA,Furnished Apartment,Furnished,Residential,"""16 """,L.P.G,YES,SOUTH,YES,YES,YES
Suvau ANAolok 2B,2900,3,3,3,1,2,2,14,220000,15000,2022,"Road: 118, Gulshan,Dhaka 1212",NA,NA,Furnished Apartment,Furnished,Residential,"""16 """,L.P.G,YES,NORTH,YES,YES,YES
Conco Feroza De Palace B7,2400,3,3,3,1,2,7,11,160000,11000,2019,"Road: 136, Gulshan,Dhaka 1212","GYM, Swimming Pool",NA,Furnished Apartment,Furnished,Residential,"""16 """,L.P.G,YES,NORTH,YES,YES,YES
BTI e Shangrila A9,3000,3,4,2,1,2,9,10,210000,12500,2017,"Road: 119, Gulshan,Dhaka 1212",NA,NA,Furnished Apartment,Furnished,Residential,"""16 """,L.P.G,YES,WEST,YES,YES,YES
Bay Brook Wood,2450,3,3,3,1,2,8,11,180000,15000,2021,"Road: 138, Gulshan,Dhaka 1212","GYM, Swimming Pool",NA,Furnished Apartment,Furnished,Residential,24,L.P.G,YES,SOUTH,YES,YES,YES
NAvaNA Ascension A4,3000,4,5,4,2,2,4,8,280000,15000,2022,"Road: 67, Gulshan,Dhaka 1212",NA,NA,Furnished Apartment,Furnished,Residential,"""16 """,L.P.G,YES,NORTH,YES,YES,YES
NAvaNA Casa Gr A10,4200,4,4,4,2,2,10,11,300000,25000,2016,"Road: 76, Gulshan,Dhaka 1212",NA,NA,Furnished Apartment,Furnished,Residential,"""16 """,L.P.G,YES,EAST,YES,YES,YES
Suvau Firoja Villa 3A,3700,4,4,3,2,2,3,14,200000,14000,2015,"Road: 35, Gulshan,Dhaka 1212",NA,NA,Furnished Apartment,Furnished,Residential,24,L.P.G,YES,SOUTH,YES,YES,YES
Sheltech Venus (udio Apartment),1500,1,2,1,1,1,5,6,120000,6000,2008,"Road: 32, Gulshan,Dhaka 1212",NA,NA,Furnished Apartment,Furnished,Residential,"""16 """,L.P.G,YES,NORTH,YES,YES,YES
Anwar Lamark BEG Park View B7,2450,3,3,3,2,3,7,14,200000,15000,2015,"Road: 82, Gulshan,Dhaka 1212","GYM, Swimming Pool",NA,Furnished Apartment,Furnished,Residential,"""16 """,L.P.G,YES,WEST,YES,YES,YES
Rahmania Amicus 1A,1500,3,3,2,1,1,1,6,80000,8000,2007,"Road: 137, Gulshan,Dhaka 1212",NA,NA,Furnished Apartment,Furnished,Residential,"""16 """,GOVT,YES,EAST,YES,YES,YES
Ojhora B2,2200,3,3,2,1,1,2,6,110000,10000,2005,"Road: 45, Gulshan,Dhaka 1212",NA,NA,Furnished Apartment,Furnished,Residential,"""16 """,GOVT,YES,SOUTH,YES,YES,YES
Gulshan Gallery A1,2200,3,3,2,1,1,1,6,140000,15000,2007,"Road: 68, Gulshan,Dhaka 1212",NA,NA,Furnished Apartment,Furnished,Residential,"""16 """,GOVT,YES,NORTH,YES,YES,YES
Delvia MoNAtaara 8A,3700,4,4,3,2,2,8,11,250000,15000,2015,"Road: 103, Gulshan,Dhaka 1212",NA,NA,Furnished Apartment,Furnished,Residential,"""16 """,L.P.G,YES,NORTH,YES,YES,YES
Laila Bhaban 8A,2200,3,3,2,1,1,8,9,160000,10000,2020,"Road: 43, Gulshan,Dhaka 1212",NA,NA,Furnished Apartment,Furnished,Residential,"""16 """,L.P.G,YES,NORTH,YES,YES,YES
Ventura Mirabelle A2,2200,3,3,2,1,1,2,6,120000,10000,2008,"Road: 8, Gulshan,Dhaka 1212",NA,NA,Furnished Apartment,Furnished,Residential,"""16 """,GOVT,YES,SOUTH,YES,YES,YES
AdiNA REASTl EASTte Rouzia Heights 7A,2450,3,3,3,1,2,7,9,210000,10000,2010,"Road: 117, Gulshan,Dhaka 1212",NA,NA,Furnished Apartment,Furnished,Residential,"""16 """,L.P.G,YES,SOUTH,YES,YES,YES
Suvau ANAolok 12B,2900,3,3,3,1,2,12,14,190000,12000,2022,"Road: 118, Gulshan,Dhaka 1212",NA,NA,Furnished Apartment,Furnished,Residential,"""16 """,L.P.G,YES,NORTH,YES,YES,YES
ANZ Resalo,2750,3,3,3,1,1,2,6,140000,13000,2012,"Road: 120, Gulshan,Dhaka 1212",NA,NA,Furnished Apartment,Furnished,Residential,"""16 """,L.P.G,YES,NORTH,YES,YES,YES
NAvaNA e Platinum Residence C2,3200,3,3,2,1,4,2,6,220000,24000,2010,"Road: 72, Gulshan,Dhaka 1212",Swimming Pool,NA,Furnished Apartment,Furnished,Residential,"""16 """,L.P.G,YES,SOUTH,YES,YES,YES
Suvau Firoja Villa,3700,4,4,3,2,2,3,14,200000,15000,2015,"Road: 35, Gulshan,Dhaka 1212",NA,NA,Furnished Apartment,Furnished,Residential,"""16 """,L.P.G,YES,WEST,YES,YES,YES
Laila Bhaban,2200,3,3,2,1,1,8,9,160000,10000,2020,"Road: 41, Gulshan,Dhaka 1212",NA,NA,Furnished Apartment,Furnished,Residential,"""16 """,L.P.G,YES,SOUTH,YES,YES,YES
Conco Kabir ToWESTr 5A,3500,3,3,3,2,2,5,11,350000,25000,2020,"Road: 100, Gulshan,Dhaka 1212",Swimming Pool,NA,Furnished Apartment,Furnished,Residential,"""24  """,L.P.G,YES,SOUTH,YES,YES,YES
BTI e Shangrila,3000,3,4,2,1,1,9,10,210000,12500,2017,"Road: 113, Gulshan,Dhaka 1212","GYM,Swimming Pool",NA,Furnished Apartment,Furnished,Residential,"""16 """,L.P.G,YES,WEST,YES,YES,YES
Bay Lakewood,3400,3,3,3,2,2,4,11,320000,25000,2022,"Road: 57, Gulshan,Dhaka 1212",NA,NA,Furnished Apartment,Furnished,Residential,"""16 """,L.P.G,YES,WEST,YES,YES,YES
ANZ Park Shore,2800,4,4,3,1,2,5,11,200000,14000,2011,"Road: 39, Gulshan,Dhaka 1212",GYM,NA,Furnished Apartment,Furnished,Residential,"""16 """,L.P.G,YES,SOUTH,YES,YES,YES
Alamin Spleour Fair,2700,4,4,3,2,2,12,13,180000,15000,2012,"Road: 104, Gulshan,Dhaka 1212","GYM,Swimming Pool",NA,Furnished Apartment,Furnished,Residential,"""16 """,L.P.G,YES,SOUTH,YES,YES,YES
AZ AN,2600,4,4,4,1,1,4,13,270000,0,2022,"Road: 32, Gulshan,Dhaka 1212",NA,NA,Furnished Apartment,Furnished,Residential,"""24 """,L.P.G,YES,EAST,YES,YES,YES
R M Center,6700,Open Space,Open Space,Open Space,2,2,5,7,871000,"67,000",2000,"Road: Gulshan Avenue, Gulshan,Dhaka 1212","""24 hours CC TV coverage,Automatic Fire alarm syem""",YES,Office Space,"Un-Furnished, Open floor",Commercial,"""50 """,NA,NA,WEST,YES,NA,NA
MMK Aakash Avenue 13A,3372,Open Space,Open Space,Open Space,1,2,13,18,573240,"50,580",2022,"Road: Gulshan Avenue, Gulshan,Dhaka 1212","""24 hours CC TV coverage,Automatic Fire alarm syem""",YES,Office Space,"Un-Furnished, Open floor",Commercial,"""50 """,NA,NA,NORTH,YES,NA,NA
Ventura Avenue,4000,Open Space,Open Space,Open Space,2,2,3,6,660000,"72,000",2010,"Road: Gulshan Avenue, Gulshan,Dhaka 1212","""24 hours CC TV coverage,Automatic Fire alarm syem""",YES,Office Space,"Un-Furnished, Open floor",Commercial,"""50 """,NA,NA,EAST,YES,NA,NA
Suvau Imam Square,7000,Open Space,Open Space,Open Space,2,1,8,9,910000,"70,000",2018,"Road: Gulshan Avenue, Gulshan,Dhaka 1212","""24 hours CC TV coverage,Automatic Fire alarm syem""",YES,Office Space,Furnished,Commercial,"""50 """,NA,NA,NORTH,YES,NA,NA
Taher Mension,4000,Open Space,Open Space,Open Space,NA,1,5,8,440000,"40,000",2000,"Road: Gulshan Avenue, Gulshan,Dhaka 1212","""24 hours CC TV coverage,Automatic Fire alarm syem""",YES,Office Space,"Un-Furnished, Open floor",Commercial,"""50 """,NA,NA,NORTH,YES,NA,NA
Laila ToWESTr 7A,3000,Open Space,Open Space,Open Space,1,3,7,14,600000,"60,000",2012,"Road: Gulshan Avenue, Gulshan,Dhaka 1212","""24 hours CC TV coverage,Automatic Fire alarm syem""",YES,Office Space,"Un-Furnished, Open floor",Commercial,"""50 """,NA,NA,NORTH,YES,NA,NA
Khaokar ToWESTr 10A,14000,Open Space,Open Space,Open Space,2,3,10,15,2240000,"210,000",2018,"Road: Gulshan Avenue, Gulshan,Dhaka 1212","""24 hours CC TV coverage,Automatic Fire alarm syem""",YES,Office Space,"Un-Furnished, Open floor",Commercial,"""50 """,NA,NA,EAST,NA,NA,NA
MCC CDL 4A,8200,Open Space,Open Space,Open Space,4,3,4,8,1312000,"147,600",2010,"Road: Gulshan Avenue, Gulshan,Dhaka 1212","""24 hours CC TV coverage,Automatic Fire alarm syem""",YES,Office Space,"Un-Furnished, Open floor",Commercial,"""50 """,NA,NA,WEST,YES,NA,NA
FiNAnce Square,3950,Open Space,Open Space,Open Space,2,2,16,20,987500,"98,750",2017,"Road: 102, Gulshan,Dhaka 1212","""24 hours CC TV coverage,Automatic Fire alarm syem""",YES,Office Space,"Un-Furnished, Open floor",Commercial,30,NA,NA,SOUTH,NA,NA,NA
HosNA Centre,2084,Open Space,Open Space,Open Space,2,2,5,7,281340,"14,588",2017,"Road: Gulshan Avenue, Gulshan,Dhaka 1212","""24 hours CC TV coverage,Automatic Fire alarm syem""",YES,Office Space,"Un-Furnished, Open floor",Commercial,"""50 """,NA,NA,NORTH,YES,NA,NA
Jahed Plaza,9500,Open Space,Open Space,Open Space,NA,3,9,16,950000,"95,000",2010,"Road: Gulshan 2 Circle, Gulshan,Dhaka 1212","""24 hours CC TV coverage,Automatic Fire alarm syem""",YES,Office Space,"Un-Furnished, Open floor",Commercial,"""50 """,NA,NA,WEST,NA,NA,NA
Gulshan Center Point,14000,Open Space,Open Space,Open Space,11,6,19,26,2590000,"350,000",2021,"Road: Gulshan 2 Circle, Gulshan,Dhaka 1212","""24 hours CC TV coverage,Automatic Fire alarm syem,GYM,Swimming Pool""",YES,Office Space,"Un-Furnished, Open floor",Commercial,24,NA,NA,NORTH,NA,NA,NA
ar Centre,2300,Open Space,Open Space,Open Space,1,1,5,6,230000,"20,000",2000,"Road: Gulshan Avenue, Gulshan,Dhaka 1212","""24 hours CC TV coverage,Automatic Fire alarm syem""",YES,Office Space,"Un-Furnished, Open floor",Commercial,"""50 """,NA,NA,WEST,YES,NA,NA
Belvia,9000,Open Space,Open Space,Open Space,4,2,6,8,1440000,"90,000",2010,"Road: Gulshan Avenue, Gulshan,Dhaka 1212","""24 hours CC TV coverage,Automatic Fire alarm syem""",YES,Office Space,"Un-Furnished, Open floor",Commercial,"""50 """,NA,NA,EAST,YES,NA,NA
Cryal Palace 12A,5600,Open Space,Open Space,Open Space,2,3,12,15,840000,"84,000",2019,"Road: Gulshan Avenue, Gulshan,Dhaka 1212","""24 hours CC TV coverage,Automatic Fire alarm syem""",YES,Office Space,"Un-Furnished, Open floor",Commercial,"""50 """,NA,NA,SOUTH,YES,NA,NA
Amanullah Trade Centre,3700,Open Space,Open Space,Open Space,2,2,9,16,555000,"37,000",2022,"Gulshan Avenue,Dhaka 1212",NA,NA,Office Space,"Un-Furnished, Open floor",Commercial,"""50 """,NA,NA,WEST,YES,NA,NA
Lotus Kamal ToWESTr,6067,Open Space,Open Space,Open Space,2,3,13,14,849380,0,2018,"Road: Gulshan Avenue, Gulshan,Dhaka 1212","""24 hours CC TV coverage,Automatic Fire alarm syem""",YES,Office Space,"Un-Furnished, Open floor",Commercial,"""50 """,NA,NA,NORTH,NA,NA,NA
Rahman Galleria 9A,2965,Open Space,Open Space,Open Space,1,2,9,11,415100,"29,650",2022,"Road: Gulshan Avenue, Gulshan,Dhaka 1212","""24 hours CC TV coverage,Automatic Fire alarm syem""",YES,Office Space,"Un-Furnished, Open floor",Commercial,"""50 """,NA,NA,NORTH,YES,NA,NA
Simpletree ANORTHkoli,4088,Open Space,Open Space,Open Space,2,3,0,14,2125760,"81,760",2017,"Road: Gulshan Avenue, Gulshan,Dhaka 1212","""24 hours CC TV coverage,Automatic Fire alarm syem""",YES,Office Space,"Un-Furnished, Open floor",Commercial,"""50 """,NA,NA,NORTH,YES,NA,NA
Hamid ToWESTr,3600,Open Space,Open Space,Open Space,NA,2,5,15,550000,"43,200",2006,"Road: Gulshan 2 Circle, Gulshan Avenue,Dhaka 1212","""24 hours CC TV coverage,Automatic Fire alarm syem""",YES,Office Space,"Un-Furnished, Open floor",Commercial,"""50 """,NA,NA,EAST,YES,NA,NA
Suvau Muskan ToWESTr,1174,Open Space,Open Space,Open Space,1,3,0,24,704400,"17,610",2022,"Road: Gulshan Avenue,Dhaka 1212","""24 hours CC TV coverage,Automatic Fire alarm syem""",YES,Office Space,"Un-Furnished, Open floor",Commercial,"""50 """,NA,NA,EAST,YES,NA,NA
Shezad Palace,5500,Open Space,Open Space,Open Space,2,2,7,11,660000,"55,000",2015,"Gulshan Avenue,Dhaka 1212","""24 hours security service""",NA,Office Space,"Un-Furnished, Open floor",Commercial,"""50 """,NA,NA,WEST,YES,NA,NA
Giasuddin ToWESTr,6000,Open Space,Open Space,Open Space,1,2,6,10,600000,"60,000",2022,"Gulshan Avenue,Dhaka 1212","""24 hours security service""",NA,Office Space,"Un-Furnished, Open floor",Commercial,"""50 """,NA,NA,SOUTH,YES,NA,NA
Rangs FC Square,5671,Open Space,Open Space,Open Space,3,3,6,16,1077490,"102,078",2017,"Gulshan Avenue,Dhaka 1212",NA,NA,Office Space,"Un-Furnished, Open floor",Commercial,"""50 """,NA,NA,EAST,YES,NA,NA
Shanta Zephyr,3500,3,3,3,2,2,13,16,320000,0,2025,"Road: 105, Gulshan,Dhaka 1212","GYM,Swimming Pool",NA,Residential Apartment,Un-Furnished,Residential,35,L.P.G,YES,SOUTH,YES,YES,YES
Arcadia,2800,4,4,3,1,1,8,9,110000,12000,2010,"Road: 14/A, Gulshan,Dhaka 1212",NA,NA,Residential Apartment,Un-Furnished,Residential,"""24 """,GOVT,YES,SOUTH,YES,YES,YES
Simple Tree NAzma,2500,3,4,2,1,1,4,8,150000,15000,2023,"Road: 17/A, Gulshan,Dhaka 1212",NA,NA,Residential Apartment,Un-Furnished,Residential,"""24 """,L.P.G,YES,NORTH,YES,YES,YES
Conco Lake Breeze,4000,4,4,2,2,1,1,6,180000,0,2007,"Road: 106, Gulshan,Dhaka 1212",NA,NA,Residential Apartment,Un-Furnished,Residential,"""24 """,GOVT,YES,NORTH,YES,YES,YES
Sky Touch Amir's DrEASTm A4,2600,4,4,3,1,2,4,14,180000,12000,2023,"Road: 106, Gulshan,Dhaka 1212",NA,NA,Residential Apartment,Un-Furnished,Residential,"""24 """,L.P.G,YES,WEST,YES,YES,YES
Suvau Setara 2B,2900,4,4,3,2,2,2,10,150000,16000,2010,"Road: 77, Gulshan,Dhaka 1212",NA,NA,Residential Apartment,Un-Furnished,Residential,"""24 """,GOVT,YES,EAST,YES,YES,YES
Sharif Oak Dale,3400,4,4,3,2,2,4,12,230000,15000,2012,"Road: 97,Gulshan,Dhaka 1212",NA,NA,Residential Apartment,Un-Furnished,Residential,"""24 """,GOVT,YES,EAST,YES,YES,YES
Mourani Bau,3050,4,4,2,2,2,2,6,200000,15000,2009,"Road: 68, Gulshan,Dhaka 1212",NA,NA,Residential Apartment,Semi Furnished,Residential,"""24 """,GOVT,YES,SOUTH,YES,YES,YES
Shanta Zen 13A,3000,3,4,3,1,2,13,15,250000,0,2025,"Road: 135, Gulshan,Dhaka 1212","GYM,Swimming Pool",NA,Residential Apartment,Un-Furnished,Residential,"""20 """,L.P.G,YES,SOUTH,YES,YES,YES
Shanta Aura 2D,3350,3,4,3,2,4,2,28,350000,0,2025,"Road: 84, Gulshan,Dhaka 1212",Swimming Pool,NA,Residential Apartment,Un-Furnished,Residential,30,L.P.G,YES,NORTH-SOUTH,YES,YES,YES
"InNORTH Metropolis 16A , 17A",6000,5,8,6,4,3,"16, 17",18,650000,50000,2024,"Road: 94, Gulshan,Dhaka 1212","GYM,Swimming Pool",NA,Residential Apartment,Semi Furnished,Residential,30,L.P.G,YES,NORTH,YES,YES,YES
Max Adn,4591,4,5,3,2,2,8,9,350000,30000,2025,"Road: 88, Gulshan,Dhaka 1212",NA,NA,Residential Apartment,Un-Furnished,Residential,30,L.P.G,YES,WEST,YES,YES,YES
Bengal House,4800,4,5,4,2,1,5,8,450000,0,2025,"Road: 116, Gulshan,Dhaka 1212",NA,NA,Residential Apartment,Semi Furnished,Residential,30,L.P.G,YES,EAST,YES,YES,YES
AmeNA Terraces 7A,4500,4,5,3,2,2,7,13,550000,0,2025,"Road: 66, Gulshan,Dhaka 1212",Swimming Pool,NA,Residential Apartment,Semi Furnished,Residential,30,L.P.G,YES,SOUTH,YES,YES,YES
Proshad Bilash,2500,3,3,2,1,1,1,6,90000,0,2000,"Road: 57, Gulshan,Dhaka 1212",Swimming Pool,NA,Residential Apartment,Un-Furnished,Residential,"""24 """,GOVT,YES,WEST,YES,YES,YES
InNORTH Icon Residence,4330,4,4,3,2,2,4,11,350000,0,2025,"Road: 46, Gulshan,Dhaka 1212",Swimming Pool,NA,Residential Apartment,Semi Furnished,Residential,50,L.P.G,YES,WEST,YES,YES,YES
Anwar La Mark,2250,3,3,2,1,3,5,13,220000,15000,2015,"Road: 85, Gulshan,Dhaka 1212","GYM,Swimming Pool",NA,Residential Apartment,Semi Furnished,Residential,"""24 """,GOVT,YES,EAST,YES,YES,YES
Lake PEASTce,2000,3,3,2,1,2,9,10,160000,10000,2010,"Road: 116, Gulshan,Dhaka 1212",NA,NA,Residential Apartment,Semi Furnished,Residential,"""24 """,GOVT,YES,WEST,YES,YES,YES
NAvaNA Shatadal LEASTf,4200,4,4,3,2,2,3,11,210000,0,2015,"Road: 35, Gulshan,Dhaka 1212",NA,NA,Residential Apartment,Un-Furnished,Residential,"""24 """,GOVT,YES,SOUTH,YES,YES,YES
Apon Arham,2890,3,3,3,2,2,11,14,200000,0,2024,"Road: 109, Gulshan,Dhaka 1212",24 hours security service,NA,Residential Apartment,Un-Furnished,Residential,25,L.P.G,YES,SOUTH,YES,YES,YES
SOUTH Breeze Ripple 2A,3660,4,4,3,2,3,2,7,250000,0,2025,"Road: 48, Gulshan,Dhaka 1212",Swimming Pool,NA,Residential Apartment,Un-Furnished,Residential,"""24 """,L.P.G,YES,WEST,YES,YES,YES
Ville De Shezan,4412,4,5,3,2,1,3,6,350000,30000,2010,"Road: 64, Gulshan,Dhaka 1212",24 hours security service,NA,Residential Apartment,Un-Furnished,Residential,"""24 """,GOVT,YES,NORTH,YES,YES,YES
ikaNA,3000,4,4,3,2,2,7,11,150000,20000,2012,"Road: 136, Gulshan,Dhaka 1212",NA,NA,Residential Apartment,Un-Furnished,Residential,"""24 """,GOVT,YES,WEST,YES,YES,YES
ABC NAkshtra,4000,4,4,3,2,2,10,13,400000,35000,2025,"Road: 66, Gulshan,Dhaka 1212","Swimming Pool,24 hours security service",NA,Residential Apartment,Semi Furnished,Residential,30,L.P.G,YES,WEST,YES,YES,YES
Ventura ar,3500,4,4,3,2,2,8,13,420000,0,2025,"Road: 65A, Gulshan,Dhaka 1212",NA,NA,Residential Apartment,Semi Furnished,Residential,30,L.P.G,YES,EAST,YES,YES,YES
AmeNA Terraces,4500,3,4,3,2,2,3,13,500000,0,2025,"Road: 66, Gulshan,Dhaka 1212",Swimming Pool,NA,Residential Apartment,Semi-Furnished,Residential,"""24 """,L.P.G,YES,SOUTH,YES,YES,YES
JahaNORTHa DyNAy 13B,3715,4,4,4,2,2,13,14,300000,15000,2020,"Road: 105, Gulshan,Dhaka 1212",GYM,NA,Residential Apartment,Un-Furnished,Residential,"""24 """,L.P.G,YES,NORTH,YES,YES,YES
NAvaNA Casa Grae,4600,4,5,4,2,2,6,11,300000,20000,2015,"Road: 75, Gulshan,Dhaka 1212",NA,NA,Residential Apartment,Un-Furnished,Residential,"""24 """,GOVT,YES,WEST,YES,YES,YES
JahaNORTHa DyNAy,3715,4,4,4,2,2,6,14,260000,15000,2012,"Road: 105, Gulshan,Dhaka 1212",GYM,NA,Residential Apartment,Un-Furnished,Residential,"""24 """,L.P.G,YES,NORTH,YES,YES,YES
Sky Touch Amir's DrEASTm A7,2600,4,4,4,1,2,7,14,140000,10000,2023,"Road: 110, Gulshan,Dhaka 1212",NA,NA,Residential Apartment,Un-Furnished,Residential,"""24 """,L.P.G,YES,WEST,YES,YES,YES
Empori Rahman 12B,4900,4,5,3,2,2,12,14,300000,20000,2024,"Road: 33, Gulshan,Dhaka 1212",GYM,NA,Residential Apartment,Semi Furnished,Residential,"""24 """,L.P.G,YES,WEST,YES,YES,YES
Shanta Luxe 6A,4000,4,5,3,2,2,6,7,370000,30000,2024,"Road: 54, Gulshan,Dhaka 1212","GYM,Swimming Pool,24 hours security service",NA,Residential Apartment,Un-Furnished,Residential,"""24 """,L.P.G,YES,WEST,YES,YES,YES
Conco Songsaptak udio Apartment,2900,1,2,1,2,2,9,10,170000,20000,2025,"Road: 21, Gulshan,Dhaka 1212","GYM,Swimming Pool",NA,Residential Apartment,Un-Furnished,Residential,"""24 """,L.P.G,YES,SOUTH,YES,YES,YES
Empori Rahman 6B,4900,4,4,3,2,2,6,7,250000,20000,2024,"Road: 22, Gulshan,Dhaka 1212",24 hours security service,NA,Residential Apartment,Un-Furnished,Residential,"""24 """,L.P.G,YES,EAST,YES,YES,YES
Basic Zubair Mansion,3500,4,4,3,2,NA,4,10,320000,30000,2025,"Road: 43, Gulshan,Dhaka 1212",24 hours security service,NA,Residential Apartment,Un-Furnished,Residential,"""24 """,L.P.G,YES,NORTH,YES,YES,YES
Empori Rahman 4A,5100,4,4,3,2,2,4,7,250000,25000,2024,"Road: 31, Gulshan,Dhaka 1212",24 hours security service,NA,Residential Apartment,Un-Furnished,Residential,"""24 """,L.P.G,YES,EAST,YES,YES,YES
Bra New Apartment 2B,4591,4,5,4,2,2,2,7,300000,25000,2025,"Road: 87, Gulshan,Dhaka 1212","GYM,Swimming Pool",NA,Residential Apartment,Un-Furnished,Residential,"""24 """,L.P.G,YES,EAST,YES,YES,YES
Progress KohiNAor 4B,3500,4,4,3,1,2,3,11,180000,10000,2020,"Road:09, Gulshan,Dhaka 1212",NA,NA,Residential Apartment,Un-Furnished,Residential,"""24 """,L.P.G,YES,WEST,YES,YES,YES
Refections Assha,2400,3,3,2,1,2,3,9,120000,10000,2013,"Road:11, Gulshan,Dhaka 1212",24 hours security service,NA,Residential Apartment,Un-Furnished,Residential,"""24 """,GOVT,YES,WEST,YES,YES,YES
Bti e Classique A4,2600,3,3,3,1,2,4,11,140000,10000,2010,"Road: 94, Gulshan,Dhaka 1212",NA,NA,Residential Apartment,Un-Furnished,Residential,"""24 """,GOVT,YES,EAST,YES,YES,YES
Shanta MagNAlia,3655,3,4,3,2,2,3,11,250000,25000,2025,"Road: 130, Gulshan,Dhaka 1212",NA,NA,Residential Apartment,Un-Furnished,Residential,"""24 """,L.P.G,YES,SOUTH,YES,YES,YES
Rangs Make Residence,4000,4,5,3,2,2,5,6,330000,0,2015,"Road: 83, Gulshan,Dhaka 1212",24 hours security service,NA,Residential Apartment,Un-Furnished,Residential,"""24 """,L.P.G,YES,WEST,YES,YES,YES
AL Kawsar,2200,3,3,2,1,2,8,10,180000,10000,2012,"Road: 34, Gulshan,Dhaka 1212",NA,NA,Residential Apartment,Semi Furnished,Residential,"""24 """,L.P.G,YES,NORTH,YES,YES,YES
Bra New Apartment 2A,2240,3,3,3,1,1,2,11,150000,20000,2024,"Road: 68, Gulshan,Dhaka 1212",NA,NA,Residential Apartment,Un-Furnished,Residential,"""24 """,L.P.G,YES,EAST,YES,YES,YES
Lake Palace,2800,3,3,2,1,1,4,6,140000,10000,2008,"Road: 105, Gulshan,Dhaka 1212",NA,NA,Residential Apartment,Semi Furnished,Residential,"""24 """,GOVT,YES,NORTH,YES,YES,YES
Assign DrEASTm HEASTven,3000,4,4,3,2,2,3,10,230000,20000,2015,"Road: 55, Gulshan,Dhaka 1212",NA,NA,Residential Apartment,Un-Furnished,Residential,"""24 """,L.P.G,YES,NORTH,YES,YES,YES
Asset Delmonte,3000,4,4,3,1,1,2,6,100000,10000,2005,"Road: 85, Gulshan,Dhaka 1212",NA,NA,Residential Apartment,Un-Furnished,Residential,"""16 """,GOVT,YES,SOUTH,YES,YES,YES
Advanced Park Avilya,2000,3,4,2,1,1,5,6,140000,7500,2003,"Road: 87, Gulshan,Dhaka 1212",NA,NA,Residential Apartment,Semi Furnished,Residential,"""24 """,GOVT,YES,NORTH,YES,YES,YES
Assurance Cale Hill B3,2300,3,3,2,1,2,3,8,120000,10000,2010,"Road: 126, Gulshan,Dhaka 1212",NA,NA,Residential Apartment,Un-Furnished,Residential,"""24 """,GOVT,YES,WEST,YES,YES,YES
ANZ Fatemaziz B5,4200,4,4,3,2,2,5,13,280000,20000,2018,"Road: 52, Gulshan,Dhaka 1212",NA,NA,Residential Apartment,Furnished,Commercial,"""24 """,L.P.G,YES,WEST,YES,YES,YES
NAvaNA,6000,5,5,4,4,2,6,8,500000,35000,2023,"Road: 75, Gulshan,Dhaka 1212","Swimming Pool,24 hours security service",NA,Residential Apartment,Un-Furnished,Residential,"""24 """,L.P.G,YES,SOUTH,YES,YES,YES
Simpletree Khalif MaNORTH,3450,3,4,4,2,2,4,7,250000,22500,2023,"Road: 41, Gulshan,Dhaka 1212","GYM,Swimming Pool,24 hours security service",NA,Residential Apartment,Un-Furnished,Residential,"""24 """,L.P.G,YES,EAST,YES,YES,YES
Sharaqa SigNAture 8A,3600,4,5,3,2,2,8,13,270000,15000,2024,"Road: 113, Gulshan,Dhaka 1212",NA,NA,Residential Apartment,Un-Furnished,Residential,"""24 """,L.P.G,YES,WEST,YES,YES,YES
Shamsul Alamin REASTl EASTte Angur,1900,3,3,2,1,2,9,13,110000,10000,2024,"Road: 03, Gulshan,Dhaka 1212",NA,NA,Residential Apartment,Un-Furnished,Residential,"""24 """,L.P.G,YES,WEST,YES,YES,YES
Gemcon Nilachol A5,2450,3,4,4,1,2,5,7,140000,15000,2024,"Road: 36, Gulshan,Dhaka 1212",NA,NA,Residential Apartment,Un-Furnished,Residential,"""24 """,L.P.G,YES,EAST,YES,YES,YES
Chaya Bii,4200,4,5,4,2,2,6,9,300000,20000,2015,"Road: 28, Gulshan,Dhaka 1212",24 hours security service,NA,Residential Apartment,Semi Furnished,Residential,"""24 """,L.P.G,YES,WEST,YES,YES,YES
Prima Vera,3750,4,4,3,1,2,3,6,250000,15000,2009,"Road: 64, Gulshan,Dhaka 1212",24 hours security service,NA,Residential Apartment,Semi Furnished,Residential,"""24 """,L.P.G,YES,EAST,YES,YES,YES
Shanta e Laing 8B,3500,4,4,4,2,2,8,12,270000,20000,2018,"Road: 113, Gulshan,Dhaka 1212","GYM,24 hours security service",NA,Residential Apartment,Semi Furnished,Residential,"""24 """,L.P.G,YES,SOUTH,YES,YES,YES
Edison Anika Heights,4200,4,5,4,2,2,5,14,450000,40000,2024,"Road: Gulshan NORTH Avenue,Dhaka 1212",NA,NA,Residential Apartment,Un-Furnished,Residential,"""24 """,L.P.G,YES,EAST,YES,YES,YES
Bay Villa Laila 7B,3000,4,4,3,2,2,7,11,160000,20000,2017,"Road: 43, Gulshan,Dhaka 1212",24 hours security service,NA,Residential Apartment,Un-Furnished,Residential,"""24 """,L.P.G,YES,NORTH,YES,YES,YES
Kunjo Bii 7A,4500,4,5,4,2,2,7,11,300000,20000,2024,"Road: 26, Gulshan,Dhaka 1212",NA,NA,Residential Apartment,Un-Furnished,Residential,"""24 """,L.P.G,YES,EAST,YES,YES,YES
"RahaNA , Juliya",3800,4,4,3,2,2,5,11,250000,20000,2024,"Road: 23, Gulshan,Dhaka 1212",24 hours security service,NA,Residential Apartment,Un-Furnished,Residential,"""24 """,L.P.G,YES,EAST,YES,YES,YES
InNORTH View Five,3956,4,4,4,2,3,4,8,200000,20000,2019,"Road: 03, Gulshan,Dhaka 1212","GYM,Swimming Pool,24 hours security service",NA,Residential Apartment,Un-Furnished,Residential,"""24 """,L.P.G,YES,SOUTH,YES,YES,YES
Royale Salika 4A,2300,3,3,2,1,1,4,6,130000,10000,2010,"Road: 62, Gulshan,Dhaka 1212",NA,NA,Residential Apartment,Semi Furnished,Residential,"""24 """,L.P.G,YES,NORTH,YES,YES,YES
Suvau Setara,3000,4,4,3,1,2,9,10,210000,15000,2013,"Road: 81, Gulshan,Dhaka 1212",NA,NA,Residential Apartment,Semi Furnished,Residential,"""24 """,L.P.G,YES,WEST,YES,YES,YES
Assurance CaroliNA,4000,5,5,4,2,1,5,11,150000,15000,2010,"Road: 78, Gulshan,Dhaka 1212",NA,NA,Residential Apartment,Semi-Furnished,Residential,"""16 """,L.P.G,YES,WEST,YES,YES,YES
Conco Mayfair,3600,4,5,3,2,2,2,6,220000,20000,2000,"Road: 81, Gulshan,Dhaka 1212",NA,NA,Residential Apartment,Un-Furnished,Residential,"""24 """,GOVT,YES,EAST,YES,YES,YES
Unity,4400,5,5,4,2,1,3,6,275000,25000,2010,"Road: 57, Gulshan,Dhaka 1212",24 hours security service,NA,Residential Apartment,Semi Furnished,Residential,"""24 """,GOVT,YES,NORTH,YES,YES,YES
Kunjosree,3200,4,5,3,2,1,5,6,160000,13000,2012,"Road: 117, Gulshan,Dhaka 1212",24 hours security service,NA,Residential Apartment,Semi Furnished,Residential,"""24 """,L.P.G,YES,NORTH,YES,YES,YES
Ventura Rosabella,2100,3,3,3,1,2,8,10,110000,7000,2017,"Road: 3, Gulshan,Dhaka 1212",NA,NA,Residential Apartment,Un-Furnished,Residential,"""24 """,L.P.G,YES,WEST,YES,YES,YES
Green Valley,2600,3,4,4,1,1,3,6,120000,8000,2007,"Road: 35, Gulshan,Dhaka 1212",24 hours security service,NA,Residential Apartment,Semi Furnished,Residential,"""24 """,GOVT,YES,WEST,YES,YES,YES
Conco Badal Heights,3500,4,4,3,2,2,1,14,280000,20000,2015,"Road: 59, Gulshan,Dhaka 1212",24 hours security service,NA,Residential Apartment,Semi Furnished,Residential,"""24 """,L.P.G,YES,SOUTH,YES,YES,YES
Nirman Siraqo,4500,4,5,4,2,2,8,8,275000,35000,2024,"Road: 97, Gulshan,Dhaka 1212",24 hours security service,NA,Residential Apartment,Semi Furnished,Residential,"""24 """,L.P.G,YES,EAST,YES,YES,YES
Amicus Mansion De Mansoor,3000,4,4,4,1,2,7,10,130000,12000,2015,"Road: 7, Gulshan,Dhaka 1212",NA,NA,Residential Apartment,Un-Furnished,Residential,"""24 """,L.P.G,YES,WEST,YES,YES,YES
Conco Hope,3500,3,4,3,1,1,4,6,120000,13000,2006,"Road: 123, Gulshan,Dhaka 1212",24 hours security service,NA,Residential Apartment,Semi Furnished,Residential,"""16 """,GOVT,YES,SOUTH,YES,YES,YES
Mir AR Rahman 4A,4000,3,4,3,2,2,4,13,250000,20000,2023,"Road: 30, Gulshan,Dhaka 1212",GYM,NA,Residential Apartment,Un-Furnished,Residential,"""24 """,L.P.G,YES,SOUTH,YES,YES,YES
Asset Montrose Residence,3650,4,4,3,2,2,2,11,300000,20000,2024,"Road: 74, Gulshan,Dhaka 1212",Swimming Pool,NA,Residential Apartment,Un-Furnished,Residential,"""24 """,L.P.G,YES,NORTH,YES,YES,YES
Milan Dom InNA Flor Blanca A4,2700,3,4,3,1,1,4,6,110000,12000,2015,"Road: 124, Gulshan,Dhaka 1212",NA,NA,Residential Apartment,Un-Furnished,Residential,"""16 """,L.P.G,YES,NORTH,YES,YES,YES
e Latifs,5400,4,4,4,2,2,9,10,320000,20000,2018,"Road: 79, Gulshan,Dhaka 1212",24 hours security service,NA,Residential Apartment,Semi Furnished,Residential,"""24 """,L.P.G,YES,SOUTH,YES,YES,YES
Shanta e Regal,6500,4,4,4,2,2,2,13,700000,50000,2022,"Road: 84, Gulshan,Dhaka 1212","GYM, Swimming Pool",NA,Luxury Apartment,Un-Furnished,Residential,"""24 """,L.P.G,YES,EAST,YES,YES,YES
Rangs SABRA,4200,4,4,4,2,2,6,11,350000,40000,2023,"Road: 136, Gulshan,Dhaka 1212",NA,NA,Residential Apartment / Luxury Apartment,Furnished,Residential,"""24 """,L.P.G,YES,EAST,YES,YES,YES
Shanta e Laing,3741,3,4,3,2,2,7,13,200000,15000,2020,"Road: 138, Gulshan,Dhaka 1212",GYM,NA,Luxury Apartment,Un-Furnished,Residential,"""24 """,L.P.G,YES,WEST,YES,YES,YES
Charulata,2600,3,3,3,1,1,4,6,190000,12000,2018,"Road: Park Road,Baridhara Diplomatic Zone,Dhaka ",NA,NA,Furnished Apartment,Furnished,Residential,"""24 """,L.P.G,YES,NORTH,YES,YES,YES
Borak Park Valley,3500,3,3,3,2,2,4,11,300000,25000,2021,"Road: Park Road,Baridhara Diplomatic Zone,Dhaka ","GYM, Swimming Pool",NA,Luxury Apartment,Furnished,Residential,"""24 """,L.P.G,YES,SOUTH,YES,YES,YES
Laila Bhaban,2200,3,3,2,1,1,8,9,160000,10000,2020,"Road: 41, Gulshan,Dhaka 1212",NA,NA,Luxury Apartment,Furnished Apartment,Residential,16,L.P.G,YES,SOUTH,YES,YES,YES
Villa York,1800,3,3,2,1,1,5,7,110000,9000,2005,"Road: 3, Gulshan,Dhaka 1212",NA,NA,Residential Apartment,Un-Furnished,Residential,16,GOVT,YES,SOUTH,YES,YES,YES
Kunjo Bii,4000,4,4,7,1,2,3,10,250000,20000,2023,"Road: 25, Gulshan,Dhaka 1212",NA,NA,Residential Apartment,Un-Furnished,Residential,"""24 """,L.P.G,YES,EAST,YES,YES,YES
Urban AmaNA,2100,3,3,2,1,2,5,10,120000,10500,2022,"Road: 30, Gulshan,Dhaka 1212",NA,NA,Residential Apartment,Un-Furnished,Residential,16,L.P.G,YES,SOUTH,YES,YES,YES
Urban Prime,2100,3,3,3,2,2,5,11,130000,10500,2022,"Road: 30, Gulshan,Dhaka 1212",NA,NA,Residential Apartment,Un-Furnished,Residential,16,L.P.G,YES,NORTH,YES,YES,YES
Sky Touch Apartment Ltd,2600,4,4,4,2,2,6,14,140000,12000,2023,"Gulshan,Dhaka 1212",24 hours security service,NA,Residential Apartment,UnFurnished,Residential,"""24 """,L.P.G,YES,NORTH,YES,YES,YES
Shanta Lumiere,5200,3,4,4,2,3,3,9,500000,30000,2013,"Road: 57, Gulshan,Dhaka 1212","GYM,Swimming Pool",NA,Residential Apartment,Semi Furnished,Residential,24,NA,NA,NORTH,YES,YES,YES
Conco Mozammel Villa,3000,3,3,2,1,2,3,9,180000,12000,2019,"Road: 155, Gulshan,Dhaka 1212",Swimming Pool,NA,Residential Apartment,Semi Furnished,Residential,"""24 """,L.P.G,YES,EAST,YES,YES,YES
EASTern OversEASTs,1350,Open Space,Open Space,Open Space,NA,2,7,11,170000,13500,2010,"Road: 115, Gulshan,Dhaka 1212","24 hours CC TV coverage ,Automatic Fire alarm syem",YES,Furnished Apartment,Semi Furnished,Commercial,20,NA,NA,SOUTH,NA,NA,NA
Rahmania Amicus,1500,3,3,2,1,1,1,11,60000,8000,2007,"Road: 137, Gulshan,Dhaka 1212",NA,NA,Furnished Apartment / Residential Apartment,Furnished,Residential,16,GOVT,YES,NORTH,YES,YES,YES